Date,S&P Comp. P,Dividend D,Earnings E,Price Index CPI,Date Fraction,Long Interest Rate GS10,Real Price,Real Dividend,Total Return Price,Real Earnings,TR Scaled Earnings,Ratio P/E10 or CAPE,Ratio TR P/E10 or TR CAPE,Excess CAPE Yield,Total Bond Returns,Total Bond Returns,10 Year Annualized Stock Real Return,10 Year Annualized Bonds Real Return,Real 10 Year Excess Annualized Returns
1871.01,4.44,0.26,0.40,12.46,1871.04,5.32,118.55,6.94,  118.55 ,10.68,  10.68 ,NA,NA,,1.00,1.00,13.06%,9.25%,3.81%
1871.02,4.50,0.26,0.40,12.84,1871.13,5.32,116.59,6.74,  117.15 ,10.36,  10.41 ,NA,NA,,1.00,0.97,13.09%,9.46%,3.62%
1871.03,4.61,0.26,0.40,13.03,1871.21,5.33,117.69,6.64,  118.82 ,10.21,  10.31 ,NA,NA,,1.00,0.96,13.10%,9.62%,3.48%
1871.04,4.74,0.26,0.40,12.56,1871.29,5.33,125.60,6.89,  127.37 ,10.60,  10.75 ,NA,NA,,1.00,1.00,12.21%,9.10%,3.11%
1871.05,4.86,0.26,0.40,12.27,1871.38,5.33,131.77,7.05,  134.23 ,10.85,  11.05 ,NA,NA,,1.00,1.03,12.26%,8.95%,3.31%
1871.06,4.82,0.26,0.40,12.08,1871.46,5.34,132.74,7.16,  135.83 ,11.02,  11.27 ,NA,NA,,1.00,1.05,12.31%,8.77%,3.54%
1871.07,4.73,0.26,0.40,12.08,1871.54,5.34,130.27,7.16,  133.91 ,11.02,  11.32 ,NA,NA,,1.00,1.06,12.00%,8.66%,3.34%
1871.08,4.79,0.26,0.40,11.89,1871.63,5.34,134.03,7.28,  138.40 ,11.19,  11.56 ,NA,NA,,1.00,1.08,11.19%,8.27%,2.93%
1871.09,4.84,0.26,0.40,12.18,1871.71,5.35,132.25,7.10,  137.18 ,10.93,  11.34 ,NA,NA,,1.00,1.06,11.00%,8.10%,2.90%
1871.1,4.59,0.26,0.40,12.37,1871.79,5.35,123.49,7.00,  128.69 ,10.76,  11.22 ,NA,NA,,1.00,1.05,11.48%,8.17%,3.31%
1871.11,4.64,0.26,0.40,12.37,1871.88,5.35,124.84,7.00,  130.70 ,10.76,  11.27 ,NA,NA,,1.00,1.05,11.53%,8.26%,3.27%
1871.12,4.74,0.26,0.40,12.65,1871.96,5.36,124.65,6.84,  131.10 ,10.52,  11.06 ,NA,NA,,1.00,1.03,11.21%,8.50%,2.71%
1872.01,4.86,0.26,0.40,12.65,1872.04,5.36,127.81,6.92,  135.03 ,10.58,  11.18 ,NA,NA,,1.00,1.04,10.77%,8.49%,2.28%
1872.02,4.88,0.27,0.41,12.65,1872.13,5.38,128.33,7.01,  136.20 ,10.65,  11.30 ,NA,NA,,1.00,1.04,10.38%,8.39%,1.98%
1872.03,5.04,0.27,0.41,12.84,1872.21,5.40,130.58,7.00,  139.20 ,10.56,  11.26 ,NA,NA,,1.00,1.03,10.17%,8.55%,1.62%
1872.04,5.18,0.27,0.41,13.13,1872.29,5.42,131.29,6.93,  140.58 ,10.39,  11.13 ,NA,NA,,1.00,1.01,10.01%,8.69%,1.32%
1872.05,5.18,0.28,0.41,13.13,1872.38,5.43,131.29,7.01,  141.20 ,10.45,  11.24 ,NA,NA,,1.00,1.01,9.78%,8.59%,1.19%
1872.06,5.13,0.28,0.42,13.03,1872.46,5.45,130.97,7.15,  141.50 ,10.59,  11.45 ,NA,NA,,1.00,1.02,9.65%,8.41%,1.24%
1872.07,5.10,0.28,0.42,12.84,1872.54,5.47,132.13,7.34,  143.42 ,10.82,  11.74 ,NA,NA,,1.00,1.04,10.25%,8.35%,1.90%
1872.08,5.04,0.29,0.42,12.94,1872.63,5.49,129.62,7.37,  141.35 ,10.80,  11.78 ,NA,NA,,1.00,1.04,10.68%,8.32%,2.36%
1872.09,4.95,0.29,0.42,13.03,1872.71,5.51,126.37,7.40,  138.49 ,10.79,  11.82 ,NA,NA,,1.00,1.03,11.37%,8.70%,2.67%
1872.1,4.97,0.29,0.43,12.75,1872.79,5.53,129.73,7.66,  142.86 ,11.09,  12.22 ,NA,NA,,1.00,1.06,10.87%,8.56%,2.31%
1872.11,4.95,0.30,0.43,13.13,1872.88,5.54,125.46,7.52,  138.85 ,10.84,  11.99 ,NA,NA,,1.00,1.03,10.86%,8.98%,1.88%
1872.12,5.07,0.30,0.43,12.94,1872.96,5.56,130.39,7.72,  145.02 ,11.06,  12.30 ,NA,NA,,1.00,1.05,10.59%,8.92%,1.67%
1873.01,5.11,0.30,0.43,12.94,1873.04,5.58,131.42,7.78,  146.89 ,11.12,  12.43 ,NA,NA,,1.01,1.05,10.44%,8.91%,1.52%
1873.02,5.15,0.31,0.44,13.23,1873.13,5.57,129.59,7.67,  145.56 ,10.95,  12.29 ,NA,NA,,1.01,1.03,10.24%,9.02%,1.21%
1873.03,5.11,0.31,0.44,13.23,1873.21,5.56,128.58,7.74,  145.15 ,11.01,  12.43 ,NA,NA,,1.01,1.04,10.56%,9.10%,1.46%
1873.04,5.04,0.31,0.44,13.23,1873.29,5.55,126.82,7.80,  143.90 ,11.07,  12.56 ,NA,NA,,1.01,1.05,11.04%,9.18%,1.86%
1873.05,5.05,0.31,0.44,12.94,1873.38,5.54,129.88,8.04,  148.12 ,11.38,  12.98 ,NA,NA,,1.01,1.07,10.69%,9.03%,1.66%
1873.06,4.98,0.32,0.45,12.56,1873.46,5.53,131.96,8.35,  151.29 ,11.79,  13.52 ,NA,NA,,1.01,1.11,10.93%,9.00%,1.93%
1873.07,4.97,0.32,0.45,12.56,1873.54,5.53,131.69,8.41,  151.79 ,11.86,  13.67 ,NA,NA,,1.01,1.12,11.00%,9.20%,1.80%
1873.08,4.97,0.32,0.45,12.56,1873.63,5.52,131.69,8.48,  152.60 ,11.92,  13.82 ,NA,NA,,1.01,1.12,10.48%,9.17%,1.31%
1873.09,4.59,0.32,0.45,12.56,1873.71,5.51,121.62,8.55,  141.76 ,11.99,  13.98 ,NA,NA,,1.01,1.13,11.59%,9.26%,2.33%
1873.1,4.19,0.33,0.46,12.27,1873.79,5.50,113.60,8.81,  133.27 ,12.34,  14.47 ,NA,NA,,1.01,1.16,12.02%,8.99%,3.04%
1873.11,4.04,0.33,0.46,11.89,1873.88,5.49,113.04,9.16,  133.51 ,12.80,  15.12 ,NA,NA,,1.01,1.21,12.34%,8.73%,3.61%
1873.12,4.42,0.33,0.46,12.18,1873.96,5.48,120.78,9.02,  143.53 ,12.57,  14.94 ,NA,NA,,1.01,1.18,11.23%,8.85%,2.37%
1874.01,4.66,0.33,0.46,12.37,1874.04,5.47,125.38,8.88,  149.88 ,12.38,  14.79 ,NA,NA,,1.01,1.17,10.47%,9.00%,1.47%
1874.02,4.80,0.33,0.46,12.37,1874.13,5.44,129.14,8.88,  155.26 ,12.38,  14.88 ,NA,NA,,1.01,1.18,10.43%,8.96%,1.47%
1874.03,4.73,0.33,0.46,12.37,1874.21,5.40,127.26,8.88,  153.89 ,12.38,  14.97 ,NA,NA,,1.01,1.19,10.54%,8.92%,1.62%
1874.04,4.60,0.33,0.46,12.18,1874.29,5.37,125.70,9.02,  152.90 ,12.57,  15.29 ,NA,NA,,1.01,1.22,10.39%,8.95%,1.44%
1874.05,4.48,0.33,0.46,12.08,1874.38,5.34,123.38,9.09,  151.01 ,12.67,  15.51 ,NA,NA,,1.01,1.23,9.89%,9.06%,0.84%
1874.06,4.46,0.33,0.46,11.80,1874.46,5.30,125.80,9.31,  154.92 ,12.98,  15.98 ,NA,NA,,1.01,1.27,9.22%,8.76%,0.46%
1874.07,4.46,0.33,0.46,11.89,1874.54,5.27,124.80,9.23,  154.63 ,12.87,  15.95 ,NA,NA,,1.01,1.27,9.43%,8.93%,0.50%
1874.08,4.47,0.33,0.46,11.80,1874.63,5.24,126.08,9.31,  157.19 ,12.98,  16.18 ,NA,NA,,1.01,1.29,9.98%,8.81%,1.17%
1874.09,4.54,0.33,0.46,11.80,1874.71,5.20,128.06,9.31,  160.62 ,12.98,  16.27 ,NA,NA,,1.01,1.30,9.57%,8.89%,0.68%
1874.1,4.53,0.33,0.46,11.61,1874.79,5.17,129.87,9.46,  163.88 ,13.19,  16.64 ,NA,NA,,1.01,1.33,9.17%,8.80%,0.37%
1874.11,4.57,0.33,0.46,11.51,1874.88,5.14,132.10,9.54,  167.70 ,13.30,  16.88 ,NA,NA,,1.01,1.35,9.01%,8.92%,0.09%
1874.12,4.54,0.33,0.46,11.51,1874.96,5.10,131.23,9.54,  167.60 ,13.30,  16.98 ,NA,NA,,1.01,1.36,9.18%,9.01%,0.17%
1875.01,4.54,0.33,0.45,11.51,1875.04,5.07,131.23,9.47,  168.61 ,13.06,  16.78 ,NA,NA,,1.01,1.37,8.92%,8.97%,-0.05%
1875.02,4.53,0.33,0.44,11.51,1875.13,5.03,130.94,9.39,  169.25 ,12.81,  16.56 ,NA,NA,,1.01,1.38,9.15%,8.81%,0.34%
1875.03,4.59,0.32,0.44,11.51,1875.21,4.99,132.68,9.32,  172.49 ,12.57,  16.35 ,NA,NA,,1.01,1.39,9.28%,9.03%,0.25%
1875.04,4.65,0.32,0.43,11.61,1875.29,4.95,133.31,9.17,  174.31 ,12.23,  16.00 ,NA,NA,,1.01,1.39,9.07%,8.95%,0.12%
1875.05,4.47,0.32,0.42,11.32,1875.38,4.91,131.38,9.33,  172.80 ,12.29,  16.17 ,NA,NA,,1.01,1.43,9.35%,8.90%,0.45%
1875.06,4.38,0.32,0.41,11.13,1875.46,4.87,130.94,9.42,  173.25 ,12.26,  16.22 ,NA,NA,,1.01,1.47,9.59%,8.94%,0.65%
1875.07,4.39,0.31,0.40,11.13,1875.54,4.83,131.24,9.34,  174.67 ,12.01,  15.98 ,NA,NA,,1.01,1.48,9.83%,8.77%,1.05%
1875.08,4.41,0.31,0.39,11.23,1875.63,4.79,130.72,9.19,  175.00 ,11.66,  15.61 ,NA,NA,,1.01,1.48,10.46%,8.83%,1.63%
1875.09,4.37,0.31,0.39,11.13,1875.71,4.75,130.64,9.19,  175.92 ,11.51,  15.50 ,NA,NA,,1.01,1.50,10.44%,8.83%,1.61%
1875.1,4.30,0.31,0.38,11.13,1875.79,4.71,128.54,9.12,  174.13 ,11.26,  15.25 ,NA,NA,,1.01,1.51,11.23%,8.80%,2.43%
1875.11,4.37,0.30,0.37,11.04,1875.88,4.67,131.76,9.12,  179.52 ,11.10,  15.13 ,NA,NA,,1.01,1.53,11.50%,8.54%,2.96%
1875.12,4.37,0.30,0.36,10.94,1875.96,4.63,132.91,9.12,  182.11 ,10.95,  15.00 ,NA,NA,,1.01,1.56,11.04%,8.16%,2.88%
1876.01,4.46,0.30,0.35,10.85,1876.04,4.59,136.84,9.20,  188.55 ,10.84,  14.94 ,NA,NA,,1.00,1.58,10.95%,8.28%,2.67%
1876.02,4.52,0.30,0.35,10.85,1876.13,4.58,138.68,9.20,  192.14 ,10.64,  14.74 ,NA,NA,,1.00,1.59,11.00%,8.25%,2.75%
1876.03,4.51,0.30,0.34,10.85,1876.21,4.57,138.37,9.20,  192.78 ,10.43,  14.53 ,NA,NA,,1.00,1.60,10.90%,8.35%,2.55%
1876.04,4.34,0.30,0.33,10.75,1876.29,4.56,134.33,9.29,  188.23 ,10.32,  14.46 ,NA,NA,,1.00,1.62,11.19%,8.35%,2.84%
1876.05,4.18,0.30,0.33,10.37,1876.38,4.54,134.13,9.63,  189.07 ,10.48,  14.78 ,NA,NA,,1.00,1.69,11.24%,8.20%,3.04%
1876.06,4.15,0.30,0.32,10.09,1876.46,4.53,136.94,9.90,  194.19 ,10.56,  14.97 ,NA,NA,,1.00,1.74,11.62%,8.00%,3.62%
1876.07,4.10,0.30,0.31,10.09,1876.54,4.52,135.29,9.90,  193.02 ,10.34,  14.75 ,NA,NA,,1.00,1.75,11.76%,7.83%,3.93%
1876.08,3.93,0.30,0.31,10.18,1876.63,4.51,128.46,9.81,  184.45 ,10.03,  14.39 ,NA,NA,,1.00,1.74,12.25%,7.77%,4.48%
1876.09,3.69,0.30,0.30,10.28,1876.71,4.50,119.50,9.72,  172.75 ,9.72,  14.04 ,NA,NA,,1.00,1.74,13.32%,7.84%,5.48%
1876.1,3.67,0.30,0.29,10.47,1876.79,4.49,116.69,9.54,  169.84 ,9.33,  13.57 ,NA,NA,,1.00,1.71,13.84%,8.01%,5.83%
1876.11,3.60,0.30,0.29,10.56,1876.87,4.47,113.44,9.45,  166.24 ,9.03,  13.24 ,NA,NA,,1.00,1.71,14.39%,8.07%,6.32%
1876.12,3.58,0.30,0.28,10.75,1876.96,4.46,110.81,9.29,  163.52 ,8.67,  12.79 ,NA,NA,,1.00,1.68,14.18%,8.10%,6.08%
1877.01,3.55,0.29,0.28,10.94,1877.04,4.45,107.97,8.84,  160.42 ,8.57,  12.73 ,NA,NA,,1.00,1.66,14.04%,8.00%,6.04%
1877.02,3.34,0.28,0.28,10.66,1877.12,4.44,104.30,8.80,  156.06 ,8.85,  13.24 ,NA,NA,,1.00,1.71,14.18%,7.56%,6.61%
1877.03,3.17,0.27,0.29,10.18,1877.21,4.43,103.62,8.91,  156.15 ,9.32,  14.04 ,NA,NA,,1.00,1.80,14.47%,7.05%,7.43%
1877.04,2.94,0.26,0.29,10.47,1877.29,4.42,93.48,8.37,  141.93 ,9.12,  13.84 ,NA,NA,,1.00,1.76,15.87%,7.32%,8.56%
1877.05,2.94,0.25,0.29,10.66,1877.37,4.41,91.81,7.94,  140.40 ,9.00,  13.77 ,NA,NA,,1.00,1.74,16.23%,7.48%,8.75%
1877.06,2.73,0.25,0.29,10.09,1877.46,4.40,90.08,8.08,  138.78 ,9.57,  14.74 ,NA,NA,,1.00,1.84,16.21%,6.99%,9.21%
1877.07,2.85,0.24,0.29,10.18,1877.54,4.40,93.16,7.71,  144.51 ,9.54,  14.79 ,NA,NA,,1.00,1.83,15.63%,7.20%,8.43%
1877.08,3.05,0.23,0.29,9.80,1877.62,4.39,103.57,7.70,  161.65 ,9.96,  15.55 ,NA,NA,,1.00,1.91,13.96%,6.63%,7.32%
1877.09,3.24,0.22,0.30,9.70,1877.71,4.38,111.10,7.46,  174.38 ,10.12,  15.88 ,NA,NA,,1.00,1.94,13.13%,6.63%,6.50%
1877.1,3.31,0.21,0.30,9.70,1877.79,4.37,113.50,7.14,  179.08 ,10.17,  16.05 ,NA,NA,,1.00,1.95,12.35%,6.48%,5.87%
1877.11,3.26,0.20,0.30,9.51,1877.87,4.36,114.02,6.97,  180.82 ,10.43,  16.55 ,NA,NA,,1.00,2.00,12.37%,6.12%,6.25%
1877.12,3.25,0.19,0.30,9.51,1877.96,4.35,113.67,6.65,  181.14 ,10.49,  16.72 ,NA,NA,,1.00,2.00,12.07%,5.85%,6.22%
1878.01,3.25,0.19,0.30,9.23,1878.04,4.34,117.19,6.82,  187.65 ,10.85,  17.37 ,NA,NA,,1.00,2.08,11.67%,5.38%,6.30%
1878.02,3.18,0.19,0.30,9.13,1878.12,4.33,115.86,6.86,  186.44 ,10.99,  17.69 ,NA,NA,,1.00,2.11,11.85%,5.39%,6.46%
1878.03,3.24,0.19,0.30,8.94,1878.21,4.32,120.56,6.98,  194.93 ,11.26,  18.20 ,NA,NA,,1.00,2.16,10.97%,5.17%,5.80%
1878.04,3.33,0.19,0.30,8.85,1878.29,4.31,125.24,7.02,  203.45 ,11.41,  18.53 ,NA,NA,,1.00,2.19,10.71%,5.18%,5.53%
1878.05,3.34,0.19,0.30,8.56,1878.37,4.30,129.80,7.22,  211.84 ,11.82,  19.29 ,NA,NA,,1.00,2.28,10.59%,4.96%,5.63%
1878.06,3.41,0.19,0.31,8.37,1878.46,4.29,135.53,7.35,  222.19 ,12.12,  19.87 ,NA,NA,,1.00,2.34,9.89%,4.85%,5.04%
1878.07,3.48,0.18,0.31,8.47,1878.54,4.28,136.76,7.24,  225.20 ,12.02,  19.79 ,NA,NA,,1.00,2.32,9.94%,4.85%,5.09%
1878.08,3.45,0.18,0.31,8.56,1878.62,4.27,134.08,7.12,  221.75 ,11.92,  19.71 ,NA,NA,,1.00,2.31,10.38%,4.97%,5.42%
1878.09,3.52,0.18,0.31,8.56,1878.71,4.26,136.80,7.09,  227.23 ,11.95,  19.85 ,NA,NA,,1.00,2.32,10.42%,4.97%,5.46%
1878.1,3.48,0.18,0.31,8.47,1878.79,4.25,136.76,7.14,  228.16 ,12.12,  20.21 ,NA,NA,,1.00,2.35,10.23%,4.73%,5.50%
1878.11,3.47,0.18,0.31,8.37,1878.87,4.24,137.92,7.19,  231.09 ,12.29,  20.59 ,NA,NA,,1.00,2.39,9.77%,4.49%,5.28%
1878.12,3.45,0.18,0.31,8.18,1878.96,4.23,140.31,7.32,  236.12 ,12.61,  21.22 ,NA,NA,,1.00,2.46,9.37%,4.25%,5.11%
1879.01,3.58,0.18,0.32,8.28,1879.04,4.22,143.93,7.30,  243.22 ,12.70,  21.46 ,NA,NA,,1.00,2.44,9.68%,4.74%,4.94%
1879.02,3.71,0.18,0.32,8.37,1879.12,4.20,147.46,7.29,  250.22 ,12.79,  21.70 ,NA,NA,,1.00,2.42,9.66%,4.97%,4.69%
1879.03,3.65,0.19,0.33,8.28,1879.21,4.19,146.74,7.44,  250.05 ,13.17,  22.44 ,NA,NA,,1.00,2.46,9.61%,4.96%,4.66%
1879.04,3.77,0.19,0.33,8.18,1879.29,4.17,153.33,7.59,  262.36 ,13.56,  23.19 ,NA,NA,,1.00,2.50,9.10%,4.82%,4.29%
1879.05,3.94,0.19,0.34,8.18,1879.37,4.15,160.24,7.66,  275.28 ,13.80,  23.70 ,NA,NA,,1.00,2.52,9.18%,5.06%,4.12%
1879.06,3.96,0.19,0.35,8.09,1879.46,4.14,162.95,7.82,  281.05 ,14.20,  24.49 ,NA,NA,,1.00,2.56,9.17%,4.92%,4.26%
1879.07,4.04,0.19,0.35,8.18,1879.54,4.12,164.31,7.80,  284.51 ,14.27,  24.70 ,NA,NA,,1.00,2.54,8.85%,5.02%,3.83%
1879.08,4.07,0.19,0.36,8.18,1879.62,4.10,165.53,7.86,  287.76 ,14.51,  25.22 ,NA,NA,,1.00,2.55,8.91%,5.00%,3.91%
1879.09,4.22,0.20,0.36,8.47,1879.71,4.09,165.84,7.66,  289.42 ,14.25,  24.86 ,NA,NA,,1.00,2.48,9.01%,5.21%,3.80%
1879.1,4.68,0.20,0.37,8.94,1879.79,4.07,174.14,7.32,  304.96 ,13.70,  24.00 ,NA,NA,,1.00,2.36,8.28%,5.77%,2.51%
1879.11,4.93,0.20,0.37,9.42,1879.87,4.05,174.17,7.01,  306.05 ,13.22,  23.23 ,NA,NA,,1.00,2.25,8.18%,6.31%,1.87%
1879.12,4.92,0.20,0.38,9.70,1879.96,4.04,168.71,6.86,  297.45 ,13.03,  22.97 ,NA,NA,,1.00,2.19,8.33%,6.47%,1.86%
1880.01,5.11,0.21,0.39,9.99,1880.04,4.02,170.22,6.83,  301.11 ,12.96,  22.93 ,NA,NA,,1.01,2.14,8.62%,7.03%,1.59%
1880.02,5.20,0.21,0.40,9.99,1880.12,3.99,173.22,7.00,  307.44 ,13.27,  23.55 ,NA,NA,,1.01,2.15,8.31%,6.99%,1.33%
1880.03,5.30,0.22,0.41,10.09,1880.21,3.97,174.88,7.09,  311.45 ,13.45,  23.95 ,NA,NA,,1.01,2.14,8.13%,7.04%,1.08%
1880.04,5.18,0.22,0.42,9.70,1880.29,3.94,177.62,7.54,  317.46 ,14.29,  25.54 ,NA,NA,,1.01,2.24,8.18%,6.59%,1.59%
1880.05,4.77,0.23,0.43,9.42,1880.37,3.91,168.52,7.95,  302.37 ,15.04,  26.99 ,NA,NA,,1.01,2.32,9.07%,6.10%,2.97%
1880.06,4.79,0.23,0.44,9.23,1880.46,3.89,172.72,8.29,  311.14 ,15.69,  28.26 ,NA,NA,,1.01,2.38,8.71%,5.84%,2.87%
1880.07,5.01,0.24,0.44,9.23,1880.54,3.86,180.65,8.47,  326.70 ,16.02,  28.97 ,NA,NA,,1.01,2.39,8.14%,5.80%,2.34%
1880.08,5.19,0.24,0.45,9.23,1880.62,3.83,187.14,8.65,  339.75 ,16.35,  29.67 ,NA,NA,,1.01,2.41,7.11%,5.38%,1.73%
1880.09,5.18,0.25,0.46,9.32,1880.71,3.81,184.87,8.74,  336.95 ,16.51,  30.09 ,NA,NA,,1.01,2.40,6.93%,5.32%,1.61%
1880.1,5.33,0.25,0.47,9.32,1880.79,3.78,190.23,8.92,  348.07 ,16.84,  30.80 ,NA,NA,,1.01,2.41,6.13%,5.28%,0.85%
1880.11,5.61,0.26,0.48,9.42,1880.87,3.75,198.20,9.01,  364.02 ,16.99,  31.20 ,NA,NA,,1.01,2.40,5.15%,5.60%,-0.45%
1880.12,5.84,0.26,0.49,9.51,1880.96,3.73,204.26,9.09,  376.55 ,17.14,  31.59 ,NA,NA,,1.01,2.39,4.59%,5.66%,-1.08%
1881.01,6.19,0.27,0.49,9.42,1881.04,3.70,218.69,9.36,  404.59 ,17.16,  31.75 ,18.47,24.14,-1.05%,1.00,2.42,4.54%,5.65%,-1.11%
1881.02,6.17,0.27,0.48,9.51,1881.12,3.69,215.80,9.44,  400.70 ,16.85,  31.28 ,18.15,23.66,-1.14%,1.00,2.41,4.68%,5.62%,-0.94%
1881.03,6.24,0.28,0.48,9.51,1881.21,3.69,218.25,9.62,  406.74 ,16.70,  31.12 ,18.27,23.77,-1.31%,1.00,2.42,4.24%,5.49%,-1.25%
1881.04,6.22,0.28,0.47,9.61,1881.29,3.68,215.40,9.70,  402.93 ,16.39,  30.66 ,17.95,23.31,-0.75%,1.00,2.40,4.60%,5.46%,-0.87%
1881.05,6.50,0.29,0.47,9.51,1881.37,3.67,227.35,9.97,  426.83 ,16.41,  30.81 ,18.87,24.46,-0.89%,1.00,2.43,4.12%,5.48%,-1.36%
1881.06,6.58,0.29,0.47,9.51,1881.46,3.67,230.14,10.14,  433.67 ,16.26,  30.65 ,19.03,24.62,-0.77%,1.00,2.44,4.03%,5.73%,-1.70%
1881.07,6.35,0.30,0.46,9.61,1881.54,3.66,219.90,10.22,  415.97 ,15.96,  30.19 ,18.12,23.40,-0.40%,1.00,2.43,4.46%,5.96%,-1.50%
1881.08,6.20,0.30,0.46,9.80,1881.62,3.65,210.54,10.19,  399.86 ,15.51,  29.45 ,17.29,22.29,0.21%,1.00,2.39,5.26%,6.16%,-0.91%
1881.09,6.25,0.31,0.45,10.18,1881.71,3.65,204.30,9.97,  389.60 ,14.79,  28.21 ,16.72,21.54,0.56%,1.00,2.31,6.53%,6.69%,-0.17%
1881.1,6.15,0.31,0.45,10.28,1881.79,3.64,199.17,10.04,  381.41 ,14.52,  27.80 ,16.26,20.93,0.67%,1.00,2.29,6.79%,6.79%,0.00%
1881.11,6.19,0.32,0.44,10.18,1881.87,3.63,202.34,10.30,  389.12 ,14.52,  27.92 ,16.48,21.19,0.51%,1.00,2.32,6.58%,6.82%,-0.23%
1881.12,6.01,0.32,0.44,10.18,1881.96,3.63,196.46,10.46,  379.48 ,14.38,  27.78 ,15.96,20.51,0.49%,1.00,2.33,7.21%,6.81%,0.40%
1882.01,5.92,0.32,0.44,10.18,1882.04,3.62,193.51,10.46,  375.48 ,14.36,  27.86 ,15.68,20.14,0.61%,1.00,2.34,7.83%,7.08%,0.75%
1882.02,5.79,0.32,0.44,10.28,1882.12,3.62,187.51,10.36,  365.51 ,14.19,  27.67 ,15.15,19.46,0.92%,1.00,2.33,8.18%,7.17%,1.01%
1882.03,5.78,0.32,0.44,10.28,1882.21,3.62,187.19,10.36,  366.56 ,14.17,  27.75 ,15.09,19.38,0.80%,1.00,2.33,8.59%,7.45%,1.14%
1882.04,5.78,0.32,0.44,10.37,1882.29,3.62,185.47,10.27,  364.88 ,14.01,  27.57 ,14.92,19.15,0.75%,1.00,2.32,8.80%,7.68%,1.12%
1882.05,5.71,0.32,0.44,10.47,1882.37,3.62,181.56,10.17,  358.85 ,13.86,  27.39 ,14.57,18.70,1.00%,1.00,2.30,9.02%,7.77%,1.25%
1882.06,5.68,0.32,0.44,10.56,1882.46,3.62,178.98,10.08,  355.41 ,13.71,  27.22 ,14.33,18.39,1.27%,1.00,2.29,9.10%,7.85%,1.25%
1882.07,6.00,0.32,0.43,10.47,1882.54,3.63,190.78,10.17,  380.53 ,13.81,  27.54 ,15.24,19.56,0.91%,1.00,2.32,8.11%,7.46%,0.65%
1882.08,6.18,0.32,0.43,10.56,1882.62,3.63,194.73,10.08,  390.09 ,13.65,  27.35 ,15.53,19.91,0.80%,1.00,2.30,7.89%,7.41%,0.49%
1882.09,6.24,0.32,0.43,10.28,1882.71,3.63,202.08,10.36,  406.55 ,14.01,  28.18 ,16.08,20.62,0.24%,1.00,2.37,7.21%,7.10%,0.11%
1882.1,6.07,0.32,0.43,10.18,1882.79,3.63,198.42,10.46,  400.92 ,14.11,  28.51 ,15.76,20.19,0.49%,1.00,2.40,7.62%,6.99%,0.62%
1882.11,5.81,0.32,0.43,10.09,1882.87,3.63,191.71,10.56,  389.15 ,14.21,  28.85 ,15.19,19.47,0.35%,1.00,2.43,7.66%,6.61%,1.05%
1882.12,5.84,0.32,0.43,9.99,1882.96,3.63,194.53,10.66,  396.68 ,14.32,  29.21 ,15.38,19.70,0.32%,1.00,2.46,7.24%,6.37%,0.88%
1883.01,5.81,0.32,0.43,9.99,1883.04,3.63,193.53,10.69,  396.46 ,14.24,  29.17 ,15.27,19.56,0.36%,1.00,2.47,7.08%,5.97%,1.12%
1883.02,5.68,0.32,0.43,10.09,1883.12,3.63,187.42,10.61,  385.75 ,14.02,  28.86 ,14.76,18.90,0.47%,1.00,2.45,7.10%,5.94%,1.15%
1883.03,5.75,0.32,0.42,9.99,1883.21,3.63,191.54,10.74,  396.06 ,14.07,  29.10 ,15.05,19.27,0.25%,1.00,2.49,6.72%,6.10%,0.61%
1883.04,5.87,0.32,0.42,9.90,1883.29,3.63,197.41,10.87,  410.09 ,14.13,  29.34 ,15.48,19.82,-0.03%,1.00,2.52,6.52%,6.13%,0.38%
1883.05,5.77,0.32,0.42,9.80,1883.37,3.63,195.94,11.01,  408.92 ,14.18,  29.59 ,15.34,19.63,0.15%,1.00,2.55,5.74%,6.17%,-0.43%
1883.06,5.82,0.33,0.42,9.51,1883.46,3.63,203.56,11.37,  426.82 ,14.52,  30.43 ,15.90,20.36,-0.08%,1.00,2.63,5.09%,6.13%,-1.04%
1883.07,5.73,0.33,0.41,9.32,1883.54,3.63,204.50,11.63,  430.83 ,14.72,  31.02 ,15.95,20.41,-0.29%,1.00,2.70,4.29%,6.19%,-1.90%
1883.08,5.47,0.33,0.41,9.32,1883.62,3.62,195.23,11.66,  413.33 ,14.63,  30.98 ,15.20,19.45,0.02%,1.00,2.70,4.94%,6.62%,-1.68%
1883.09,5.53,0.33,0.41,9.23,1883.71,3.62,199.40,11.81,  424.25 ,14.69,  31.26 ,15.49,19.83,-0.20%,1.00,2.74,5.02%,6.09%,-1.07%
1883.1,5.38,0.33,0.41,9.23,1883.79,3.62,193.99,11.84,  414.84 ,14.60,  31.23 ,15.05,19.26,0.21%,1.00,2.75,5.47%,5.96%,-0.48%
1883.11,5.46,0.33,0.40,9.13,1883.87,3.62,198.93,11.99,  427.53 ,14.66,  31.52 ,15.41,19.72,0.26%,1.00,2.79,5.64%,6.13%,-0.49%
1883.12,5.34,0.33,0.40,9.23,1883.96,3.62,192.55,11.90,  415.96 ,14.42,  31.16 ,14.90,19.07,0.36%,1.00,2.77,5.75%,6.38%,-0.64%
1884.01,5.18,0.33,0.39,9.23,1884.04,3.62,186.78,11.84,  405.63 ,14.15,  30.74 ,14.43,18.48,0.42%,1.00,2.78,6.14%,6.68%,-0.54%
1884.02,5.32,0.33,0.39,9.23,1884.12,3.61,191.83,11.78,  418.72 ,13.88,  30.30 ,14.81,18.96,0.26%,1.00,2.79,6.14%,6.84%,-0.70%
1884.03,5.30,0.33,0.38,9.23,1884.21,3.60,191.11,11.72,  419.28 ,13.61,  29.86 ,14.74,18.88,0.30%,1.00,2.80,6.79%,7.16%,-0.37%
1884.04,5.06,0.32,0.37,9.04,1884.29,3.60,186.29,11.90,  410.89 ,13.62,  30.05 ,14.35,18.40,0.43%,1.00,2.87,7.19%,6.94%,0.25%
1884.05,4.65,0.32,0.36,8.85,1884.37,3.59,174.88,12.10,  387.95 ,13.63,  30.24 ,13.47,17.27,0.77%,1.00,2.94,7.45%,6.73%,0.72%
1884.06,4.46,0.32,0.36,8.85,1884.46,3.58,167.74,12.03,  374.32 ,13.35,  29.79 ,12.91,16.58,1.33%,1.00,2.95,7.74%,6.74%,1.00%
1884.07,4.46,0.32,0.35,8.75,1884.54,3.57,169.56,12.10,  380.64 ,13.21,  29.66 ,13.04,16.77,1.08%,1.00,2.99,7.38%,6.63%,0.74%
1884.08,4.74,0.32,0.34,8.75,1884.62,3.56,180.20,12.04,  406.78 ,12.93,  29.18 ,13.86,17.83,0.71%,1.00,3.00,6.80%,6.34%,0.46%
1884.09,4.59,0.32,0.33,8.66,1884.71,3.55,176.42,12.11,  400.52 ,12.78,  29.01 ,13.57,17.47,0.77%,1.00,3.05,7.03%,6.09%,0.94%
1884.1,4.44,0.31,0.33,8.56,1884.79,3.55,172.55,12.18,  394.04 ,12.63,  28.84 ,13.27,17.11,0.99%,1.00,3.09,7.21%,6.28%,0.93%
1884.11,4.35,0.31,0.32,8.37,1884.87,3.54,172.89,12.39,  397.18 ,12.62,  28.99 ,13.30,17.17,0.85%,1.00,3.17,7.17%,6.05%,1.12%
1884.12,4.34,0.31,0.31,8.28,1884.96,3.53,174.48,12.46,  403.21 ,12.46,  28.80 ,13.43,17.36,0.67%,1.00,3.22,7.11%,6.09%,1.02%
1885.01,4.24,0.30,0.31,8.28,1885.04,3.52,170.46,12.23,  396.27 ,12.33,  28.66 ,13.13,16.99,0.85%,1.00,3.23,7.21%,6.10%,1.11%
1885.02,4.37,0.30,0.30,8.37,1885.12,3.51,173.69,11.86,  406.08 ,12.05,  28.18 ,13.38,17.33,0.83%,1.00,3.21,6.84%,6.20%,0.64%
1885.03,4.38,0.29,0.30,8.18,1885.21,3.50,178.14,11.90,  418.79 ,12.20,  28.68 ,13.73,17.80,0.43%,1.00,3.30,6.56%,5.93%,0.62%
1885.04,4.37,0.29,0.30,8.28,1885.29,3.48,175.69,11.53,  415.29 ,11.93,  28.20 ,13.55,17.58,0.57%,1.00,3.27,6.68%,5.59%,1.10%
1885.05,4.32,0.28,0.29,8.09,1885.37,3.47,177.76,11.55,  422.48 ,12.07,  28.68 ,13.71,17.80,0.51%,1.00,3.36,6.96%,5.17%,1.79%
1885.06,4.30,0.28,0.29,7.90,1885.46,3.46,181.20,11.59,  432.95 ,12.22,  29.20 ,13.98,18.17,0.32%,1.00,3.46,6.80%,4.76%,2.04%
1885.07,4.46,0.27,0.29,7.99,1885.54,3.45,185.71,11.21,  445.94 ,11.94,  28.67 ,14.33,18.63,0.28%,1.00,3.43,6.71%,5.01%,1.70%
1885.08,4.71,0.26,0.28,7.99,1885.62,3.43,196.12,10.96,  473.13 ,11.80,  28.46 ,15.13,19.68,-0.16%,1.00,3.44,6.42%,5.13%,1.29%
1885.09,4.65,0.26,0.28,7.90,1885.71,3.42,195.95,10.85,  474.92 ,11.80,  28.60 ,15.12,19.66,-0.18%,1.00,3.50,6.48%,4.99%,1.50%
1885.1,4.92,0.25,0.28,7.90,1885.79,3.41,207.33,10.61,  504.63 ,11.66,  28.38 ,15.99,20.80,-0.53%,1.00,3.51,5.72%,4.97%,0.75%
1885.11,5.24,0.25,0.27,7.99,1885.87,3.40,218.19,10.23,  533.13 ,11.38,  27.81 ,16.82,21.88,-0.63%,1.00,3.48,4.82%,5.07%,-0.26%
1885.12,5.20,0.24,0.27,8.18,1885.96,3.38,211.48,9.76,  518.75 ,10.98,  26.94 ,16.30,21.19,-0.11%,1.00,3.42,4.65%,5.45%,-0.79%
1886.01,5.20,0.24,0.28,7.99,1886.04,3.37,216.52,9.92,  533.13 ,11.45,  28.19 ,16.69,21.69,-0.39%,1.00,3.51,4.43%,5.33%,-0.90%
1886.02,5.30,0.24,0.28,7.99,1886.12,3.38,220.68,9.86,  545.40 ,11.66,  28.81 ,17.01,22.09,-0.51%,1.00,3.52,4.81%,5.51%,-0.70%
1886.03,5.19,0.24,0.29,7.90,1886.21,3.40,218.71,9.90,  542.56 ,12.01,  29.79 ,16.84,21.87,-0.58%,1.00,3.56,4.74%,5.41%,-0.67%
1886.04,5.12,0.23,0.29,7.80,1886.29,3.41,218.39,9.95,  543.82 ,12.37,  30.80 ,16.80,21.81,-0.61%,1.00,3.61,5.00%,5.46%,-0.46%
1886.05,5.02,0.23,0.30,7.61,1886.37,3.42,219.48,10.13,  548.63 ,12.90,  32.24 ,16.86,21.89,-0.54%,1.00,3.71,5.05%,5.39%,-0.33%
1886.06,5.25,0.23,0.30,7.52,1886.46,3.43,232.44,10.18,  583.16 ,13.28,  33.32 ,17.83,23.13,-0.72%,1.00,3.77,4.42%,5.44%,-1.02%
1886.07,5.33,0.23,0.31,7.61,1886.54,3.45,233.03,9.98,  586.73 ,13.33,  33.57 ,17.85,23.13,-0.62%,1.00,3.73,3.69%,5.60%,-1.90%
1886.08,5.37,0.23,0.31,7.71,1886.62,3.46,231.88,9.79,  585.89 ,13.39,  33.82 ,17.72,22.95,-0.56%,1.00,3.69,3.14%,5.76%,-2.61%
1886.09,5.51,0.23,0.32,7.71,1886.71,3.47,237.93,9.72,  603.21 ,13.60,  34.48 ,18.15,23.48,-0.80%,1.00,3.69,3.41%,5.78%,-2.37%
1886.1,5.65,0.22,0.32,7.71,1886.79,3.48,243.97,9.64,  620.57 ,13.82,  35.15 ,18.56,24.00,-1.11%,1.00,3.70,3.08%,5.49%,-2.41%
1886.11,5.79,0.22,0.33,7.71,1886.87,3.50,250.02,9.57,  637.98 ,14.03,  35.81 ,18.97,24.50,-1.32%,1.00,3.71,3.21%,5.21%,-2.00%
1886.12,5.64,0.22,0.33,7.80,1886.96,3.51,240.57,9.38,  615.87 ,14.08,  36.03 ,18.19,23.49,-1.17%,1.00,3.67,3.23%,5.37%,-2.14%
1887.01,5.58,0.22,0.33,7.99,1887.04,3.52,232.34,9.26,  596.78 ,13.84,  35.56 ,17.51,22.59,-0.90%,1.00,3.59,3.89%,5.95%,-2.06%
1887.02,5.54,0.23,0.34,8.09,1887.12,3.53,227.96,9.26,  587.52 ,13.78,  35.53 ,17.13,22.08,-0.41%,1.00,3.55,3.99%,6.09%,-2.10%
1887.03,5.67,0.23,0.34,8.09,1887.21,3.55,233.31,9.36,  603.31 ,13.89,  35.91 ,17.47,22.52,-0.10%,1.00,3.56,3.78%,6.10%,-2.33%
1887.04,5.80,0.23,0.34,8.09,1887.29,3.56,238.66,9.46,  619.18 ,13.99,  36.30 ,17.82,22.95,-0.49%,1.00,3.57,3.37%,6.28%,-2.90%
1887.05,5.90,0.23,0.34,8.09,1887.37,3.57,242.78,9.57,  631.93 ,14.09,  36.68 ,18.08,23.26,-0.76%,1.00,3.57,3.41%,6.45%,-3.04%
1887.06,5.73,0.24,0.35,7.99,1887.46,3.58,238.59,9.79,  623.15 ,14.37,  37.52 ,17.71,22.78,-0.23%,1.00,3.62,4.06%,6.34%,-2.28%
1887.07,5.59,0.24,0.35,7.90,1887.54,3.60,235.56,10.01,  617.43 ,14.64,  38.38 ,17.43,22.42,-0.37%,1.00,3.67,4.65%,6.22%,-1.58%
1887.08,5.45,0.24,0.35,7.99,1887.62,3.61,226.93,9.99,  596.98 ,14.57,  38.34 ,16.74,21.52,0.35%,1.00,3.64,5.23%,5.89%,-0.66%
1887.09,5.38,0.24,0.35,7.90,1887.71,3.62,226.71,10.22,  598.65 ,14.85,  39.22 ,16.68,21.43,0.34%,1.00,3.69,5.43%,5.47%,-0.05%
1887.1,5.20,0.25,0.36,7.99,1887.79,3.63,216.52,10.20,  573.98 ,14.78,  39.19 ,15.88,20.41,0.74%,1.00,3.65,5.71%,5.76%,-0.05%
1887.11,5.30,0.25,0.36,8.09,1887.87,3.65,218.09,10.18,  580.39 ,14.71,  39.15 ,15.95,20.50,1.01%,1.00,3.61,5.25%,5.90%,-0.65%
1887.12,5.27,0.25,0.36,8.28,1887.96,3.66,211.87,10.05,  566.06 ,14.47,  38.67 ,15.46,19.86,1.43%,1.00,3.54,5.77%,6.16%,-0.39%
1888.01,5.31,0.25,0.35,8.37,1888.04,3.67,211.05,9.87,  566.07 ,13.98,  37.49 ,15.36,19.73,1.87%,1.00,3.51,6.09%,6.29%,-0.21%
1888.02,5.28,0.25,0.34,8.28,1888.12,3.65,212.27,9.92,  571.56 ,13.80,  37.16 ,15.42,19.81,1.85%,1.00,3.56,5.85%,6.02%,-0.17%
1888.03,5.08,0.25,0.34,8.28,1888.21,3.63,204.23,9.85,  552.12 ,13.47,  36.41 ,14.81,19.03,2.35%,1.00,3.58,5.76%,6.02%,-0.26%
1888.04,5.10,0.24,0.33,8.18,1888.29,3.62,207.42,9.90,  562.97 ,13.29,  36.06 ,15.02,19.30,2.26%,1.00,3.64,5.40%,5.90%,-0.49%
1888.05,5.17,0.24,0.32,8.09,1888.37,3.60,212.74,9.95,  579.66 ,13.10,  35.69 ,15.39,19.77,2.33%,1.00,3.70,5.08%,5.06%,0.03%
1888.06,5.01,0.24,0.31,7.99,1888.46,3.58,208.61,9.99,  570.68 ,12.91,  35.31 ,15.08,19.38,2.59%,1.00,3.76,6.41%,5.65%,0.76%
1888.07,5.14,0.24,0.30,8.09,1888.54,3.56,211.50,9.81,  580.83 ,12.41,  34.09 ,15.28,19.64,2.53%,1.00,3.73,6.45%,5.92%,0.52%
1888.08,5.25,0.24,0.29,8.09,1888.62,3.54,216.03,9.74,  595.49 ,12.07,  33.27 ,15.60,20.05,2.30%,1.00,3.75,6.60%,5.92%,0.68%
1888.09,5.38,0.24,0.29,8.09,1888.71,3.52,221.38,9.67,  612.46 ,11.73,  32.44 ,15.99,20.54,2.16%,1.00,3.76,6.32%,5.92%,0.40%
1888.1,5.35,0.23,0.28,8.18,1888.79,3.51,217.59,9.49,  604.15 ,11.25,  31.25 ,15.72,20.19,2.52%,1.00,3.74,6.27%,6.04%,0.23%
1888.11,5.24,0.23,0.27,8.28,1888.87,3.49,210.66,9.31,  587.08 ,10.79,  30.06 ,15.22,19.56,2.97%,1.00,3.71,6.96%,6.17%,0.79%
1888.12,5.14,0.23,0.26,8.28,1888.96,3.47,206.64,9.25,  578.03 ,10.45,  29.24 ,14.95,19.21,3.34%,1.00,3.73,7.65%,6.02%,1.63%
1889.01,5.24,0.23,0.26,7.99,1889.04,3.45,218.19,9.54,  612.54 ,10.96,  30.78 ,15.80,20.31,2.53%,1.00,3.88,7.84%,5.64%,2.20%
1889.02,5.30,0.23,0.27,7.90,1889.12,3.45,223.34,9.62,  629.27 ,11.24,  31.67 ,16.19,20.81,2.14%,1.00,3.93,7.68%,5.22%,2.47%
1889.03,5.19,0.23,0.27,7.80,1889.21,3.45,221.37,9.70,  626.00 ,11.52,  32.57 ,16.07,20.65,2.19%,1.00,3.99,7.92%,5.08%,2.84%
1889.04,5.18,0.23,0.27,7.80,1889.29,3.44,220.95,9.67,  627.08 ,11.66,  33.08 ,16.05,20.63,2.31%,1.00,4.01,7.92%,4.93%,2.99%
1889.05,5.32,0.23,0.28,7.61,1889.37,3.44,232.59,9.87,  662.46 ,12.10,  34.46 ,16.92,21.73,1.75%,1.00,4.12,6.90%,4.66%,2.24%
1889.06,5.41,0.23,0.28,7.61,1889.46,3.44,236.53,9.84,  676.00 ,12.24,  34.99 ,17.22,22.11,1.77%,1.00,4.13,6.33%,4.51%,1.82%
1889.07,5.30,0.22,0.28,7.61,1889.54,3.44,231.72,9.80,  664.59 ,12.39,  35.52 ,16.89,21.68,1.77%,1.00,4.15,6.76%,4.36%,2.39%
1889.08,5.37,0.22,0.29,7.61,1889.62,3.43,234.78,9.76,  675.70 ,12.53,  36.08 ,17.13,21.97,1.68%,1.00,4.16,6.74%,4.22%,2.52%
1889.09,5.50,0.22,0.29,7.71,1889.71,3.43,237.49,9.61,  685.82 ,12.52,  36.16 ,17.35,22.24,1.40%,1.00,4.12,6.09%,3.94%,2.14%
1889.1,5.40,0.22,0.29,7.71,1889.79,3.43,233.18,9.57,  675.66 ,12.66,  36.70 ,17.05,21.84,0.96%,1.00,4.13,6.09%,3.80%,2.29%
1889.11,5.35,0.22,0.30,7.71,1889.87,3.43,231.02,9.53,  671.70 ,12.81,  37.25 ,16.91,21.64,0.50%,1.00,4.14,6.25%,3.67%,2.58%
1889.12,5.32,0.22,0.30,7.80,1889.96,3.42,226.92,9.38,  662.06 ,12.80,  37.33 ,16.61,21.25,0.44%,1.00,4.11,5.56%,3.66%,1.90%
1890.01,5.38,0.22,0.30,7.61,1890.04,3.42,235.22,9.62,  688.61 ,13.08,  38.30 ,17.22,22.02,-0.30%,1.00,4.22,5.32%,3.40%,1.92%
1890.02,5.32,0.22,0.30,7.61,1890.12,3.44,232.59,9.62,  683.27 ,13.04,  38.31 ,17.03,21.76,-0.25%,1.00,4.23,5.49%,3.29%,2.20%
1890.03,5.28,0.22,0.30,7.61,1890.21,3.45,230.84,9.62,  680.49 ,13.01,  38.34 ,16.90,21.58,-0.31%,1.00,4.23,5.65%,3.31%,2.35%
1890.04,5.39,0.22,0.30,7.61,1890.29,3.47,235.65,9.62,  697.03 ,12.97,  38.37 ,17.26,22.02,-0.08%,1.00,4.24,5.57%,3.32%,2.25%
1890.05,5.62,0.22,0.30,7.71,1890.37,3.49,242.68,9.50,  720.14 ,12.77,  37.90 ,17.79,22.68,0.15%,1.00,4.19,5.00%,3.71%,1.29%
1890.06,5.58,0.22,0.30,7.71,1890.46,3.50,240.95,9.50,  717.37 ,12.74,  37.93 ,17.68,22.53,0.36%,1.00,4.20,4.89%,3.86%,1.04%
1890.07,5.54,0.22,0.29,7.71,1890.54,3.52,239.22,9.50,  714.58 ,12.70,  37.95 ,17.59,22.38,0.38%,1.00,4.21,4.84%,3.74%,1.10%
1890.08,5.41,0.22,0.29,7.99,1890.62,3.54,225.26,9.16,  675.17 ,12.21,  36.60 ,16.60,21.10,1.06%,1.00,4.06,5.75%,4.26%,1.49%
1890.09,5.32,0.22,0.29,8.09,1890.71,3.55,218.91,9.05,  658.39 ,12.04,  36.20 ,16.17,20.54,1.22%,1.00,4.02,5.68%,4.27%,1.40%
1890.1,5.08,0.22,0.29,8.09,1890.79,3.57,209.03,9.05,  630.96 ,12.00,  36.23 ,15.48,19.65,1.48%,1.00,4.03,6.68%,4.42%,2.26%
1890.11,4.71,0.22,0.29,7.90,1890.87,3.59,198.48,9.27,  601.43 ,12.25,  37.13 ,14.75,18.70,1.45%,1.00,4.13,8.04%,4.18%,3.86%
1890.12,4.60,0.22,0.29,7.90,1890.96,3.60,193.84,9.27,  589.72 ,12.22,  37.18 ,14.44,18.31,1.47%,1.00,4.14,9.07%,4.33%,4.74%
1891.01,4.84,0.22,0.29,7.80,1891.04,3.62,206.45,9.38,  630.44 ,12.55,  38.32 ,15.43,19.55,0.99%,1.00,4.20,8.55%,4.08%,4.47%
1891.02,4.90,0.22,0.30,7.90,1891.12,3.62,206.49,9.27,  632.92 ,12.57,  38.53 ,15.48,19.59,1.00%,1.00,4.16,8.96%,4.33%,4.63%
1891.03,4.81,0.22,0.30,7.99,1891.21,3.62,200.28,9.16,  616.24 ,12.60,  38.76 ,15.05,19.04,1.30%,1.00,4.12,9.67%,4.44%,5.23%
1891.04,4.97,0.22,0.31,8.09,1891.29,3.62,204.51,9.05,  631.57 ,12.62,  38.97 ,15.41,19.47,1.16%,1.00,4.09,10.46%,4.69%,5.78%
1891.05,4.95,0.22,0.31,7.99,1891.37,3.61,206.11,9.16,  638.88 ,12.94,  40.11 ,15.57,19.66,1.08%,1.00,4.15,9.80%,4.55%,5.25%
1891.06,4.85,0.22,0.32,7.80,1891.46,3.61,206.87,9.38,  643.66 ,13.44,  41.80 ,15.66,19.76,0.81%,1.00,4.26,10.80%,4.29%,6.51%
1891.07,4.77,0.22,0.32,7.71,1891.54,3.61,205.97,9.50,  643.32 ,13.78,  43.05 ,15.62,19.69,0.61%,1.00,4.33,9.94%,4.02%,5.92%
1891.08,4.93,0.22,0.32,7.71,1891.62,3.61,212.88,9.50,  667.37 ,13.96,  43.77 ,16.16,20.36,0.20%,1.00,4.34,9.59%,3.88%,5.71%
1891.09,5.33,0.22,0.33,7.61,1891.71,3.61,233.03,9.62,  733.05 ,14.32,  45.04 ,17.71,22.28,-0.83%,1.00,4.41,8.41%,3.61%,4.80%
1891.1,5.33,0.22,0.33,7.61,1891.79,3.61,233.03,9.62,  735.57 ,14.50,  45.78 ,17.72,22.26,-0.92%,1.00,4.42,8.29%,3.60%,4.69%
1891.11,5.25,0.22,0.34,7.52,1891.87,3.60,232.44,9.74,  736.27 ,14.87,  47.09 ,17.67,22.19,-0.93%,1.00,4.49,8.41%,3.33%,5.08%
1891.12,5.41,0.22,0.34,7.52,1891.96,3.60,239.52,9.74,  761.28 ,15.05,  47.84 ,18.21,22.83,-1.10%,1.00,4.51,7.78%,3.20%,4.59%
1892.01,5.51,0.22,0.34,7.33,1892.04,3.60,250.28,10.07,  798.15 ,15.56,  49.61 ,19.02,23.82,-1.58%,1.00,4.64,7.66%,3.04%,4.62%
1892.02,5.52,0.22,0.35,7.33,1892.12,3.61,250.74,10.14,  802.30 ,15.67,  50.14 ,19.04,23.81,-1.69%,1.00,4.65,7.74%,3.04%,4.69%
1892.03,5.58,0.23,0.35,7.14,1892.21,3.63,260.22,10.49,  835.44 ,16.21,  52.03 ,19.74,24.66,-2.14%,1.00,4.78,7.35%,2.77%,4.58%
1892.04,5.57,0.23,0.35,7.04,1892.29,3.64,263.27,10.72,  848.08 ,16.54,  53.29 ,19.94,24.88,-2.42%,1.00,4.86,7.45%,2.51%,4.95%
1892.05,5.57,0.23,0.35,7.04,1892.37,3.65,263.27,10.79,  850.98 ,16.66,  53.85 ,19.91,24.81,-2.51%,1.00,4.87,7.30%,2.38%,4.91%
1892.06,5.54,0.23,0.36,7.04,1892.46,3.66,261.85,10.87,  849.33 ,16.78,  54.42 ,19.77,24.60,-2.58%,1.00,4.88,7.16%,2.26%,4.90%
1892.07,5.54,0.23,0.36,7.23,1892.54,3.68,254.96,10.66,  829.86 ,16.45,  53.55 ,19.21,23.88,-2.10%,1.00,4.76,7.69%,2.53%,5.15%
1892.08,5.62,0.23,0.36,7.33,1892.62,3.69,255.28,10.60,  833.78 ,16.35,  53.41 ,19.20,23.85,-2.07%,1.00,4.70,8.08%,2.79%,5.29%
1892.09,5.48,0.24,0.36,7.33,1892.71,3.70,248.92,10.67,  815.92 ,16.47,  53.97 ,18.69,23.19,-1.68%,1.00,4.71,8.25%,2.67%,5.58%
1892.1,5.59,0.24,0.37,7.33,1892.79,3.71,253.92,10.75,  835.23 ,16.58,  54.54 ,19.04,23.60,-1.70%,1.00,4.72,6.96%,1.97%,4.98%
1892.11,5.57,0.24,0.37,7.52,1892.87,3.73,246.60,10.55,  814.07 ,16.27,  53.71 ,18.46,22.86,-1.21%,1.00,4.61,7.20%,2.57%,4.63%
1892.12,5.51,0.24,0.37,7.61,1892.96,3.74,240.90,10.49,  798.12 ,16.18,  53.59 ,18.01,22.28,-0.87%,1.00,4.57,7.08%,2.59%,4.50%
1893.01,5.61,0.24,0.36,7.90,1893.04,3.75,236.41,10.15,  786.03 ,15.20,  50.55 ,17.66,21.82,-0.41%,1.00,4.41,7.70%,2.85%,4.85%
1893.02,5.51,0.24,0.35,7.99,1893.12,3.75,229.43,10.06,  765.62 ,14.64,  48.87 ,17.13,21.15,-0.21%,1.00,4.37,7.95%,2.96%,4.99%
1893.03,5.31,0.24,0.34,7.80,1893.21,3.74,226.49,10.34,  758.70 ,14.61,  48.94 ,16.90,20.86,-0.27%,1.00,4.49,8.02%,3.04%,4.98%
1893.04,5.31,0.24,0.33,7.71,1893.29,3.74,229.29,10.51,  771.00 ,14.39,  48.39 ,17.10,21.10,-0.36%,1.00,4.57,7.43%,2.90%,4.53%
1893.05,4.84,0.24,0.32,7.61,1893.37,3.73,211.61,10.68,  714.53 ,14.17,  47.86 ,15.78,19.47,0.11%,1.00,4.64,8.33%,2.99%,5.34%
1893.06,4.61,0.25,0.32,7.42,1893.46,3.73,206.72,10.99,  701.12 ,14.13,  47.91 ,15.42,19.03,0.30%,1.00,4.77,7.96%,2.72%,5.24%
1893.07,4.18,0.25,0.31,7.23,1893.54,3.73,192.37,11.31,  655.65 ,14.07,  47.97 ,14.35,17.73,0.73%,1.00,4.92,8.22%,2.44%,5.79%
1893.08,4.08,0.25,0.30,6.95,1893.62,3.72,195.48,11.82,  669.62 ,14.22,  48.70 ,14.59,18.03,0.23%,1.00,5.14,7.69%,2.01%,5.68%
1893.09,4.37,0.25,0.29,7.23,1893.71,3.72,201.11,11.39,  692.16 ,13.23,  45.54 ,15.01,18.57,0.53%,1.00,4.95,7.00%,2.29%,4.70%
1893.1,4.50,0.25,0.28,7.33,1893.79,3.71,204.41,11.28,  706.73 ,12.64,  43.71 ,15.27,18.90,0.55%,1.00,4.90,6.59%,2.53%,4.06%
1893.11,4.57,0.25,0.27,7.14,1893.87,3.71,213.12,11.62,  740.21 ,12.55,  43.60 ,15.94,19.74,0.13%,1.00,5.05,6.31%,2.37%,3.94%
1893.12,4.41,0.25,0.26,7.04,1893.96,3.70,208.44,11.82,  727.36 ,12.29,  42.88 ,15.61,19.34,0.03%,1.00,5.14,7.02%,2.22%,4.81%
1894.01,4.32,0.25,0.25,6.85,1894.04,3.70,209.86,11.98,  735.80 ,12.23,  42.87 ,15.74,19.52,-0.28%,1.00,5.30,6.88%,1.69%,5.19%
1894.02,4.38,0.24,0.24,6.76,1894.12,3.68,215.77,11.99,  760.03 ,11.99,  42.22 ,16.20,20.11,-0.58%,1.00,5.40,6.04%,1.29%,4.76%
1894.03,4.51,0.24,0.24,6.57,1894.21,3.66,228.61,12.17,  808.84 ,11.91,  42.15 ,17.19,21.34,-1.19%,1.00,5.58,5.52%,1.09%,4.43%
1894.04,4.57,0.24,0.23,6.57,1894.29,3.64,231.65,12.00,  823.14 ,11.49,  40.83 ,17.43,21.66,-1.05%,1.00,5.61,5.76%,1.18%,4.58%
1894.05,4.40,0.23,0.22,6.57,1894.37,3.62,223.04,11.83,  796.02 ,11.07,  39.49 ,16.81,20.90,-0.61%,1.00,5.63,6.18%,1.39%,4.79%
1894.06,4.34,0.23,0.21,6.57,1894.46,3.60,220.00,11.66,  788.63 ,10.64,  38.16 ,16.61,20.66,-0.52%,1.00,5.66,6.34%,1.37%,4.97%
1894.07,4.25,0.23,0.20,6.57,1894.54,3.58,215.43,11.49,  775.71 ,10.22,  36.81 ,16.29,20.29,-0.28%,1.00,5.69,6.99%,1.34%,5.65%
1894.08,4.41,0.22,0.19,6.76,1894.62,3.56,217.25,11.00,  785.54 ,9.52,  34.43 ,16.46,20.51,-0.04%,1.00,5.55,7.13%,1.49%,5.64%
1894.09,4.48,0.22,0.19,6.85,1894.71,3.54,217.63,10.69,  790.15 ,8.99,  32.63 ,16.52,20.61,0.20%,1.00,5.50,7.45%,1.49%,5.95%
1894.1,4.34,0.22,0.18,6.66,1894.79,3.52,216.85,10.83,  790.60 ,8.83,  32.19 ,16.50,20.60,0.06%,1.00,5.68,8.09%,1.18%,6.91%
1894.11,4.34,0.21,0.17,6.66,1894.87,3.50,216.85,10.66,  793.84 ,8.41,  30.78 ,16.54,20.67,0.28%,1.00,5.71,8.41%,0.93%,7.48%
1894.12,4.30,0.21,0.16,6.57,1894.96,3.48,217.97,10.64,  801.17 ,8.11,  29.81 ,16.67,20.86,0.23%,1.00,5.82,8.45%,0.76%,7.68%
1895.01,4.25,0.21,0.17,6.57,1895.04,3.46,215.43,10.56,  795.09 ,8.49,  31.34 ,16.52,20.69,0.30%,1.00,5.85,8.80%,0.74%,8.06%
1895.02,4.19,0.21,0.18,6.57,1895.12,3.47,212.39,10.48,  787.08 ,8.87,  32.87 ,16.33,20.47,0.25%,1.00,5.86,9.41%,0.75%,8.65%
1895.03,4.19,0.21,0.18,6.57,1895.21,3.48,212.39,10.39,  790.29 ,9.25,  34.42 ,16.36,20.53,0.45%,1.00,5.87,9.83%,0.88%,8.94%
1895.04,4.37,0.20,0.19,6.85,1895.29,3.50,212.29,9.88,  792.96 ,9.23,  34.48 ,16.39,20.58,0.73%,1.00,5.63,9.69%,1.33%,8.36%
1895.05,4.61,0.20,0.20,6.95,1895.37,3.51,220.88,9.66,  828.06 ,9.46,  35.48 ,17.08,21.46,0.84%,1.00,5.57,8.82%,1.59%,7.23%
1895.06,4.70,0.20,0.21,7.04,1895.46,3.52,222.15,9.45,  835.77 ,9.69,  36.45 ,17.21,21.63,1.15%,1.00,5.50,8.88%,1.75%,7.14%
1895.07,4.72,0.20,0.21,6.95,1895.54,3.53,226.15,9.50,  853.80 ,10.18,  38.44 ,17.55,22.06,0.78%,1.00,5.59,9.02%,1.62%,7.40%
1895.08,4.79,0.20,0.22,6.85,1895.62,3.54,232.69,9.56,  881.51 ,10.69,  40.49 ,18.07,22.73,0.46%,1.00,5.68,8.98%,1.38%,7.60%
1895.09,4.82,0.20,0.23,6.85,1895.71,3.55,234.15,9.47,  890.02 ,11.05,  42.01 ,18.20,22.89,0.53%,1.00,5.69,9.06%,1.51%,7.56%
1895.1,4.75,0.19,0.24,6.85,1895.79,3.57,230.75,9.39,  880.07 ,11.42,  43.54 ,17.94,22.57,0.60%,1.00,5.70,9.37%,1.52%,7.85%
1895.11,4.59,0.19,0.24,6.85,1895.87,3.58,222.97,9.31,  853.38 ,11.78,  45.09 ,17.34,21.81,0.66%,1.00,5.71,9.56%,1.41%,8.14%
1895.12,4.32,0.19,0.25,6.76,1895.96,3.59,212.81,9.36,  817.48 ,12.32,  47.31 ,16.55,20.82,0.56%,1.00,5.80,10.20%,1.17%,9.03%
1896.01,4.27,0.19,0.25,6.66,1896.04,3.60,213.36,9.45,  822.59 ,12.33,  47.53 ,16.58,20.86,0.63%,1.00,5.90,10.54%,1.04%,9.50%
1896.02,4.45,0.19,0.24,6.57,1896.12,3.58,225.57,9.54,  872.76 ,12.33,  47.72 ,17.52,22.04,0.18%,1.00,6.01,9.84%,0.86%,8.98%
1896.03,4.38,0.19,0.24,6.57,1896.21,3.57,222.02,9.50,  862.09 ,12.17,  47.24 ,17.23,21.69,0.41%,1.00,6.04,9.74%,0.83%,8.91%
1896.04,4.42,0.19,0.24,6.47,1896.29,3.55,227.35,9.60,  885.87 ,12.17,  47.44 ,17.64,22.20,0.26%,1.00,6.15,9.33%,0.65%,8.67%
1896.05,4.40,0.19,0.23,6.37,1896.37,3.53,229.70,9.70,  898.17 ,12.18,  47.62 ,17.83,22.43,0.32%,1.00,6.27,8.80%,0.36%,8.44%
1896.06,4.32,0.19,0.23,6.28,1896.46,3.52,228.94,9.80,  898.39 ,12.19,  47.83 ,17.78,22.37,0.33%,1.00,6.39,8.97%,0.18%,8.79%
1896.07,4.04,0.18,0.23,6.28,1896.54,3.50,214.10,9.76,  843.36 ,12.01,  47.32 ,16.64,20.93,0.61%,1.00,6.42,9.78%,0.49%,9.30%
1896.08,3.81,0.18,0.22,6.28,1896.62,3.48,201.91,9.71,  798.53 ,11.83,  46.80 ,15.70,19.76,0.86%,1.00,6.45,10.96%,0.23%,10.73%
1896.09,4.01,0.18,0.22,6.28,1896.71,3.47,212.51,9.67,  843.64 ,11.66,  46.28 ,16.54,20.82,0.55%,1.00,6.48,10.60%,0.09%,10.51%
1896.1,4.10,0.18,0.22,6.47,1896.79,3.45,210.89,9.35,  840.29 ,11.15,  44.41 ,16.44,20.69,0.90%,1.00,6.31,10.10%,0.14%,9.96%
1896.11,4.38,0.18,0.21,6.66,1896.87,3.43,218.85,9.03,  875.03 ,10.66,  42.61 ,17.09,21.51,0.97%,1.00,6.16,9.80%,0.29%,9.51%
1896.12,4.22,0.18,0.21,6.66,1896.96,3.42,210.86,8.99,  846.06 ,10.49,  42.10 ,16.50,20.77,1.07%,1.00,6.19,9.99%,0.15%,9.83%
1897.01,4.22,0.18,0.22,6.47,1897.04,3.40,217.06,9.26,  874.04 ,11.23,  45.21 ,17.03,21.43,0.38%,1.00,6.40,9.47%,-0.06%,9.53%
1897.02,4.18,0.18,0.23,6.47,1897.12,3.40,215.00,9.26,  868.87 ,11.66,  47.12 ,16.89,21.26,0.32%,1.00,6.42,8.99%,-0.29%,9.28%
1897.03,4.19,0.18,0.24,6.47,1897.21,3.39,215.52,9.26,  874.06 ,12.09,  49.02 ,16.96,21.33,0.30%,1.00,6.44,7.96%,-0.20%,8.16%
1897.04,4.06,0.18,0.24,6.37,1897.29,3.39,211.95,9.40,  862.76 ,12.70,  51.70 ,16.70,21.00,0.25%,1.00,6.55,8.20%,-0.36%,8.56%
1897.05,4.08,0.18,0.25,6.28,1897.37,3.38,216.22,9.54,  883.38 ,13.34,  54.50 ,17.05,21.44,-0.02%,1.00,6.67,7.39%,-0.73%,8.12%
1897.06,4.27,0.18,0.26,6.28,1897.46,3.38,226.29,9.54,  927.77 ,13.78,  56.49 ,17.85,22.43,-0.16%,1.00,6.69,6.45%,-0.85%,7.30%
1897.07,4.46,0.18,0.27,6.28,1897.54,3.38,236.35,9.54,  972.31 ,14.22,  58.49 ,18.65,23.42,-0.28%,1.00,6.72,6.40%,-0.86%,7.26%
1897.08,4.75,0.18,0.28,6.57,1897.62,3.37,240.78,9.12,  993.64 ,14.03,  57.88 ,19.01,23.84,-0.06%,1.00,6.44,5.39%,-0.43%,5.83%
1897.09,4.98,0.18,0.29,6.76,1897.71,3.37,245.33,8.87,"  1,015.45 ",14.04,  58.11 ,19.37,24.27,0.25%,1.00,6.28,5.10%,-0.16%,5.27%
1897.1,4.82,0.18,0.29,6.66,1897.79,3.36,240.84,8.99,  999.97 ,14.66,  60.85 ,19.03,23.81,0.09%,1.00,6.39,4.01%,-0.42%,4.43%
1897.11,4.65,0.18,0.30,6.66,1897.87,3.36,232.34,8.99,  967.82 ,15.07,  62.79 ,18.36,22.94,0.17%,1.00,6.41,4.21%,-0.02%,4.23%
1897.12,4.75,0.18,0.31,6.66,1897.96,3.35,237.34,8.99,  991.75 ,15.49,  64.72 ,18.75,23.40,-0.17%,1.00,6.43,4.76%,0.18%,4.58%
1898.01,4.88,0.18,0.31,6.66,1898.04,3.35,243.83,9.08,"  1,022.05 ",15.65,  65.62 ,19.25,23.99,-0.42%,1.00,6.45,5.05%,0.28%,4.77%
1898.02,4.87,0.18,0.32,6.76,1898.12,3.33,239.91,9.03,"  1,008.75 ",15.60,  65.60 ,18.92,23.55,-0.06%,1.00,6.39,4.97%,0.53%,4.45%
1898.03,4.65,0.19,0.32,6.76,1898.21,3.31,229.07,9.11,  966.37 ,15.76,  66.50 ,18.04,22.44,0.22%,1.00,6.42,5.90%,0.52%,5.38%
1898.04,4.57,0.19,0.32,6.76,1898.29,3.29,225.13,9.20,  952.98 ,15.93,  67.42 ,17.71,22.00,0.46%,1.00,6.45,6.54%,0.41%,6.14%
1898.05,4.87,0.19,0.33,7.23,1898.37,3.27,224.12,8.67,  951.78 ,15.04,  63.85 ,17.60,21.84,1.30%,1.00,6.05,7.17%,1.09%,6.08%
1898.06,5.06,0.19,0.33,6.76,1898.46,3.25,249.27,9.36,"  1,061.87 ",16.26,  69.25 ,19.54,24.23,0.20%,1.00,6.51,6.06%,0.39%,5.67%
1898.07,5.08,0.19,0.33,6.66,1898.54,3.23,253.83,9.58,"  1,084.70 ",16.65,  71.17 ,19.86,24.60,-0.11%,1.00,6.63,6.15%,0.14%,6.01%
1898.08,5.27,0.19,0.34,6.66,1898.62,3.20,263.32,9.66,"  1,128.71 ",16.82,  72.11 ,20.54,25.42,-0.26%,1.00,6.66,6.22%,0.13%,6.09%
1898.09,5.26,0.20,0.34,6.66,1898.71,3.18,262.82,9.74,"  1,130.05 ",16.99,  73.04 ,20.44,25.26,-0.21%,1.00,6.69,6.13%,0.13%,6.01%
1898.1,5.15,0.20,0.34,6.66,1898.79,3.16,257.33,9.83,"  1,109.94 ",17.15,  73.99 ,19.95,24.63,-0.19%,1.00,6.72,6.38%,0.01%,6.37%
1898.11,5.32,0.20,0.35,6.66,1898.87,3.14,265.82,9.91,"  1,150.14 ",17.32,  74.95 ,20.53,25.32,-0.42%,1.00,6.75,6.63%,-0.10%,6.73%
1898.12,5.65,0.20,0.35,6.76,1898.96,3.12,278.33,9.85,"  1,207.83 ",17.24,  74.82 ,21.40,26.37,-0.46%,1.00,6.68,6.27%,-0.07%,6.34%
1899.01,6.08,0.20,0.36,6.76,1899.04,3.10,299.52,9.89,"  1,303.33 ",17.77,  77.34 ,22.93,28.22,-0.41%,1.00,6.71,5.65%,0.03%,5.62%
1899.02,6.31,0.20,0.37,6.95,1899.12,3.10,302.33,9.66,"  1,319.08 ",17.81,  77.70 ,23.05,28.33,-0.04%,1.00,6.54,5.15%,0.21%,4.94%
1899.03,6.40,0.20,0.38,6.95,1899.21,3.11,306.64,9.70,"  1,341.42 ",18.33,  80.17 ,23.28,28.57,0.03%,1.00,6.56,5.15%,0.20%,4.95%
1899.04,6.48,0.20,0.39,7.04,1899.29,3.11,306.28,9.61,"  1,343.34 ",18.59,  81.53 ,23.15,28.37,0.19%,1.00,6.48,5.42%,0.13%,5.29%
1899.05,6.21,0.20,0.40,7.04,1899.37,3.12,293.52,9.65,"  1,290.89 ",19.10,  84.02 ,22.09,27.03,0.63%,1.00,6.50,6.12%,0.03%,6.09%
1899.06,6.07,0.21,0.42,7.14,1899.46,3.12,283.07,9.56,"  1,248.47 ",19.35,  85.36 ,21.21,25.92,0.95%,1.00,6.42,6.59%,0.06%,6.53%
1899.07,6.28,0.21,0.43,7.23,1899.54,3.13,289.01,9.47,"  1,278.15 ",19.60,  86.66 ,21.56,26.31,1.00%,1.00,6.35,6.53%,0.19%,6.34%
1899.08,6.44,0.21,0.44,7.33,1899.62,3.13,292.53,9.39,"  1,297.15 ",19.84,  87.96 ,21.73,26.47,1.09%,1.00,6.29,6.55%,0.22%,6.33%
1899.09,6.37,0.21,0.45,7.61,1899.71,3.13,278.50,9.07,"  1,238.29 ",19.56,  86.99 ,20.59,25.04,1.60%,1.00,6.06,6.99%,0.50%,6.49%
1899.1,6.34,0.21,0.46,7.71,1899.79,3.14,273.77,8.99,"  1,220.57 ",19.79,  88.23 ,20.15,24.48,1.82%,1.00,6.00,7.02%,0.43%,6.59%
1899.11,6.46,0.21,0.47,7.80,1899.87,3.14,275.54,8.92,"  1,231.82 ",20.01,  89.47 ,20.20,24.49,1.93%,1.00,5.94,6.80%,0.46%,6.34%
1899.12,6.02,0.21,0.48,7.90,1899.96,3.15,253.68,8.85,"  1,137.39 ",20.23,  90.69 ,18.51,22.42,2.38%,1.00,5.88,7.72%,0.48%,7.24%
1900.01,6.10,0.22,0.48,7.90,1900.04,3.15,257.05,9.17,"  1,155.93 ",20.23,  90.96 ,18.67,22.59,2.57%,1.00,5.90,7.45%,0.58%,6.88%
1900.02,6.21,0.23,0.48,7.99,1900.12,3.15,258.57,9.37,"  1,166.27 ",19.99,  90.15 ,18.70,22.60,2.69%,1.00,5.84,7.01%,0.69%,6.31%
1900.03,6.26,0.23,0.48,7.99,1900.21,3.14,260.66,9.68,"  1,179.30 ",19.99,  90.43 ,18.78,22.66,2.67%,1.00,5.86,6.99%,0.50%,6.48%
1900.04,6.34,0.24,0.48,7.99,1900.29,3.14,263.99,9.99,"  1,198.14 ",19.99,  90.71 ,18.94,22.83,2.63%,1.00,5.88,6.50%,0.41%,6.09%
1900.05,6.04,0.25,0.48,7.80,1900.37,3.13,257.63,10.56,"  1,173.28 ",20.47,  93.24 ,18.40,22.17,2.42%,1.00,6.04,6.79%,0.35%,6.44%
1900.06,5.86,0.26,0.48,7.71,1900.46,3.13,253.04,11.01,"  1,156.55 ",20.73,  94.73 ,17.99,21.67,2.43%,1.00,6.13,6.56%,0.32%,6.24%
1900.07,5.86,0.26,0.48,7.80,1900.54,3.13,249.95,11.20,"  1,146.71 ",20.47,  93.93 ,17.69,21.29,2.65%,1.00,6.08,6.15%,0.44%,5.70%
1900.08,5.94,0.27,0.48,7.71,1900.62,3.12,256.49,11.66,"  1,181.17 ",20.73,  95.45 ,18.07,21.75,2.05%,1.00,6.17,6.24%,0.42%,5.82%
1900.09,5.80,0.28,0.48,7.80,1900.71,3.12,247.39,11.84,"  1,143.81 ",20.47,  94.66 ,17.34,20.87,2.29%,1.00,6.11,6.80%,0.64%,6.16%
1900.1,6.01,0.29,0.48,7.71,1900.79,3.11,259.52,12.31,"  1,204.60 ",20.73,  96.21 ,18.10,21.78,1.93%,1.00,6.21,7.09%,0.81%,6.28%
1900.11,6.48,0.29,0.48,7.71,1900.87,3.11,279.81,12.63,"  1,303.68 ",20.73,  96.57 ,19.42,23.37,1.80%,1.00,6.22,6.50%,1.02%,5.48%
1900.12,6.87,0.30,0.48,7.61,1900.96,3.10,300.36,13.12,"  1,404.52 ",20.99,  98.13 ,20.74,24.95,1.35%,1.00,6.32,5.45%,0.89%,4.56%
1901.01,7.07,0.30,0.48,7.71,1901.04,3.10,305.29,13.03,"  1,432.64 ",20.80,  97.61 ,20.98,25.22,1.54%,1.00,6.26,5.54%,1.01%,4.53%
1901.02,7.25,0.30,0.48,7.61,1901.12,3.11,316.97,13.26,"  1,492.66 ",21.13,  99.50 ,21.68,26.05,1.14%,1.00,6.35,5.67%,1.22%,4.45%
1901.03,7.51,0.31,0.49,7.61,1901.21,3.11,328.34,13.33,"  1,551.42 ",21.20,  100.19 ,22.35,26.84,0.87%,1.00,6.37,5.07%,1.12%,3.95%
1901.04,8.14,0.31,0.49,7.52,1901.29,3.12,360.39,13.58,"  1,708.20 ",21.55,  102.14 ,24.41,29.29,0.25%,1.00,6.46,4.40%,1.33%,3.07%
1901.05,7.73,0.31,0.49,7.52,1901.37,3.13,342.24,13.65,"  1,627.55 ",21.62,  102.81 ,23.06,27.66,0.60%,1.00,6.47,5.17%,1.34%,3.83%
1901.06,8.50,0.31,0.49,7.52,1901.46,3.13,376.33,13.72,"  1,795.12 ",21.69,  103.48 ,25.24,30.24,0.46%,1.00,6.49,4.39%,1.35%,3.04%
1901.07,7.93,0.31,0.49,7.61,1901.54,3.14,346.70,13.63,"  1,659.22 ",21.50,  102.88 ,23.14,27.71,1.06%,1.00,6.42,5.10%,1.38%,3.72%
1901.08,8.04,0.31,0.49,7.71,1901.62,3.15,347.17,13.53,"  1,666.86 ",21.30,  102.27 ,23.08,27.61,1.19%,1.00,6.35,4.25%,1.20%,3.06%
1901.09,8.00,0.32,0.50,7.80,1901.71,3.15,341.23,13.44,"  1,643.72 ",21.11,  101.71 ,22.59,27.01,1.52%,1.00,6.29,3.76%,1.23%,2.53%
1901.1,7.91,0.32,0.50,7.80,1901.79,3.16,337.39,13.51,"  1,630.65 ",21.19,  102.39 ,22.25,26.59,1.58%,1.00,6.30,3.94%,1.24%,2.71%
1901.11,8.08,0.32,0.50,7.90,1901.87,3.17,340.49,13.41,"  1,651.03 ",21.00,  101.82 ,22.38,26.71,1.80%,1.00,6.24,4.38%,1.48%,2.90%
1901.12,7.95,0.32,0.50,7.99,1901.96,3.17,331.03,13.32,"  1,610.51 ",20.82,  101.29 ,21.68,25.87,2.05%,1.00,6.17,4.84%,1.71%,3.12%
1902.01,8.12,0.32,0.51,7.90,1902.04,3.18,342.18,13.52,"  1,670.25 ",21.53,  105.07 ,22.34,26.64,2.05%,1.00,6.26,4.40%,1.50%,2.91%
1902.02,8.19,0.32,0.52,7.90,1902.12,3.19,345.13,13.56,"  1,690.16 ",21.98,  107.66 ,22.46,26.76,2.02%,1.00,6.27,4.13%,1.38%,2.75%
1902.03,8.20,0.32,0.53,7.90,1902.21,3.20,345.55,13.59,"  1,697.77 ",22.44,  110.25 ,22.41,26.67,2.28%,1.00,6.28,4.21%,1.16%,3.05%
1902.04,8.48,0.32,0.54,7.99,1902.29,3.21,353.09,13.46,"  1,740.36 ",22.62,  111.50 ,22.82,27.14,2.45%,1.00,6.22,4.00%,0.96%,3.04%
1902.05,8.46,0.32,0.55,8.09,1902.37,3.22,348.12,13.34,"  1,721.30 ",22.80,  112.76 ,22.43,26.64,2.63%,1.00,6.16,4.15%,1.07%,3.08%
1902.06,8.41,0.33,0.57,8.18,1902.46,3.23,342.04,13.22,"  1,696.68 ",22.98,  113.99 ,21.96,26.06,2.84%,1.00,6.10,4.44%,1.27%,3.17%
1902.07,8.60,0.33,0.58,8.18,1902.54,3.24,349.76,13.25,"  1,740.49 ",23.42,  116.53 ,22.39,26.53,2.47%,1.00,6.11,4.23%,1.26%,2.97%
1902.08,8.83,0.33,0.59,8.09,1902.62,3.25,363.34,13.44,"  1,813.64 ",24.14,  120.51 ,23.17,27.42,2.06%,1.00,6.19,3.98%,1.03%,2.95%
1902.09,8.85,0.33,0.60,8.18,1902.71,3.26,359.93,13.32,"  1,802.15 ",24.30,  121.67 ,22.86,27.02,2.23%,1.00,6.13,4.04%,1.03%,3.00%
1902.1,8.57,0.33,0.61,8.75,1902.79,3.27,325.81,12.48,"  1,636.52 ",23.13,  116.16 ,20.60,24.33,3.38%,1.00,5.74,5.07%,1.71%,3.36%
1902.11,8.24,0.33,0.62,8.47,1902.87,3.28,323.83,12.94,"  1,631.97 ",24.33,  122.64 ,20.41,24.08,2.82%,1.00,5.95,5.02%,1.36%,3.66%
1902.12,8.05,0.33,0.63,8.56,1902.96,3.29,312.84,12.82,"  1,582.01 ",24.48,  123.81 ,19.63,23.15,2.99%,1.00,5.89,5.11%,1.56%,3.55%
1903.01,8.46,0.33,0.62,8.66,1903.04,3.30,325.16,12.75,"  1,649.68 ",23.90,  121.23 ,20.32,23.93,2.55%,1.00,5.84,4.52%,1.56%,2.96%
1903.02,8.41,0.33,0.61,8.66,1903.12,3.31,323.24,12.81,"  1,645.35 ",23.57,  119.99 ,20.11,23.67,2.47%,1.00,5.85,4.22%,1.59%,2.63%
1903.03,8.08,0.34,0.61,8.37,1903.21,3.32,321.14,13.31,"  1,640.32 ",24.05,  122.82 ,19.88,23.40,2.42%,1.00,6.06,4.10%,1.29%,2.81%
1903.04,7.75,0.34,0.60,8.37,1903.29,3.33,308.03,13.38,"  1,579.02 ",23.72,  121.57 ,18.98,22.33,2.78%,1.00,6.08,4.53%,1.33%,3.21%
1903.05,7.60,0.34,0.59,8.18,1903.37,3.33,309.09,13.76,"  1,590.35 ",23.93,  123.11 ,18.95,22.29,2.67%,1.00,6.23,4.32%,1.23%,3.09%
1903.06,7.18,0.34,0.58,8.18,1903.46,3.34,292.01,13.83,"  1,508.40 ",23.59,  121.85 ,17.82,20.96,3.25%,1.00,6.24,4.28%,1.16%,3.12%
1903.07,6.85,0.34,0.57,8.18,1903.54,3.35,278.59,13.90,"  1,445.05 ",23.25,  120.60 ,16.92,19.91,3.80%,1.00,6.26,4.82%,1.10%,3.72%
1903.08,6.63,0.34,0.56,8.18,1903.62,3.36,269.64,13.96,"  1,404.68 ",22.91,  119.34 ,16.30,19.19,4.43%,1.00,6.27,5.44%,1.13%,4.31%
1903.09,6.47,0.35,0.56,8.28,1903.71,3.37,260.11,13.87,"  1,361.04 ",22.31,  116.75 ,15.65,18.45,4.38%,1.00,6.21,5.82%,1.18%,4.64%
1903.1,6.26,0.35,0.55,8.18,1903.79,3.38,254.60,14.10,"  1,338.33 ",22.23,  116.88 ,15.25,18.00,4.29%,1.00,6.30,5.71%,1.10%,4.61%
1903.11,6.28,0.35,0.54,8.09,1903.87,3.38,258.41,14.33,"  1,364.67 ",22.15,  116.98 ,15.41,18.20,4.37%,1.00,6.38,5.18%,0.91%,4.26%
1903.12,6.57,0.35,0.53,8.09,1903.96,3.39,270.35,14.40,"  1,434.03 ",21.81,  115.68 ,16.04,18.97,4.24%,1.00,6.40,4.80%,1.05%,3.75%
1904.01,6.68,0.35,0.53,8.28,1904.04,3.40,268.55,13.94,"  1,430.68 ",21.17,  112.81 ,15.86,18.78,4.81%,1.00,6.26,5.30%,1.32%,3.98%
1904.02,6.50,0.34,0.52,8.47,1904.12,3.41,255.45,13.49,"  1,366.84 ",20.57,  110.04 ,15.02,17.80,5.54%,1.00,6.14,6.07%,1.66%,4.42%
1904.03,6.48,0.34,0.52,8.37,1904.21,3.41,257.55,13.51,"  1,384.14 ",20.67,  111.07 ,15.08,17.90,5.68%,1.00,6.22,5.79%,1.55%,4.24%
1904.04,6.64,0.34,0.52,8.28,1904.29,3.42,266.95,13.54,"  1,440.68 ",20.77,  112.11 ,15.57,18.49,5.35%,1.00,6.31,5.26%,1.54%,3.72%
1904.05,6.50,0.33,0.51,8.09,1904.37,3.43,267.47,13.71,"  1,449.66 ",21.12,  114.48 ,15.53,18.46,5.12%,1.00,6.47,5.20%,1.21%,3.99%
1904.06,6.51,0.33,0.51,8.09,1904.46,3.43,267.88,13.58,"  1,458.02 ",20.99,  114.22 ,15.47,18.42,5.14%,1.00,6.48,5.14%,1.22%,3.92%
1904.07,6.78,0.33,0.51,8.09,1904.54,3.44,278.99,13.44,"  1,524.59 ",20.85,  113.94 ,16.04,19.11,4.90%,1.00,6.50,4.02%,1.12%,2.90%
1904.08,7.01,0.32,0.50,8.18,1904.62,3.45,285.10,13.15,"  1,563.97 ",20.47,  112.29 ,16.30,19.45,4.62%,1.00,6.44,3.60%,1.05%,2.56%
1904.09,7.32,0.32,0.50,8.28,1904.71,3.45,294.28,12.86,"  1,620.24 ",20.10,  110.67 ,16.74,19.99,4.43%,1.00,6.38,3.29%,1.17%,2.12%
1904.1,7.75,0.32,0.50,8.28,1904.79,3.46,311.57,12.73,"  1,721.26 ",19.97,  110.32 ,17.63,21.07,4.41%,1.00,6.39,2.81%,1.28%,1.54%
1904.11,8.17,0.31,0.49,8.47,1904.87,3.47,321.08,12.31,"  1,779.44 ",19.39,  107.44 ,18.08,21.61,4.50%,1.00,6.26,2.42%,1.41%,1.00%
1904.12,8.25,0.31,0.49,8.47,1904.96,3.47,324.22,12.18,"  1,802.49 ",19.26,  107.06 ,18.16,21.72,4.61%,1.00,6.28,1.99%,1.52%,0.47%
1905.01,8.43,0.31,0.51,8.47,1905.04,3.48,331.29,12.25,"  1,847.49 ",19.85,  110.67 ,18.46,22.09,4.52%,1.00,6.29,1.96%,1.53%,0.44%
1905.02,8.80,0.31,0.52,8.47,1905.12,3.48,345.83,12.31,"  1,934.30 ",20.44,  114.30 ,19.17,22.94,4.32%,1.00,6.31,1.51%,1.64%,-0.14%
1905.03,9.05,0.32,0.54,8.37,1905.21,3.47,359.70,12.52,"  2,017.68 ",21.26,  119.28 ,19.83,23.74,4.03%,1.00,6.41,1.48%,1.65%,-0.16%
1905.04,8.94,0.32,0.55,8.37,1905.29,3.47,355.33,12.59,"  1,999.04 ",21.86,  122.98 ,19.48,23.33,3.69%,1.00,6.43,2.26%,1.56%,0.70%
1905.05,8.50,0.32,0.57,8.28,1905.37,3.46,341.72,12.80,"  1,928.50 ",22.71,  128.19 ,18.63,22.31,3.67%,1.00,6.52,2.33%,1.36%,0.97%
1905.06,8.60,0.32,0.58,8.28,1905.46,3.46,345.74,12.86,"  1,957.24 ",23.32,  132.00 ,18.74,22.45,3.51%,1.00,6.54,2.34%,1.37%,0.97%
1905.07,8.87,0.32,0.60,8.28,1905.54,3.46,356.60,12.93,"  2,024.79 ",23.92,  135.82 ,19.21,23.01,3.52%,1.00,6.56,2.00%,1.39%,0.61%
1905.08,9.20,0.32,0.61,8.37,1905.62,3.45,365.66,12.85,"  2,082.33 ",24.24,  138.07 ,19.57,23.45,3.69%,1.00,6.51,2.18%,1.52%,0.66%
1905.09,9.23,0.33,0.63,8.28,1905.71,3.45,371.07,13.07,"  2,119.34 ",25.13,  143.51 ,19.74,23.65,3.53%,1.00,6.61,2.42%,1.42%,1.00%
1905.1,9.36,0.33,0.64,8.28,1905.79,3.44,376.30,13.13,"  2,155.44 ",25.73,  147.38 ,19.90,23.83,3.49%,1.00,6.63,2.73%,1.33%,1.40%
1905.11,9.31,0.33,0.66,8.37,1905.87,3.44,370.03,13.05,"  2,125.79 ",26.03,  149.56 ,19.44,23.28,3.73%,1.00,6.57,3.17%,1.37%,1.80%
1905.12,9.54,0.33,0.67,8.47,1905.96,3.43,374.92,12.97,"  2,160.06 ",26.33,  151.70 ,19.58,23.43,3.96%,1.00,6.52,3.07%,1.50%,1.57%
1906.01,9.87,0.34,0.68,8.47,1906.04,3.43,387.88,13.20,"  2,241.11 ",26.63,  153.84 ,20.13,24.08,3.97%,1.00,6.54,2.46%,1.41%,1.05%
1906.02,9.80,0.34,0.69,8.47,1906.12,3.45,385.13,13.43,"  2,231.68 ",26.92,  155.99 ,19.87,23.75,4.16%,1.00,6.55,2.41%,1.42%,0.98%
1906.03,9.56,0.35,0.69,8.47,1906.21,3.47,375.70,13.66,"  2,183.62 ",27.21,  158.18 ,19.26,23.02,4.30%,1.00,6.56,2.54%,1.34%,1.21%
1906.04,9.43,0.35,0.70,8.47,1906.29,3.49,370.59,13.88,"  2,160.65 ",27.51,  160.39 ,18.88,22.56,4.54%,1.00,6.57,2.48%,1.25%,1.23%
1906.05,9.18,0.36,0.71,8.56,1906.37,3.51,356.76,13.96,"  2,086.78 ",27.50,  160.83 ,18.05,21.57,5.02%,1.00,6.50,3.01%,1.28%,1.74%
1906.06,9.30,0.37,0.72,8.56,1906.46,3.53,361.42,14.18,"  2,120.97 ",27.79,  163.06 ,18.17,21.72,5.12%,1.00,6.51,2.89%,1.19%,1.70%
1906.07,9.06,0.37,0.72,8.28,1906.54,3.55,364.24,14.91,"  2,144.77 ",29.05,  171.04 ,18.20,21.75,4.75%,1.00,6.74,2.68%,0.86%,1.82%
1906.08,9.73,0.38,0.73,8.47,1906.62,3.57,382.38,14.80,"  2,258.89 ",28.69,  169.48 ,18.97,22.67,4.74%,1.00,6.60,2.18%,1.00%,1.18%
1906.09,10.03,0.38,0.74,8.56,1906.71,3.59,389.79,14.86,"  2,309.98 ",28.66,  169.85 ,19.20,22.94,4.77%,1.00,6.53,2.22%,0.94%,1.28%
1906.1,9.73,0.39,0.75,8.75,1906.79,3.61,369.91,14.76,"  2,199.45 ",28.32,  168.41 ,18.10,21.62,4.99%,1.00,6.40,2.90%,0.99%,1.91%
1906.11,9.93,0.39,0.75,8.85,1906.87,3.63,373.46,14.83,"  2,227.89 ",28.30,  168.83 ,18.14,21.68,4.76%,1.00,6.34,2.87%,0.94%,1.93%
1906.12,9.84,0.40,0.76,8.94,1906.96,3.65,366.14,14.88,"  2,191.60 ",28.28,  169.27 ,17.66,21.11,5.00%,1.00,6.28,2.58%,0.97%,1.61%
1907.01,9.56,0.40,0.75,8.85,1907.04,3.67,359.54,15.17,"  2,159.71 ",28.27,  169.82 ,17.22,20.60,5.32%,1.00,6.36,2.45%,0.78%,1.67%
1907.02,9.26,0.41,0.74,9.04,1907.12,3.69,340.93,14.97,"  2,055.38 ",27.37,  164.99 ,16.22,19.41,5.88%,1.00,6.23,2.16%,0.74%,1.42%
1907.03,8.35,0.41,0.74,8.94,1907.21,3.70,310.69,15.26,"  1,880.78 ",27.35,  165.55 ,14.69,17.60,6.40%,1.00,6.31,3.44%,0.62%,2.81%
1907.04,8.39,0.41,0.73,8.94,1907.29,3.72,312.18,15.38,"  1,897.55 ",27.04,  164.36 ,14.67,17.59,6.54%,1.00,6.32,2.74%,0.13%,2.61%
1907.05,8.10,0.42,0.72,9.13,1907.37,3.74,295.11,15.18,"  1,801.47 ",26.17,  159.75 ,13.79,16.56,7.33%,1.00,6.20,2.82%,0.18%,2.64%
1907.06,7.84,0.42,0.71,9.23,1907.46,3.75,282.70,15.14,"  1,733.39 ",25.60,  156.98 ,13.14,15.81,7.78%,1.00,6.15,3.32%,0.12%,3.20%
1907.07,8.14,0.42,0.70,9.23,1907.54,3.77,293.51,15.26,"  1,807.52 ",25.30,  155.82 ,13.59,16.36,7.52%,1.00,6.16,2.82%,0.28%,2.55%
1907.08,7.53,0.43,0.69,9.23,1907.62,3.79,271.52,15.39,"  1,679.96 ",25.00,  154.68 ,12.51,15.09,7.67%,1.00,6.17,3.17%,0.12%,3.06%
1907.09,7.45,0.43,0.69,9.23,1907.71,3.80,268.63,15.51,"  1,670.11 ",24.70,  153.56 ,12.33,14.90,7.48%,1.00,6.18,2.56%,-0.11%,2.68%
1907.1,6.64,0.43,0.68,9.32,1907.79,3.82,236.98,15.46,"  1,481.34 ",24.15,  150.97 ,10.83,13.12,8.83%,1.00,6.13,3.14%,-0.16%,3.31%
1907.11,6.25,0.44,0.67,8.94,1907.87,3.84,232.56,16.25,"  1,462.13 ",24.87,  156.34 ,10.59,12.86,8.60%,1.00,6.40,2.47%,-0.58%,3.05%
1907.12,6.57,0.44,0.66,8.75,1907.96,3.85,249.78,16.73,"  1,579.17 ",25.09,  158.64 ,11.33,13.80,7.74%,1.00,6.55,1.26%,-0.95%,2.21%
1908.01,6.85,0.44,0.65,8.66,1908.04,3.87,263.28,16.78,"  1,673.41 ",25.11,  159.60 ,11.90,14.52,7.19%,1.00,6.64,1.13%,-1.27%,2.40%
1908.02,6.60,0.43,0.65,8.56,1908.12,3.86,256.49,16.84,"  1,639.17 ",25.13,  160.61 ,11.55,14.13,7.19%,1.00,6.74,1.65%,-1.45%,3.10%
1908.03,6.87,0.43,0.64,8.56,1908.21,3.85,266.99,16.71,"  1,715.13 ",24.87,  159.78 ,11.98,14.68,6.89%,1.00,6.76,1.13%,-1.37%,2.51%
1908.04,7.24,0.43,0.63,8.66,1908.29,3.84,278.27,16.40,"  1,796.41 ",24.34,  157.14 ,12.45,15.28,6.70%,1.00,6.71,0.50%,-1.40%,1.90%
1908.05,7.63,0.42,0.63,8.66,1908.37,3.83,293.26,16.27,"  1,901.93 ",24.09,  156.22 ,13.08,16.07,5.63%,1.00,6.74,0.10%,-1.61%,1.71%
1908.06,7.64,0.42,0.62,8.66,1908.46,3.82,293.65,16.14,"  1,913.15 ",23.83,  155.26 ,13.05,16.06,6.35%,1.00,6.77,-0.01%,-1.74%,1.73%
1908.07,7.92,0.42,0.61,8.75,1908.54,3.82,301.10,15.84,"  1,970.31 ",23.32,  152.57 ,13.35,16.44,6.45%,1.00,6.72,-0.42%,-1.89%,1.47%
1908.08,8.26,0.41,0.61,8.75,1908.62,3.81,314.03,15.71,"  2,063.46 ",23.07,  151.56 ,13.88,17.12,6.17%,1.00,6.75,-0.92%,-2.08%,1.16%
1908.09,8.17,0.41,0.60,8.75,1908.71,3.80,310.60,15.59,"  2,049.51 ",22.81,  150.51 ,13.70,16.92,6.27%,1.00,6.77,-1.03%,-2.27%,1.24%
1908.1,8.27,0.41,0.59,8.85,1908.79,3.79,311.03,15.30,"  2,060.71 ",22.31,  147.84 ,13.69,16.92,6.40%,1.00,6.73,-0.80%,-2.34%,1.55%
1908.11,8.83,0.40,0.59,8.94,1908.87,3.78,328.55,15.01,"  2,185.13 ",21.83,  145.19 ,14.44,17.85,6.14%,1.00,6.68,-1.25%,-2.42%,1.16%
1908.12,9.03,0.40,0.58,9.04,1908.96,3.77,332.46,14.73,"  2,219.25 ",21.35,  142.54 ,14.58,18.04,6.04%,1.00,6.64,-1.66%,-2.43%,0.76%
1909.01,9.06,0.40,0.60,8.94,1909.04,3.76,337.11,15.01,"  2,258.67 ",22.14,  148.33 ,14.76,18.28,5.86%,1.00,6.73,-1.84%,-2.53%,0.69%
1909.02,8.80,0.41,0.61,9.04,1909.12,3.77,323.99,14.97,"  2,179.11 ",22.46,  151.05 ,14.17,17.55,5.96%,1.00,6.68,-1.21%,-2.26%,1.05%
1909.03,8.92,0.41,0.63,9.04,1909.21,3.79,328.41,15.10,"  2,217.29 ",23.01,  155.36 ,14.34,17.77,5.86%,1.00,6.69,-1.15%,-2.39%,1.24%
1909.04,9.32,0.41,0.64,9.23,1909.29,3.80,336.06,14.90,"  2,277.35 ",23.08,  156.38 ,14.65,18.16,5.77%,1.00,6.57,-1.22%,-2.38%,1.17%
1909.05,9.63,0.42,0.66,9.32,1909.37,3.81,343.70,14.87,"  2,337.48 ",23.38,  158.99 ,14.95,18.55,5.73%,1.00,6.51,-0.88%,-2.41%,1.53%
1909.06,9.80,0.42,0.67,9.42,1909.46,3.82,346.23,14.84,"  2,363.12 ",23.67,  161.56 ,15.04,18.66,5.64%,1.00,6.46,-0.68%,-2.33%,1.65%
1909.07,9.94,0.42,0.69,9.42,1909.54,3.84,351.18,14.96,"  2,405.38 ",24.20,  165.76 ,15.23,18.90,5.41%,1.00,6.48,-0.78%,-2.62%,1.85%
1909.08,10.18,0.43,0.70,9.51,1909.62,3.85,356.06,14.92,"  2,447.34 ",24.48,  168.28 ,15.42,19.13,5.29%,1.00,6.43,-1.75%,-2.70%,0.95%
1909.09,10.19,0.43,0.72,9.61,1909.71,3.86,352.88,14.89,"  2,434.03 ",24.76,  170.79 ,15.25,18.93,5.05%,1.00,6.38,-1.55%,-2.68%,1.12%
1909.1,10.23,0.43,0.73,9.80,1909.79,3.87,347.39,14.71,"  2,404.59 ",24.79,  171.59 ,14.99,18.60,5.23%,1.00,6.27,-1.06%,-2.66%,1.60%
1909.11,10.18,0.44,0.75,9.90,1909.87,3.89,342.36,14.69,"  2,378.29 ",25.06,  174.05 ,14.75,18.29,5.30%,1.00,6.22,-1.41%,-2.79%,1.37%
1909.12,10.30,0.44,0.76,9.99,1909.96,3.90,343.10,14.66,"  2,391.89 ",25.32,  176.49 ,14.75,18.30,5.26%,1.00,6.17,-1.93%,-2.92%,0.99%
1910.01,10.08,0.44,0.76,9.90,1910.04,3.91,339.00,14.88,"  2,371.96 ",25.48,  178.25 ,14.55,18.05,5.24%,1.00,6.25,-2.10%,-3.22%,1.12%
1910.02,9.72,0.45,0.76,9.90,1910.12,3.92,326.89,14.97,"  2,295.97 ",25.39,  178.34 ,14.00,17.37,5.38%,1.00,6.26,-2.67%,-3.32%,0.65%
1910.03,9.96,0.45,0.75,10.09,1910.21,3.92,328.65,14.77,"  2,316.93 ",24.83,  175.05 ,14.05,17.44,5.55%,1.00,6.16,-2.15%,-3.23%,1.08%
1910.04,9.72,0.45,0.75,10.18,1910.29,3.93,317.73,14.71,"  2,248.60 ",24.52,  173.50 ,13.56,16.83,5.90%,1.00,6.12,-2.18%,-3.42%,1.24%
1910.05,9.56,0.45,0.75,9.99,1910.37,3.93,318.45,15.07,"  2,262.59 ",24.90,  176.91 ,13.57,16.85,5.94%,1.00,6.26,-2.96%,-3.74%,0.78%
1910.06,9.10,0.46,0.75,9.90,1910.46,3.94,306.04,15.30,"  2,183.50 ",25.06,  178.76 ,13.02,16.18,6.27%,1.00,6.33,-2.87%,-3.96%,1.09%
1910.07,8.64,0.46,0.74,9.90,1910.54,3.95,290.57,15.39,"  2,082.27 ",24.97,  178.95 ,12.34,15.35,6.56%,1.00,6.35,-2.32%,-3.91%,1.59%
1910.08,8.85,0.46,0.74,9.80,1910.62,3.95,300.52,15.62,"  2,162.92 ",25.13,  180.85 ,12.75,15.86,6.33%,1.00,6.43,-2.79%,-3.76%,0.97%
1910.09,8.91,0.46,0.74,9.70,1910.71,3.96,305.53,15.86,"  2,208.45 ",25.29,  182.80 ,12.94,16.11,5.98%,1.00,6.51,-2.46%,-3.71%,1.25%
1910.1,9.32,0.47,0.74,9.42,1910.79,3.96,329.27,16.43,"  2,389.97 ",25.97,  188.48 ,13.92,17.34,5.25%,1.00,6.73,-3.11%,-3.94%,0.83%
1910.11,9.31,0.47,0.73,9.23,1910.87,3.97,335.70,16.86,"  2,446.83 ",26.41,  192.51 ,14.16,17.65,4.91%,1.00,6.89,-3.74%,-4.08%,0.35%
1910.12,9.05,0.47,0.73,9.23,1910.96,3.97,326.33,16.95,"  2,388.79 ",26.32,  192.69 ,13.74,17.14,5.25%,1.00,6.91,-4.15%,-3.88%,-0.27%
1911.01,9.27,0.47,0.72,9.23,1911.04,3.98,334.26,16.95,"  2,457.20 ",25.90,  190.40 ,14.05,17.53,4.96%,1.00,6.93,-3.75%,-3.68%,-0.08%
1911.02,9.43,0.47,0.71,8.94,1911.12,3.98,350.88,17.49,"  2,590.10 ",26.30,  194.11 ,14.72,18.37,4.44%,1.00,7.17,-3.96%,-3.61%,-0.35%
1911.03,9.32,0.47,0.70,9.04,1911.21,3.99,343.14,17.30,"  2,543.58 ",25.59,  189.68 ,14.37,17.94,4.71%,1.00,7.12,-3.92%,-3.39%,-0.53%
1911.04,9.28,0.47,0.68,8.75,1911.29,3.99,352.80,17.87,"  2,626.28 ",25.98,  193.38 ,14.75,18.43,4.33%,1.00,7.37,-4.03%,-3.54%,-0.49%
1911.05,9.48,0.47,0.67,8.75,1911.37,3.99,360.41,17.87,"  2,693.96 ",25.54,  190.88 ,15.05,18.81,4.19%,1.00,7.39,-3.71%,-3.26%,-0.45%
1911.06,9.67,0.47,0.66,8.75,1911.46,3.99,367.63,17.87,"  2,759.09 ",25.09,  188.31 ,15.33,19.16,4.07%,1.00,7.42,-4.63%,-3.15%,-1.48%
1911.07,9.63,0.47,0.65,8.85,1911.54,4.00,362.18,17.68,"  2,729.20 ",24.38,  183.73 ,15.08,18.86,4.15%,1.00,7.36,-4.55%,-3.04%,-1.51%
1911.08,9.17,0.47,0.64,9.13,1911.62,4.00,334.10,17.12,"  2,528.36 ",23.20,  175.55 ,13.90,17.39,4.91%,1.00,7.15,-3.88%,-2.68%,-1.20%
1911.09,8.67,0.47,0.63,9.23,1911.71,4.00,312.62,16.95,"  2,376.56 ",22.54,  171.32 ,13.00,16.28,5.39%,1.00,7.10,-2.88%,-2.41%,-0.47%
1911.1,8.72,0.47,0.61,9.23,1911.79,4.00,314.43,16.95,"  2,401.00 ",22.11,  168.87 ,13.07,16.38,5.34%,1.00,7.12,-2.79%,-2.35%,-0.44%
1911.11,9.07,0.47,0.60,9.13,1911.87,4.01,330.45,17.12,"  2,534.26 ",21.92,  168.12 ,13.73,17.23,4.75%,1.00,7.22,-2.70%,-2.34%,-0.36%
1911.12,9.11,0.47,0.59,9.04,1911.96,4.01,335.40,17.30,"  2,583.30 ",21.72,  167.30 ,13.93,17.49,4.41%,1.00,7.32,-2.44%,-2.33%,-0.11%
1912.01,9.12,0.47,0.60,9.13,1912.04,4.01,332.27,17.15,"  2,570.20 ",21.83,  168.87 ,13.79,17.34,4.70%,1.00,7.27,-2.12%,-1.94%,-0.18%
1912.02,9.04,0.47,0.61,9.23,1912.12,4.05,325.97,17.01,"  2,532.37 ",21.93,  170.40 ,13.53,17.02,4.91%,1.00,7.19,-1.71%,-1.81%,0.10%
1912.03,9.30,0.47,0.62,9.42,1912.21,4.08,328.56,16.69,"  2,563.37 ",21.82,  170.20 ,13.64,17.17,5.03%,1.00,7.05,-1.30%,-1.46%,0.16%
1912.04,9.59,0.47,0.63,9.70,1912.29,4.12,328.85,16.23,"  2,576.11 ",21.49,  168.35 ,13.65,17.20,5.16%,1.00,6.85,-0.72%,-1.14%,0.42%
1912.05,9.58,0.47,0.64,9.70,1912.37,4.16,328.50,16.26,"  2,584.04 ",21.80,  171.50 ,13.65,17.20,5.01%,1.00,6.85,-0.32%,-1.11%,0.79%
1912.06,9.58,0.48,0.65,9.61,1912.46,4.19,331.76,16.45,"  2,620.42 ",22.34,  176.43 ,13.79,17.38,4.68%,1.00,6.92,-0.51%,-1.19%,0.68%
1912.07,9.59,0.48,0.65,9.61,1912.54,4.23,332.10,16.48,"  2,634.00 ",22.66,  179.68 ,13.80,17.41,4.64%,1.00,6.92,-0.50%,-1.22%,0.72%
1912.08,9.81,0.48,0.66,9.70,1912.62,4.27,336.39,16.35,"  2,678.80 ",22.74,  181.13 ,13.98,17.65,4.72%,1.00,6.86,-0.13%,-0.98%,0.84%
1912.09,9.86,0.48,0.67,9.80,1912.71,4.30,334.82,16.21,"  2,677.07 ",22.84,  182.59 ,13.93,17.58,4.70%,1.00,6.80,0.18%,-0.85%,1.03%
1912.1,9.84,0.48,0.68,9.80,1912.79,4.34,334.14,16.24,"  2,682.46 ",23.15,  185.84 ,13.91,17.56,3.99%,1.00,6.80,0.36%,-0.89%,1.25%
1912.11,9.73,0.48,0.69,9.80,1912.87,4.38,330.41,16.27,"  2,663.36 ",23.46,  189.09 ,13.75,17.37,4.37%,1.00,6.81,-0.09%,-0.92%,0.83%
1912.12,9.38,0.48,0.70,9.70,1912.96,4.41,321.65,16.46,"  2,603.79 ",24.00,  194.31 ,13.39,16.92,4.31%,1.00,6.88,0.10%,-1.05%,1.15%
1913.01,9.30,0.48,0.69,9.80,1913.04,4.45,315.81,16.30,"  2,567.51 ",23.57,  191.65 ,13.15,16.62,4.40%,1.01,6.82,0.49%,-0.87%,1.36%
1913.02,8.97,0.48,0.69,9.80,1913.12,4.43,304.60,16.30,"  2,487.45 ",23.37,  190.87 ,12.68,16.04,4.71%,1.01,6.85,1.27%,-0.87%,2.15%
1913.03,8.80,0.48,0.68,9.80,1913.21,4.40,298.83,16.30,"  2,451.40 ",23.18,  190.12 ,12.44,15.75,5.22%,1.01,6.89,1.63%,-0.87%,2.50%
1913.04,8.79,0.48,0.68,9.80,1913.29,4.38,298.49,16.30,"  2,459.76 ",22.98,  189.36 ,12.43,15.74,5.25%,1.01,6.93,1.22%,-0.93%,2.15%
1913.05,8.55,0.48,0.67,9.70,1913.37,4.35,293.33,16.47,"  2,428.57 ",23.01,  190.54 ,12.22,15.49,5.54%,1.01,7.04,0.91%,-1.03%,1.94%
1913.06,8.12,0.48,0.67,9.80,1913.46,4.33,275.74,16.30,"  2,294.14 ",22.58,  187.88 ,11.49,14.58,6.19%,1.01,7.01,1.09%,-0.99%,2.08%
1913.07,8.23,0.48,0.66,9.90,1913.54,4.31,276.65,16.13,"  2,312.92 ",22.16,  185.26 ,11.53,14.65,6.29%,1.01,6.98,0.60%,-1.00%,1.60%
1913.08,8.45,0.48,0.65,9.90,1913.62,4.28,284.04,16.13,"  2,385.99 ",21.96,  184.47 ,11.85,15.06,6.08%,1.01,7.02,0.45%,-0.95%,1.39%
1913.09,8.53,0.48,0.65,10.00,1913.71,4.26,283.86,15.97,"  2,395.68 ",21.55,  181.85 ,11.84,15.07,6.10%,1.01,6.98,0.46%,-0.90%,1.37%
1913.1,8.26,0.48,0.64,10.00,1913.79,4.23,274.88,15.97,"  2,331.08 ",21.35,  181.10 ,11.47,14.61,6.51%,1.01,7.02,0.59%,-0.96%,1.55%
1913.11,8.05,0.48,0.64,10.10,1913.87,4.21,265.24,15.82,"  2,260.50 ",20.95,  178.54 ,11.07,14.12,7.07%,1.01,6.99,1.25%,-0.86%,2.11%
1913.12,8.04,0.48,0.63,10.00,1913.96,4.18,267.56,15.97,"  2,291.61 ",20.97,  179.57 ,11.17,14.27,6.91%,1.01,7.10,1.50%,-0.96%,2.46%
1914.01,8.37,0.48,0.62,10.00,1914.04,4.16,278.54,15.81,"  2,396.95 ",20.66,  177.78 ,11.64,14.88,6.34%,1.00,7.14,1.42%,-0.96%,2.38%
1914.02,8.48,0.47,0.61,9.90,1914.12,4.17,285.05,15.80,"  2,464.31 ",20.56,  177.76 ,11.91,15.24,5.80%,1.00,7.23,1.29%,-0.99%,2.28%
1914.03,8.32,0.47,0.60,9.90,1914.21,4.17,279.67,15.63,"  2,429.08 ",20.25,  175.90 ,11.69,14.97,6.07%,1.00,7.25,1.35%,-0.91%,2.27%
1914.04,8.12,0.46,0.59,9.80,1914.29,4.18,275.74,15.62,"  2,406.18 ",20.15,  175.81 ,11.52,14.78,6.20%,1.00,7.35,1.33%,-0.94%,2.26%
1914.05,8.17,0.46,0.58,9.90,1914.37,4.19,274.63,15.29,"  2,407.67 ",19.64,  172.16 ,11.48,14.74,6.57%,1.00,7.30,1.34%,-0.82%,2.16%
1914.06,8.13,0.45,0.58,9.90,1914.46,4.19,273.29,15.13,"  2,406.93 ",19.33,  170.23 ,11.43,14.69,6.60%,1.00,7.32,1.58%,-0.80%,2.39%
1914.07,7.68,0.45,0.57,10.00,1914.54,4.20,255.58,14.81,"  2,261.84 ",18.83,  166.63 ,10.69,13.77,7.30%,1.00,7.26,2.67%,-0.74%,3.42%
1914.08,7.68,0.44,0.56,10.20,1914.62,4.21,250.57,14.36,"  2,228.08 ",18.16,  161.51 ,10.49,13.53,7.55%,1.00,7.14,3.29%,-0.47%,3.76%
1914.09,7.68,0.44,0.55,10.20,1914.71,4.21,250.57,14.19,"  2,238.59 ",17.86,  159.59 ,10.50,13.56,7.42%,1.00,7.16,3.13%,-0.51%,3.64%
1914.1,7.68,0.43,0.54,10.10,1914.79,4.22,253.05,14.17,"  2,271.30 ",17.74,  159.20 ,10.61,13.72,7.21%,1.00,7.26,2.84%,-0.65%,3.49%
1914.11,7.68,0.43,0.53,10.20,1914.87,4.23,250.57,13.87,"  2,259.41 ",17.27,  155.69 ,10.52,13.62,7.16%,1.00,7.21,3.50%,-0.54%,4.04%
1914.12,7.35,0.42,0.52,10.10,1914.96,4.23,242.17,13.84,"  2,194.13 ",17.13,  155.23 ,10.17,13.19,7.38%,1.00,7.30,4.34%,-0.68%,5.01%
1915.01,7.48,0.42,0.55,10.10,1915.04,4.24,246.46,13.86,"  2,243.41 ",18.12,  164.96 ,10.36,13.46,7.19%,1.00,7.32,4.57%,-0.66%,5.23%
1915.02,7.38,0.42,0.58,10.00,1915.12,4.22,245.59,14.03,"  2,246.20 ",19.30,  176.53 ,10.33,13.44,7.13%,1.00,7.43,4.75%,-0.71%,5.46%
1915.03,7.57,0.42,0.61,9.90,1915.21,4.21,254.46,14.20,"  2,338.12 ",20.50,  188.41 ,10.71,13.94,6.82%,1.00,7.54,4.04%,-0.87%,4.91%
1915.04,8.14,0.42,0.64,10.00,1915.29,4.19,270.89,14.09,"  2,499.82 ",21.30,  196.55 ,11.40,14.86,6.37%,1.00,7.50,3.35%,-0.71%,4.06%
1915.05,7.95,0.42,0.67,10.10,1915.37,4.18,261.94,13.98,"  2,428.05 ",22.08,  204.63 ,11.03,14.38,6.90%,1.00,7.46,3.96%,-0.67%,4.64%
1915.06,8.04,0.43,0.70,10.10,1915.46,4.16,264.91,14.00,"  2,466.35 ",23.06,  214.73 ,11.15,14.55,6.81%,1.00,7.50,3.91%,-0.79%,4.70%
1915.07,8.01,0.43,0.73,10.10,1915.54,4.15,263.92,14.03,"  2,468.03 ",24.05,  224.93 ,11.11,14.50,6.86%,1.00,7.54,4.12%,-0.91%,5.03%
1915.08,8.35,0.43,0.76,10.10,1915.62,4.13,275.12,14.06,"  2,583.75 ",25.04,  235.17 ,11.58,15.11,6.40%,1.00,7.57,3.83%,-0.91%,4.74%
1915.09,8.66,0.43,0.79,10.10,1915.71,4.11,285.34,14.09,"  2,690.70 ",26.03,  245.46 ,12.01,15.66,6.22%,1.00,7.61,3.69%,-0.92%,4.60%
1915.1,9.14,0.43,0.82,10.20,1915.79,4.10,298.20,13.97,"  2,822.97 ",26.75,  253.26 ,12.55,16.35,5.98%,1.00,7.57,3.57%,-0.82%,4.39%
1915.11,9.46,0.43,0.85,10.30,1915.87,4.08,305.64,13.87,"  2,904.38 ",27.46,  260.96 ,12.86,16.74,5.79%,1.00,7.53,3.46%,-0.90%,4.35%
1915.12,9.48,0.43,0.88,10.30,1915.96,4.07,306.29,13.89,"  2,921.52 ",28.43,  271.20 ,12.88,16.75,5.68%,1.00,7.56,3.66%,-0.84%,4.51%
1916.01,9.33,0.44,0.93,10.40,1916.04,4.05,298.55,14.10,"  2,858.86 ",29.89,  286.25 ,12.54,16.30,6.00%,1.00,7.53,4.09%,-0.75%,4.84%
1916.02,9.20,0.45,0.99,10.40,1916.12,4.07,294.39,14.45,"  2,830.56 ",31.62,  304.07 ,12.35,16.03,6.11%,1.00,7.54,4.25%,-0.72%,4.97%
1916.03,9.17,0.46,1.04,10.50,1916.21,4.08,290.63,14.66,"  2,806.21 ",33.02,  318.87 ,12.18,15.79,6.31%,1.00,7.49,3.71%,-0.54%,4.25%
1916.04,9.07,0.47,1.10,10.60,1916.29,4.10,284.75,14.86,"  2,761.37 ",34.44,  333.98 ,11.91,15.42,6.57%,1.00,7.43,3.58%,-0.47%,4.04%
1916.05,9.27,0.48,1.15,10.70,1916.37,4.11,288.31,15.06,"  2,808.06 ",35.80,  348.66 ,12.03,15.55,6.46%,1.00,7.38,3.58%,-0.28%,3.86%
1916.06,9.36,0.50,1.21,10.80,1916.46,4.13,288.41,15.25,"  2,821.45 ",37.13,  363.23 ,12.00,15.49,6.56%,1.00,7.33,4.12%,-0.10%,4.22%
1916.07,9.23,0.51,1.26,10.80,1916.54,4.14,284.41,15.59,"  2,794.97 ",38.79,  381.24 ,11.79,15.21,7.04%,1.00,7.34,4.81%,0.04%,4.77%
1916.08,9.30,0.52,1.31,10.90,1916.62,4.16,283.93,15.78,"  2,803.25 ",40.09,  395.77 ,11.73,15.11,6.93%,1.00,7.29,5.29%,0.22%,5.07%
1916.09,9.68,0.53,1.37,11.10,1916.71,4.17,290.21,15.81,"  2,878.23 ",41.01,  406.76 ,11.94,15.36,6.83%,1.00,7.18,5.16%,0.38%,4.78%
1916.1,9.98,0.54,1.42,11.30,1916.79,4.19,293.91,15.85,"  2,928.01 ",41.88,  417.20 ,12.05,15.46,6.70%,1.00,7.07,4.72%,0.53%,4.20%
1916.11,10.21,0.55,1.48,11.50,1916.87,4.20,295.45,15.89,"  2,956.59 ",42.71,  427.42 ,12.05,15.44,6.75%,1.00,6.96,4.74%,0.68%,4.07%
1916.12,9.80,0.56,1.53,11.60,1916.96,4.22,281.15,16.07,"  2,826.79 ",43.89,  441.33 ,11.41,14.60,7.18%,1.00,6.91,5.50%,0.79%,4.70%
1917.01,9.57,0.57,1.51,11.70,1917.04,4.23,272.20,16.24,"  2,750.46 ",42.92,  433.69 ,10.99,14.04,7.70%,1.00,6.87,5.88%,1.02%,4.86%
1917.02,9.03,0.58,1.49,12.00,1917.12,4.26,250.42,16.13,"  2,543.96 ",41.27,  419.20 ,10.06,12.84,8.55%,1.00,6.71,7.02%,1.35%,5.67%
1917.03,9.31,0.59,1.47,12.00,1917.21,4.29,258.18,16.43,"  2,636.76 ",40.71,  415.76 ,10.33,13.17,8.38%,1.00,6.72,6.91%,1.43%,5.48%
1917.04,9.17,0.60,1.45,12.60,1917.29,4.32,242.19,15.93,"  2,486.99 ",38.22,  392.44 ,9.64,12.29,9.54%,1.00,6.40,7.84%,1.94%,5.90%
1917.05,8.86,0.61,1.43,12.80,1917.37,4.34,230.35,15.97,"  2,379.04 ",37.07,  382.90 ,9.14,11.65,10.03%,1.00,6.31,8.67%,2.06%,6.61%
1917.06,9.04,0.63,1.41,13.00,1917.46,4.37,231.41,16.00,"  2,403.80 ",35.97,  373.60 ,9.15,11.67,10.04%,1.00,6.22,8.62%,2.12%,6.50%
1917.07,8.79,0.64,1.38,12.80,1917.54,4.40,228.53,16.53,"  2,388.15 ",35.98,  376.02 ,9.00,11.49,10.03%,1.00,6.33,9.16%,2.15%,7.01%
1917.08,8.53,0.65,1.36,13.00,1917.62,4.43,218.36,16.55,"  2,296.27 ",34.89,  366.92 ,8.57,10.95,10.72%,1.00,6.24,10.26%,2.38%,7.88%
1917.09,8.12,0.66,1.34,13.30,1917.71,4.46,203.17,16.45,"  2,151.01 ",33.60,  355.76 ,7.95,10.17,11.84%,1.00,6.11,11.58%,2.57%,9.01%
1917.1,7.68,0.67,1.32,13.50,1917.79,4.49,189.32,16.47,"  2,018.85 ",32.59,  347.52 ,7.39,9.47,12.82%,1.00,6.03,12.09%,2.68%,9.42%
1917.11,7.04,0.68,1.30,13.50,1917.87,4.51,173.54,16.74,"  1,865.49 ",32.07,  344.74 ,6.75,8.69,14.50%,1.00,6.04,13.34%,2.75%,10.59%
1917.12,6.80,0.69,1.28,13.70,1917.96,4.54,165.18,16.76,"  1,790.60 ",31.09,  337.05 ,6.41,8.28,15.63%,1.00,5.96,14.12%,2.92%,11.20%
1918.01,7.21,0.68,1.26,14.00,1918.04,4.57,171.38,16.16,"  1,872.48 ",29.86,  326.19 ,6.64,8.60,15.41%,1.00,5.84,13.69%,3.15%,10.54%
1918.02,7.43,0.67,1.23,14.10,1918.12,4.56,175.36,15.81,"  1,930.33 ",29.08,  320.08 ,6.78,8.81,15.29%,1.00,5.82,13.39%,3.31%,10.07%
1918.03,7.28,0.66,1.21,14.00,1918.21,4.56,173.05,15.69,"  1,919.26 ",28.71,  318.47 ,6.69,8.70,15.44%,1.00,5.89,14.09%,3.20%,10.88%
1918.04,7.21,0.65,1.18,14.20,1918.29,4.55,168.97,15.23,"  1,888.11 ",27.72,  309.80 ,6.52,8.51,15.85%,1.00,5.83,15.01%,3.31%,11.70%
1918.05,7.44,0.64,1.16,14.50,1918.37,4.55,170.75,14.69,"  1,921.71 ",26.60,  299.36 ,6.58,8.61,15.94%,1.00,5.73,15.13%,3.44%,11.70%
1918.06,7.45,0.63,1.14,14.70,1918.46,4.54,168.66,14.26,"  1,911.49 ",25.69,  291.21 ,6.50,8.52,16.29%,1.00,5.68,14.72%,3.60%,11.12%
1918.07,7.51,0.62,1.11,15.10,1918.54,4.54,165.51,13.66,"  1,888.75 ",24.48,  279.41 ,6.37,8.38,16.76%,1.00,5.55,14.99%,3.85%,11.14%
1918.08,7.58,0.61,1.09,15.40,1918.62,4.53,163.80,13.18,"  1,881.75 ",23.49,  269.85 ,6.30,8.31,17.15%,1.00,5.47,15.44%,4.02%,11.42%
1918.09,7.54,0.60,1.06,15.70,1918.71,4.52,159.82,12.72,"  1,848.23 ",22.53,  260.57 ,6.15,8.12,17.76%,1.00,5.39,16.33%,4.07%,12.27%
1918.1,7.86,0.59,1.04,16.00,1918.79,4.52,163.48,12.27,"  1,902.37 ",21.59,  251.23 ,6.29,8.33,17.48%,1.00,5.31,16.34%,4.29%,12.05%
1918.11,8.06,0.58,1.01,16.30,1918.87,4.51,164.55,11.84,"  1,926.35 ",20.70,  242.35 ,6.33,8.40,17.46%,1.00,5.23,16.99%,4.45%,12.54%
1918.12,7.90,0.57,0.99,16.50,1918.96,4.51,159.33,11.50,"  1,876.44 ",19.97,  235.15 ,6.13,8.15,18.00%,1.00,5.19,17.45%,4.61%,12.84%
1919.01,7.85,0.57,0.99,16.50,1919.04,4.50,158.32,11.43,"  1,875.78 ",19.87,  235.37 ,6.10,8.12,18.21%,1.00,5.21,18.33%,4.58%,13.75%
1919.02,7.88,0.56,0.98,16.20,1919.12,4.54,161.87,11.57,"  1,929.25 ",20.13,  239.93 ,6.24,8.33,17.50%,1.00,5.31,18.09%,4.43%,13.66%
1919.03,8.12,0.56,0.98,16.40,1919.21,4.58,164.77,11.36,"  1,975.05 ",19.78,  237.15 ,6.36,8.50,17.29%,1.00,5.25,18.12%,4.67%,13.45%
1919.04,8.39,0.56,0.97,16.70,1919.29,4.62,167.19,11.09,"  2,015.14 ",19.33,  232.98 ,6.46,8.65,16.98%,1.00,5.16,17.92%,4.96%,12.95%
1919.05,8.97,0.55,0.97,16.90,1919.37,4.66,176.63,10.90,"  2,139.90 ",19.00,  230.21 ,6.83,9.16,16.11%,1.00,5.10,17.35%,5.07%,12.28%
1919.06,9.21,0.55,0.96,16.90,1919.46,4.70,181.36,10.83,"  2,208.08 ",18.90,  230.16 ,7.02,9.43,15.57%,1.00,5.11,17.17%,5.06%,12.11%
1919.07,9.51,0.55,0.96,17.40,1919.54,4.74,181.88,10.46,"  2,225.10 ",18.26,  223.45 ,7.05,9.48,15.77%,1.00,4.96,17.98%,5.29%,12.69%
1919.08,8.87,0.54,0.95,17.70,1919.62,4.77,166.77,10.21,"  2,050.59 ",17.86,  219.62 ,6.48,8.71,17.06%,1.00,4.88,19.64%,5.51%,14.13%
1919.09,9.01,0.54,0.95,17.80,1919.71,4.81,168.45,10.10,"  2,081.60 ",17.67,  218.33 ,6.56,8.83,16.79%,1.00,4.86,19.96%,5.61%,14.34%
1919.1,9.47,0.54,0.94,18.10,1919.79,4.85,174.11,9.87,"  2,161.78 ",17.28,  214.58 ,6.79,9.15,16.19%,1.00,4.79,18.21%,5.83%,12.38%
1919.11,9.19,0.53,0.94,18.50,1919.87,4.89,165.31,9.59,"  2,062.43 ",16.82,  209.83 ,6.47,8.72,17.03%,1.00,4.69,15.21%,6.11%,9.11%
1919.12,8.92,0.53,0.93,18.90,1919.96,4.93,157.06,9.33,"  1,969.17 ",16.38,  205.31 ,6.16,8.32,17.88%,1.00,4.59,16.31%,6.44%,9.88%
1920.01,8.83,0.53,0.92,19.30,1920.04,4.97,152.25,9.11,"  1,918.42 ",15.85,  199.71 ,5.99,8.09,18.63%,1.00,4.50,16.90%,6.76%,10.13%
1920.02,8.10,0.53,0.91,19.50,1920.12,4.98,138.23,8.99,"  1,751.20 ",15.50,  196.37 ,5.46,7.38,20.37%,1.00,4.47,18.80%,6.93%,11.87%
1920.03,8.67,0.53,0.90,19.70,1920.21,4.99,146.46,8.87,"  1,864.77 ",15.16,  193.04 ,5.80,7.86,19.18%,1.00,4.44,18.60%,7.09%,11.51%
1920.04,8.60,0.52,0.89,20.30,1920.29,5.00,140.98,8.58,"  1,804.14 ",14.54,  186.02 ,5.60,7.60,20.00%,1.00,4.32,19.70%,7.34%,12.36%
1920.05,8.06,0.52,0.88,20.60,1920.37,5.01,130.21,8.43,"  1,675.22 ",14.15,  182.03 ,5.19,7.05,21.77%,1.00,4.27,19.96%,7.55%,12.41%
1920.06,7.92,0.52,0.87,20.90,1920.46,5.02,126.11,8.28,"  1,631.38 ",13.77,  178.17 ,5.04,6.86,22.57%,1.00,4.23,19.12%,7.76%,11.36%
1920.07,7.91,0.52,0.85,20.80,1920.54,5.03,126.55,8.29,"  1,646.09 ",13.67,  177.76 ,5.08,6.93,22.36%,1.00,4.26,18.94%,7.82%,11.12%
1920.08,7.60,0.52,0.84,20.30,1920.62,5.04,124.59,8.47,"  1,629.71 ",13.82,  180.83 ,5.02,6.86,22.43%,1.00,4.38,19.03%,7.61%,11.41%
1920.09,7.87,0.52,0.83,20.00,1920.71,5.05,130.95,8.57,"  1,722.27 ",13.85,  182.18 ,5.30,7.25,21.33%,1.00,4.46,18.34%,7.38%,10.96%
1920.1,7.88,0.51,0.82,19.90,1920.79,5.06,131.78,8.58,"  1,742.53 ",13.74,  181.70 ,5.35,7.33,21.39%,1.00,4.50,16.59%,7.38%,9.21%
1920.11,7.48,0.51,0.81,19.80,1920.87,5.07,125.72,8.60,"  1,671.91 ",13.63,  181.23 ,5.13,7.04,22.37%,1.00,4.54,16.32%,7.38%,8.94%
1920.12,6.81,0.51,0.80,19.40,1920.96,5.08,116.82,8.75,"  1,563.23 ",13.72,  183.64 ,4.78,6.58,23.53%,1.00,4.65,16.57%,7.35%,9.23%
1921.01,7.11,0.51,0.76,19.00,1921.04,5.09,124.53,8.86,"  1,676.33 ",13.27,  178.60 ,5.12,7.06,21.92%,1.01,4.76,16.31%,7.25%,9.06%
1921.02,7.06,0.50,0.72,18.40,1921.12,5.02,127.69,9.07,"  1,729.00 ",12.93,  175.10 ,5.27,7.29,21.41%,1.01,4.96,17.01%,6.94%,10.07%
1921.03,6.88,0.50,0.67,18.30,1921.21,4.96,125.11,9.05,"  1,704.34 ",12.23,  166.59 ,5.19,7.19,21.61%,1.01,5.04,17.53%,6.86%,10.67%
1921.04,6.91,0.49,0.63,18.10,1921.29,4.89,127.05,9.07,"  1,740.98 ",11.58,  158.73 ,5.30,7.35,21.52%,1.01,5.14,16.24%,6.72%,9.53%
1921.05,7.12,0.49,0.59,17.70,1921.37,4.83,133.87,9.20,"  1,844.93 ",11.05,  152.23 ,5.61,7.80,20.30%,1.01,5.31,14.61%,6.52%,8.09%
1921.06,6.55,0.49,0.55,17.60,1921.46,4.76,123.85,9.17,"  1,717.41 ",10.30,  142.90 ,5.22,7.27,21.64%,1.01,5.39,15.27%,6.51%,8.76%
1921.07,6.53,0.48,0.50,17.70,1921.54,4.70,122.77,9.04,"  1,712.94 ",9.45,  131.81 ,5.20,7.26,21.72%,1.01,5.40,15.74%,6.48%,9.26%
1921.08,6.45,0.48,0.46,17.70,1921.62,4.63,121.27,8.96,"  1,702.37 ",8.65,  121.41 ,5.16,7.23,21.59%,1.01,5.45,15.52%,6.39%,9.13%
1921.09,6.61,0.47,0.42,17.50,1921.71,4.56,125.70,8.99,"  1,775.05 ",7.94,  112.12 ,5.38,7.55,20.64%,1.01,5.57,13.34%,6.25%,7.09%
1921.1,6.70,0.47,0.38,17.50,1921.79,4.50,127.41,8.91,"  1,809.70 ",7.13,  101.29 ,5.48,7.71,20.36%,1.01,5.62,11.66%,6.23%,5.43%
1921.11,7.06,0.46,0.33,17.40,1921.87,4.43,135.03,8.88,"  1,928.40 ",6.36,  90.82 ,5.84,8.24,19.35%,1.01,5.70,11.33%,6.22%,5.11%
1921.12,7.31,0.46,0.29,17.30,1921.96,4.37,140.62,8.85,"  2,018.76 ",5.58,  80.09 ,6.11,8.65,18.70%,1.01,5.78,8.71%,6.15%,2.56%
1922.01,7.30,0.46,0.32,16.90,1922.04,4.30,143.75,9.14,"  2,074.65 ",6.37,  91.88 ,6.29,8.92,17.95%,1.00,5.97,8.54%,6.03%,2.51%
1922.02,7.46,0.47,0.36,16.90,1922.12,4.31,146.90,9.22,"  2,131.22 ",7.02,  101.90 ,6.46,9.19,17.41%,1.00,5.99,8.39%,6.21%,2.18%
1922.03,7.74,0.47,0.39,16.70,1922.21,4.31,154.24,9.42,"  2,249.07 ",7.77,  113.33 ,6.82,9.72,16.24%,1.00,6.08,8.01%,6.18%,1.82%
1922.04,8.21,0.48,0.42,16.70,1922.29,4.32,163.60,9.50,"  2,397.19 ",8.44,  123.60 ,7.27,10.38,15.01%,1.00,6.10,4.59%,6.28%,-1.69%
1922.05,8.53,0.48,0.46,16.70,1922.37,4.32,169.98,9.58,"  2,502.32 ",9.10,  133.98 ,7.59,10.85,14.43%,1.00,6.12,3.05%,6.46%,-3.42%
1922.06,8.45,0.49,0.49,16.70,1922.46,4.33,168.38,9.66,"  2,490.71 ",9.76,  144.43 ,7.56,10.82,14.59%,1.00,6.14,1.81%,6.57%,-4.76%
1922.07,8.51,0.49,0.52,16.80,1922.54,4.33,168.57,9.69,"  2,505.41 ",10.37,  154.06 ,7.60,10.89,14.57%,1.00,6.13,2.36%,6.65%,-4.30%
1922.08,8.83,0.49,0.56,16.60,1922.62,4.34,177.02,9.89,"  2,643.19 ",11.16,  166.64 ,8.02,11.50,13.65%,1.00,6.22,6.19%,6.63%,-0.44%
1922.09,9.06,0.50,0.59,16.60,1922.71,4.34,181.63,9.97,"  2,724.45 ",11.83,  177.42 ,8.27,11.86,13.17%,1.00,6.24,7.00%,6.73%,0.27%
1922.1,9.26,0.50,0.62,16.70,1922.79,4.35,184.53,10.00,"  2,780.41 ",12.42,  187.15 ,8.43,12.11,12.99%,1.00,6.22,5.35%,6.90%,-1.55%
1922.11,8.80,0.51,0.66,16.80,1922.87,4.35,174.32,10.02,"  2,639.15 ",13.01,  196.95 ,8.00,11.49,13.69%,1.00,6.20,5.95%,7.07%,-1.12%
1922.12,8.78,0.51,0.69,16.90,1922.96,4.36,172.89,10.04,"  2,630.24 ",13.59,  206.70 ,7.96,11.45,13.90%,1.00,6.19,5.78%,7.24%,-1.46%
1923.01,8.90,0.51,0.71,16.80,1923.04,4.36,176.30,10.14,"  2,694.91 ",14.15,  216.26 ,8.15,11.73,13.44%,1.01,6.24,6.15%,7.36%,-1.21%
1923.02,9.28,0.51,0.74,16.80,1923.12,4.34,183.82,10.17,"  2,822.92 ",14.62,  224.59 ,8.53,12.27,12.92%,1.01,6.28,4.57%,7.51%,-2.94%
1923.03,9.43,0.52,0.76,16.80,1923.21,4.31,186.79,10.20,"  2,881.61 ",15.10,  233.00 ,8.70,12.51,12.72%,1.01,6.32,4.47%,7.58%,-3.11%
1923.04,9.10,0.52,0.79,16.90,1923.29,4.29,179.19,10.17,"  2,777.39 ",15.49,  240.11 ,8.37,12.04,13.26%,1.01,6.31,5.98%,7.63%,-1.65%
1923.05,8.67,0.52,0.81,16.90,1923.37,4.26,170.72,10.21,"  2,659.33 ",15.97,  248.70 ,8.00,11.51,13.95%,1.01,6.35,9.21%,7.61%,1.60%
1923.06,8.34,0.52,0.84,17.00,1923.46,4.24,163.26,10.18,"  2,556.28 ",16.35,  255.93 ,7.67,11.04,14.46%,1.01,6.35,11.35%,7.57%,3.77%
1923.07,8.06,0.52,0.86,17.20,1923.54,4.21,155.94,10.09,"  2,454.90 ",16.62,  261.69 ,7.35,10.57,15.08%,1.01,6.31,12.36%,7.35%,5.01%
1923.08,8.10,0.52,0.88,17.10,1923.62,4.19,157.63,10.18,"  2,494.87 ",17.19,  272.06 ,7.44,10.72,14.87%,1.01,6.38,11.56%,7.19%,4.37%
1923.09,8.15,0.53,0.91,17.20,1923.71,4.16,157.69,10.16,"  2,509.07 ",17.56,  279.38 ,7.46,10.75,14.82%,1.01,6.38,11.44%,7.24%,4.21%
1923.1,8.03,0.53,0.93,17.30,1923.79,4.14,154.47,10.13,"  2,471.28 ",17.92,  286.74 ,7.32,10.55,15.17%,1.01,6.37,10.52%,7.28%,3.24%
1923.11,8.27,0.53,0.96,17.30,1923.87,4.11,159.08,10.16,"  2,558.69 ",18.39,  295.72 ,7.55,10.88,14.67%,1.01,6.41,10.44%,7.27%,3.17%
1923.12,8.55,0.53,0.98,17.30,1923.96,4.09,164.47,10.20,"  2,658.98 ",18.85,  304.77 ,7.81,11.26,14.35%,1.01,6.44,10.27%,7.25%,3.02%
1924.01,8.83,0.53,0.98,17.30,1924.04,4.06,169.85,10.23,"  2,759.84 ",18.77,  304.99 ,8.07,11.63,13.96%,1.00,6.48,10.51%,7.24%,3.27%
1924.02,8.87,0.53,0.97,17.20,1924.12,4.04,171.62,10.32,"  2,802.43 ",18.80,  307.00 ,8.16,11.76,13.89%,1.00,6.55,11.08%,7.09%,3.99%
1924.03,8.70,0.54,0.97,17.10,1924.21,4.03,169.31,10.41,"  2,778.96 ",18.83,  309.04 ,8.06,11.61,14.00%,1.00,6.62,10.63%,7.03%,3.60%
1924.04,8.50,0.54,0.96,17.00,1924.29,4.01,166.39,10.51,"  2,745.42 ",18.86,  311.14 ,7.92,11.42,14.27%,1.00,6.69,10.99%,6.97%,4.01%
1924.05,8.47,0.54,0.96,17.00,1924.37,3.99,165.80,10.54,"  2,750.22 ",18.78,  311.45 ,7.90,11.38,14.22%,1.00,6.72,9.83%,6.98%,2.85%
1924.06,8.63,0.54,0.96,17.00,1924.46,3.98,168.94,10.57,"  2,816.78 ",18.69,  311.71 ,8.05,11.60,14.00%,1.00,6.75,9.67%,6.90%,2.77%
1924.07,9.03,0.54,0.95,17.10,1924.54,3.96,175.73,10.54,"  2,944.75 ",18.50,  310.06 ,8.38,12.07,13.49%,1.00,6.74,8.70%,6.96%,1.73%
1924.08,9.34,0.54,0.95,17.00,1924.62,3.94,182.84,10.64,"  3,078.61 ",18.53,  312.05 ,8.72,12.56,12.77%,1.00,6.81,7.83%,6.90%,0.93%
1924.09,9.25,0.55,0.94,17.10,1924.71,3.93,180.01,10.61,"  3,046.00 ",18.34,  310.36 ,8.58,12.36,13.03%,1.00,6.81,7.56%,6.81%,0.76%
1924.1,9.13,0.55,0.94,17.20,1924.79,3.91,176.65,10.58,"  3,003.92 ",18.15,  308.72 ,8.42,12.13,13.44%,1.00,6.80,7.92%,6.95%,0.97%
1924.11,9.64,0.55,0.93,17.20,1924.87,3.89,186.51,10.61,"  3,186.75 ",18.07,  308.82 ,8.89,12.80,12.72%,1.00,6.83,7.63%,6.95%,0.68%
1924.12,10.16,0.55,0.93,17.30,1924.96,3.88,195.44,10.58,"  3,354.30 ",17.89,  307.04 ,9.31,13.41,12.39%,1.00,6.82,7.27%,7.09%,0.18%
1925.01,10.58,0.55,0.96,17.30,1925.04,3.86,203.52,10.66,"  3,508.21 ",18.40,  317.23 ,9.69,13.95,11.99%,1.00,6.85,6.67%,6.94%,-0.26%
1925.02,10.67,0.56,0.98,17.20,1925.12,3.85,206.44,10.80,"  3,574.14 ",19.02,  329.38 ,9.83,14.14,11.90%,1.00,6.92,6.12%,6.78%,-0.67%
1925.03,10.39,0.56,1.01,17.30,1925.21,3.83,199.86,10.82,"  3,475.84 ",19.43,  337.88 ,9.52,13.69,12.42%,1.00,6.91,5.76%,6.83%,-1.07%
1925.04,10.28,0.57,1.04,17.20,1925.29,3.82,198.90,10.96,"  3,474.93 ",20.06,  350.53 ,9.48,13.62,12.31%,1.00,6.98,6.50%,6.68%,-0.18%
1925.05,10.61,0.57,1.06,17.30,1925.37,3.80,204.09,10.98,"  3,581.73 ",20.45,  358.85 ,9.73,13.96,12.01%,1.00,6.98,7.02%,6.73%,0.29%
1925.06,10.80,0.58,1.09,17.50,1925.46,3.79,205.38,10.93,"  3,620.19 ",20.73,  365.37 ,9.80,14.04,12.07%,1.00,6.93,7.43%,6.92%,0.50%
1925.07,11.10,0.58,1.12,17.70,1925.54,3.77,208.70,10.89,"  3,694.71 ",21.00,  371.80 ,9.96,14.26,12.04%,1.00,6.88,7.79%,7.03%,0.76%
1925.08,11.25,0.58,1.14,17.70,1925.62,3.76,211.52,10.97,"  3,760.82 ",21.49,  382.10 ,10.11,14.45,11.91%,1.00,6.91,8.34%,7.02%,1.32%
1925.09,11.51,0.59,1.17,17.70,1925.71,3.74,216.40,11.05,"  3,864.10 ",22.00,  392.79 ,10.36,14.78,11.68%,1.00,6.94,8.31%,7.01%,1.30%
1925.1,11.89,0.59,1.20,17.70,1925.79,3.73,223.55,11.12,"  4,008.23 ",22.51,  403.52 ,10.72,15.26,11.27%,1.00,6.97,8.23%,7.00%,1.24%
1925.11,12.26,0.60,1.22,18.00,1925.87,3.71,226.66,11.02,"  4,080.53 ",22.61,  407.05 ,10.89,15.46,11.22%,1.00,6.88,8.97%,7.09%,1.88%
1925.12,12.46,0.60,1.25,17.90,1925.96,3.70,231.65,11.15,"  4,187.00 ",23.24,  420.04 ,11.15,15.79,10.96%,1.00,6.95,8.72%,7.02%,1.70%
1926.01,12.65,0.61,1.25,17.90,1926.04,3.68,235.18,11.29,"  4,267.86 ",23.22,  421.39 ,11.34,16.02,10.72%,1.01,6.98,9.13%,7.00%,2.12%
1926.02,12.67,0.62,1.25,17.90,1926.12,3.65,235.55,11.43,"  4,291.90 ",23.20,  422.75 ,11.39,16.04,10.71%,1.01,7.02,9.71%,6.97%,2.74%
1926.03,11.81,0.62,1.25,17.80,1926.21,3.62,220.80,11.64,"  4,040.73 ",23.33,  427.00 ,10.71,15.05,11.13%,1.01,7.10,10.72%,6.95%,3.77%
1926.04,11.48,0.63,1.25,17.90,1926.29,3.60,213.43,11.71,"  3,923.74 ",23.18,  426.21 ,10.40,14.56,11.40%,1.01,7.09,11.09%,6.97%,4.12%
1926.05,11.56,0.64,1.25,17.80,1926.37,3.57,216.12,11.92,"  3,991.54 ",23.29,  430.23 ,10.58,14.77,11.11%,1.01,7.17,10.33%,6.88%,3.45%
1926.06,12.11,0.65,1.25,17.70,1926.46,3.54,227.68,12.13,"  4,223.73 ",23.41,  434.23 ,11.20,15.59,10.46%,1.01,7.25,10.12%,6.70%,3.42%
1926.07,12.62,0.65,1.24,17.50,1926.54,3.51,239.98,12.41,"  4,471.10 ",23.66,  440.73 ,11.87,16.47,9.86%,1.01,7.37,10.08%,6.47%,3.61%
1926.08,13.12,0.66,1.24,17.40,1926.62,3.48,250.93,12.62,"  4,694.55 ",23.77,  444.77 ,12.49,17.26,9.31%,1.01,7.45,9.72%,6.30%,3.42%
1926.09,13.32,0.67,1.24,17.50,1926.71,3.45,253.30,12.69,"  4,758.67 ",23.62,  443.71 ,12.69,17.47,9.08%,1.01,7.45,9.73%,6.33%,3.40%
1926.1,13.02,0.68,1.24,17.60,1926.79,3.43,246.18,12.76,"  4,645.05 ",23.48,  443.10 ,12.43,17.03,9.15%,1.01,7.45,10.59%,6.35%,4.24%
1926.11,13.19,0.68,1.24,17.70,1926.87,3.40,247.99,12.83,"  4,699.29 ",23.33,  442.14 ,12.62,17.22,8.94%,1.01,7.44,10.80%,6.38%,4.42%
1926.12,13.49,0.69,1.24,17.70,1926.96,3.37,253.63,12.97,"  4,826.65 ",23.31,  443.67 ,13.01,17.68,8.63%,1.01,7.48,10.35%,6.34%,4.01%
1927.01,13.40,0.70,1.23,17.50,1927.04,3.34,254.82,13.25,"  4,870.26 ",23.37,  446.68 ,13.19,17.84,8.35%,1.00,7.61,10.55%,6.11%,4.44%
1927.02,13.66,0.70,1.22,17.40,1927.12,3.34,261.25,13.45,"  5,014.71 ",23.29,  447.14 ,13.63,18.36,7.78%,1.00,7.67,10.59%,6.06%,4.53%
1927.03,13.87,0.71,1.21,17.30,1927.21,3.34,266.80,13.66,"  5,143.08 ",23.24,  447.93 ,14.03,18.81,7.51%,1.00,7.74,10.26%,5.92%,4.33%
1927.04,14.21,0.72,1.20,17.30,1927.29,3.34,273.34,13.79,"  5,291.30 ",23.03,  445.72 ,14.49,19.34,6.79%,1.00,7.76,9.23%,5.85%,3.38%
1927.05,14.70,0.72,1.19,17.40,1927.37,3.34,281.15,13.83,"  5,464.62 ",22.68,  440.89 ,15.00,19.94,6.45%,1.00,7.74,8.35%,5.84%,2.51%
1927.06,14.89,0.73,1.18,17.60,1927.46,3.34,281.54,13.80,"  5,494.71 ",22.22,  433.60 ,15.12,20.01,6.35%,1.00,7.67,7.93%,5.96%,1.97%
1927.07,15.22,0.74,1.16,17.30,1927.54,3.34,292.77,14.17,"  5,736.93 ",22.39,  438.75 ,15.82,20.85,6.04%,1.00,7.83,8.06%,5.71%,2.35%
1927.08,16.03,0.74,1.15,17.20,1927.62,3.33,310.15,14.38,"  6,100.86 ",22.31,  438.82 ,16.86,22.14,5.44%,1.00,7.90,7.55%,5.65%,1.90%
1927.09,16.94,0.75,1.14,17.30,1927.71,3.33,325.86,14.43,"  6,433.57 ",21.99,  434.10 ,17.82,23.29,4.94%,1.00,7.87,5.33%,5.64%,-0.31%
1927.1,16.68,0.76,1.13,17.40,1927.79,3.33,319.01,14.47,"  6,322.23 ",21.65,  429.06 ,17.54,22.84,4.94%,1.00,7.85,3.92%,5.70%,-1.78%
1927.11,17.06,0.76,1.12,17.30,1927.87,3.33,328.17,14.68,"  6,527.89 ",21.56,  428.94 ,18.13,23.52,4.69%,1.00,7.92,2.77%,5.72%,-2.94%
1927.12,17.46,0.77,1.11,17.30,1927.96,3.33,335.86,14.81,"  6,705.50 ",21.35,  426.29 ,18.65,24.10,4.39%,1.00,7.94,2.46%,5.79%,-3.33%
1928.01,17.53,0.78,1.13,17.30,1928.04,3.33,337.21,14.94,"  6,757.24 ",21.79,  436.73 ,18.81,24.22,4.13%,1.00,7.96,2.86%,5.94%,-3.09%
1928.02,17.32,0.78,1.16,17.10,1928.12,3.35,337.07,15.24,"  6,779.84 ",22.48,  452.12 ,18.87,24.22,3.90%,1.00,8.06,2.71%,5.92%,-3.22%
1928.03,18.25,0.79,1.18,17.10,1928.21,3.38,355.16,15.37,"  7,169.65 ",22.91,  462.39 ,19.94,25.51,3.66%,1.00,8.07,1.50%,5.95%,-4.45%
1928.04,19.40,0.80,1.20,17.10,1928.29,3.40,377.54,15.50,"  7,647.52 ",23.35,  473.04 ,21.26,27.10,3.18%,1.00,8.08,0.42%,5.91%,-5.48%
1928.05,20.00,0.80,1.22,17.20,1928.37,3.42,386.96,15.54,"  7,864.44 ",23.64,  480.52 ,21.83,27.73,2.88%,1.00,8.04,0.37%,6.07%,-5.70%
1928.06,19.02,0.81,1.25,17.10,1928.46,3.44,370.15,15.76,"  7,549.52 ",24.23,  494.17 ,20.91,26.48,2.86%,1.00,8.09,1.07%,6.03%,-4.97%
1928.07,19.16,0.82,1.27,17.10,1928.54,3.47,372.87,15.89,"  7,632.10 ",24.68,  505.09 ,21.08,26.61,2.53%,1.00,8.10,2.86%,6.06%,-3.20%
1928.08,19.78,0.82,1.29,17.10,1928.62,3.49,384.94,16.02,"  7,906.40 ",25.10,  515.63 ,21.76,27.39,2.16%,1.00,8.11,2.60%,6.09%,-3.49%
1928.09,21.17,0.83,1.31,17.30,1928.71,3.51,407.23,15.97,"  8,391.50 ",25.24,  520.06 ,23.00,28.87,1.81%,1.00,8.02,1.57%,6.24%,-4.67%
1928.1,21.60,0.84,1.34,17.20,1928.79,3.53,417.91,16.19,"  8,639.53 ",25.83,  533.97 ,23.58,29.50,1.43%,1.00,8.08,2.46%,6.28%,-3.82%
1928.11,23.06,0.84,1.36,17.20,1928.87,3.56,446.16,16.32,"  9,251.60 ",26.26,  544.42 ,25.12,31.34,0.96%,1.00,8.09,1.80%,6.30%,-4.50%
1928.12,23.15,0.85,1.38,17.10,1928.96,3.58,450.52,16.54,"  9,370.61 ",26.86,  558.59 ,25.30,31.47,0.73%,1.00,8.14,1.41%,6.27%,-4.86%
1929.01,24.86,0.86,1.40,17.10,1929.04,3.60,483.80,16.74,"  10,091.79 ",27.23,  567.92 ,27.08,33.59,0.45%,1.01,8.15,0.54%,6.29%,-5.75%
1929.02,24.99,0.87,1.42,17.10,1929.12,3.57,486.33,16.93,"  10,173.99 ",27.60,  577.30 ,27.13,33.56,0.65%,1.01,8.20,0.49%,6.35%,-5.86%
1929.03,25.43,0.88,1.44,17.00,1929.21,3.55,497.81,17.23,"  10,444.06 ",28.15,  590.58 ,27.68,34.13,0.42%,1.01,8.29,0.25%,6.26%,-6.01%
1929.04,25.28,0.89,1.46,16.90,1929.29,3.52,497.80,17.53,"  10,474.53 ",28.69,  603.69 ,27.57,33.90,0.22%,1.01,8.38,-1.01%,6.25%,-7.26%
1929.05,25.66,0.90,1.48,17.00,1929.37,3.50,502.31,17.62,"  10,600.33 ",28.89,  609.75 ,27.70,33.97,0.17%,1.01,8.37,-0.73%,6.29%,-7.02%
1929.06,26.15,0.91,1.50,17.10,1929.46,3.47,508.91,17.71,"  10,770.72 ",29.09,  615.76 ,27.94,34.17,0.23%,1.01,8.36,-0.67%,6.34%,-7.01%
1929.07,28.48,0.92,1.51,17.30,1929.54,3.45,547.84,17.70,"  11,626.01 ",29.12,  618.04 ,29.93,36.51,-0.16%,1.01,8.31,-1.15%,6.44%,-7.59%
1929.08,30.10,0.93,1.53,17.30,1929.62,3.42,579.01,17.89,"  12,318.96 ",29.49,  627.41 ,31.48,38.29,-0.47%,1.01,8.35,-1.83%,6.42%,-8.24%
1929.09,31.30,0.94,1.55,17.30,1929.71,3.39,602.09,18.08,"  12,842.14 ",29.85,  636.77 ,32.56,39.50,-0.61%,1.01,8.39,-1.42%,6.17%,-7.58%
1929.1,27.99,0.95,1.57,17.30,1929.79,3.37,538.42,18.27,"  11,516.55 ",30.24,  646.80 ,28.96,35.05,-0.37%,1.00,8.43,-0.13%,6.22%,-6.35%
1929.11,20.58,0.96,1.59,17.30,1929.87,3.34,395.88,18.47,"  8,500.61 ",30.60,  657.17 ,21.17,25.59,0.71%,1.00,8.48,2.81%,6.20%,-3.39%
1929.12,21.40,0.97,1.61,17.20,1929.96,3.32,414.05,18.77,"  8,924.28 ",31.15,  671.41 ,22.01,26.57,0.29%,1.00,8.57,2.11%,6.12%,-4.01%
1930.01,21.71,0.97,1.56,17.10,1930.04,3.29,422.50,18.89,"  9,140.44 ",30.30,  655.53 ,22.31,26.90,-0.01%,1.00,8.66,1.92%,6.11%,-4.19%
1930.02,23.07,0.97,1.50,17.00,1930.12,3.29,451.61,19.02,"  9,804.46 ",29.42,  638.76 ,23.70,28.53,-0.44%,1.00,8.73,1.11%,5.99%,-4.87%
1930.03,23.94,0.97,1.45,16.90,1930.21,3.30,471.41,19.15,"  10,269.05 ",28.55,  621.98 ,24.59,29.57,-0.75%,1.00,8.81,0.63%,5.94%,-5.31%
1930.04,25.46,0.97,1.40,17.00,1930.29,3.30,498.39,19.05,"  10,891.40 ",27.35,  597.62 ,25.84,31.04,-1.19%,1.00,8.77,0.18%,6.01%,-5.83%
1930.05,23.94,0.97,1.34,16.90,1930.37,3.31,471.41,19.18,"  10,336.70 ",26.45,  579.87 ,24.31,29.17,-1.15%,1.00,8.85,-0.72%,5.97%,-6.69%
1930.06,21.52,0.98,1.29,16.80,1930.46,3.31,426.28,19.31,"  9,382.40 ",25.55,  562.42 ,21.87,26.24,-0.90%,1.00,8.92,-0.67%,5.84%,-6.51%
1930.07,21.06,0.98,1.24,16.60,1930.54,3.32,422.19,19.56,"  9,328.35 ",24.80,  547.92 ,21.55,25.85,-0.90%,1.00,9.05,-0.16%,5.80%,-5.97%
1930.08,20.79,0.98,1.18,16.50,1930.62,3.32,419.31,19.70,"  9,300.84 ",23.86,  529.24 ,21.30,25.56,-0.68%,1.00,9.13,0.13%,5.75%,-5.62%
1930.09,20.78,0.98,1.13,16.60,1930.71,3.32,416.58,19.60,"  9,276.58 ",22.65,  504.45 ,21.07,25.29,-0.42%,1.00,9.10,0.62%,5.83%,-5.21%
1930.1,17.92,0.98,1.08,16.50,1930.79,3.33,361.42,19.73,"  8,084.93 ",21.72,  485.91 ,18.21,21.88,0.31%,1.00,9.17,2.16%,5.78%,-3.62%
1930.11,16.62,0.98,1.02,16.40,1930.87,3.33,337.25,19.87,"  7,581.17 ",20.76,  466.64 ,16.94,20.38,0.71%,1.00,9.25,3.11%,5.73%,-2.62%
1930.12,15.51,0.98,0.97,16.10,1930.96,3.34,320.59,20.26,"  7,244.62 ",20.05,  453.08 ,16.06,19.35,1.05%,1.00,9.45,3.13%,5.47%,-2.34%
1931.01,15.98,0.97,0.94,15.90,1931.04,3.34,334.46,20.23,"  7,596.15 ",19.67,  446.83 ,16.71,20.17,0.88%,1.00,9.59,2.72%,5.35%,-2.63%
1931.02,17.20,0.95,0.91,15.70,1931.12,3.37,364.58,20.21,"  8,318.47 ",19.29,  440.11 ,18.16,21.96,0.56%,1.00,9.71,1.19%,5.19%,-4.00%
1931.03,17.53,0.94,0.88,15.60,1931.21,3.40,373.96,20.05,"  8,570.55 ",18.77,  430.24 ,18.58,22.49,0.40%,1.00,9.78,0.94%,5.02%,-4.09%
1931.04,15.86,0.93,0.85,15.50,1931.29,3.43,340.51,19.90,"  7,842.10 ",18.25,  420.29 ,16.87,20.46,0.96%,1.00,9.85,1.50%,4.85%,-3.35%
1931.05,14.33,0.91,0.82,15.30,1931.37,3.45,311.69,19.86,"  7,216.32 ",17.84,  412.94 ,15.40,18.72,1.59%,1.00,9.98,2.12%,4.62%,-2.50%
1931.06,13.87,0.90,0.79,15.10,1931.46,3.48,305.68,19.83,"  7,115.46 ",17.41,  405.28 ,15.06,18.36,1.64%,1.00,10.12,2.46%,4.24%,-1.78%
1931.07,14.33,0.89,0.76,15.10,1931.54,3.51,315.81,19.54,"  7,389.35 ",16.75,  391.90 ,15.52,18.96,1.36%,1.00,10.12,2.64%,4.21%,-1.57%
1931.08,13.90,0.87,0.73,15.10,1931.62,3.54,306.34,19.25,"  7,205.14 ",16.09,  378.40 ,15.01,18.38,1.55%,1.00,10.13,2.77%,4.05%,-1.27%
1931.09,11.83,0.86,0.70,15.00,1931.71,3.57,262.46,19.08,"  6,210.43 ",15.53,  367.48 ,12.82,15.76,2.71%,1.00,10.20,4.26%,3.81%,0.45%
1931.1,10.25,0.85,0.67,14.90,1931.79,3.60,228.93,18.91,"  5,454.37 ",14.96,  356.53 ,11.15,13.76,3.78%,1.00,10.28,5.12%,3.58%,1.54%
1931.11,10.39,0.83,0.64,14.70,1931.87,3.62,235.21,18.86,"  5,641.55 ",14.49,  347.51 ,11.42,14.16,3.46%,1.00,10.42,4.26%,3.35%,0.91%
1931.12,8.44,0.82,0.61,14.60,1931.96,3.65,192.38,18.69,"  4,651.49 ",13.90,  336.19 ,9.31,11.61,5.41%,1.00,10.50,5.58%,3.19%,2.39%
1932.01,8.30,0.79,0.59,14.30,1932.04,3.68,193.15,18.46,"  4,707.49 ",13.81,  336.50 ,9.31,11.69,5.40%,1.01,10.73,5.59%,2.82%,2.78%
1932.02,8.23,0.77,0.58,14.10,1932.12,3.65,194.24,18.10,"  4,770.75 ",13.61,  334.30 ,9.34,11.79,5.27%,1.01,10.94,5.12%,2.57%,2.55%
1932.03,8.26,0.74,0.56,14.00,1932.21,3.62,196.34,17.59,"  4,858.35 ",13.31,  329.38 ,9.41,11.95,5.26%,1.01,11.08,4.28%,2.33%,1.96%
1932.04,6.28,0.71,0.54,13.90,1932.29,3.59,150.35,17.08,"  3,755.54 ",13.01,  324.90 ,7.19,9.19,8.50%,1.01,11.23,6.56%,2.16%,4.41%
1932.05,5.51,0.69,0.53,13.70,1932.37,3.56,133.84,16.68,"  3,377.89 ",12.79,  322.89 ,6.39,8.24,10.13%,1.01,11.45,7.76%,1.85%,5.92%
1932.06,4.77,0.66,0.51,13.60,1932.46,3.53,116.72,16.15,"  2,979.71 ",12.48,  318.58 ,5.57,7.24,12.41%,1.01,11.60,9.73%,1.73%,8.00%
1932.07,5.01,0.63,0.49,13.60,1932.54,3.50,122.59,15.50,"  3,162.59 ",12.07,  311.40 ,5.84,7.65,11.54%,1.01,11.67,9.48%,1.64%,7.84%
1932.08,7.53,0.61,0.48,13.50,1932.62,3.46,185.62,14.96,"  4,820.72 ",11.75,  305.18 ,8.83,11.63,5.81%,1.01,11.82,4.90%,1.46%,3.44%
1932.09,8.26,0.58,0.46,13.40,1932.71,3.43,205.13,14.40,"  5,358.71 ",11.42,  298.43 ,9.76,12.89,4.69%,1.01,11.97,3.97%,1.35%,2.61%
1932.1,7.12,0.55,0.44,13.30,1932.79,3.40,178.15,13.84,"  4,684.00 ",11.09,  291.63 ,8.48,11.24,6.14%,1.01,12.13,6.06%,1.12%,4.94%
1932.11,7.05,0.53,0.43,13.20,1932.87,3.37,177.74,13.28,"  4,702.18 ",10.76,  284.60 ,8.46,11.26,6.06%,1.01,12.28,6.18%,0.95%,5.23%
1932.12,6.82,0.50,0.41,13.10,1932.96,3.34,173.25,12.70,"  4,611.50 ",10.42,  277.23 ,8.26,11.03,6.26%,1.01,12.44,6.43%,0.78%,5.66%
1933.01,7.09,0.50,0.41,12.90,1933.04,3.31,182.90,12.77,"  4,896.71 ",10.64,  284.89 ,8.73,11.69,5.54%,1.00,12.71,6.47%,0.59%,5.88%
1933.02,6.25,0.49,0.42,12.70,1933.12,3.29,163.77,12.84,"  4,413.19 ",10.87,  293.04 ,7.83,10.52,6.72%,1.00,12.96,8.25%,0.41%,7.84%
1933.03,6.23,0.49,0.42,12.60,1933.21,3.28,164.54,12.81,"  4,462.75 ",11.03,  299.07 ,7.87,10.63,6.58%,1.00,13.11,8.37%,0.13%,8.23%
1933.04,6.89,0.48,0.42,12.60,1933.29,3.26,181.97,12.68,"  4,964.18 ",11.09,  302.61 ,8.72,11.81,5.31%,1.00,13.17,7.49%,0.00%,7.50%
1933.05,8.87,0.48,0.42,12.60,1933.37,3.25,234.27,12.55,"  6,419.27 ",11.16,  305.77 ,11.25,15.25,2.75%,1.00,13.22,5.15%,-0.08%,5.23%
1933.06,10.39,0.47,0.43,12.70,1933.46,3.23,272.25,12.32,"  7,488.22 ",11.14,  306.30 ,13.10,17.77,1.53%,1.00,13.17,3.77%,-0.02%,3.79%
1933.07,11.23,0.47,0.43,13.10,1933.54,3.22,285.28,11.81,"  7,873.56 ",10.86,  299.73 ,13.75,18.66,1.37%,1.00,12.82,3.56%,0.33%,3.24%
1933.08,10.67,0.46,0.43,13.20,1933.62,3.20,269.00,11.60,"  7,450.93 ",10.84,  300.27 ,13.00,17.65,1.94%,1.00,12.77,3.71%,0.44%,3.27%
1933.09,10.58,0.46,0.43,13.20,1933.71,3.18,266.73,11.47,"  7,414.56 ",10.90,  303.10 ,12.92,17.55,1.94%,1.00,12.83,3.97%,0.36%,3.60%
1933.1,9.55,0.45,0.44,13.20,1933.79,3.17,240.76,11.34,"  6,719.01 ",10.97,  306.05 ,11.70,15.90,2.71%,1.00,12.88,4.94%,0.34%,4.60%
1933.11,9.78,0.45,0.44,13.20,1933.87,3.15,246.56,11.22,"  6,906.92 ",11.03,  308.98 ,12.01,16.33,2.50%,1.00,12.93,4.21%,0.32%,3.88%
1933.12,9.97,0.44,0.44,13.20,1933.96,3.14,251.35,11.09,"  7,067.00 ",11.09,  311.88 ,12.28,16.71,2.34%,1.00,12.98,4.15%,0.30%,3.85%
1934.01,10.54,0.44,0.44,13.20,1934.04,3.12,265.72,11.11,"  7,497.07 ",11.20,  315.96 ,13.03,17.72,1.89%,1.00,13.03,3.91%,0.28%,3.63%
1934.02,11.32,0.44,0.45,13.30,1934.12,3.09,283.24,11.05,"  8,017.32 ",11.22,  317.51 ,13.93,18.95,1.55%,1.00,13.00,3.19%,0.34%,2.85%
1934.03,10.74,0.44,0.45,13.30,1934.21,3.07,268.73,11.07,"  7,632.66 ",11.32,  321.58 ,13.25,18.04,2.00%,1.00,13.06,4.03%,0.32%,3.71%
1934.04,10.92,0.44,0.46,13.30,1934.29,3.04,273.23,11.09,"  7,786.83 ",11.43,  325.66 ,13.52,18.40,1.94%,1.00,13.12,3.63%,0.24%,3.39%
1934.05,9.81,0.44,0.46,13.30,1934.37,3.01,245.46,11.11,"  7,021.71 ",11.53,  329.83 ,12.18,16.58,2.77%,1.00,13.19,4.93%,0.22%,4.71%
1934.06,9.94,0.45,0.47,13.40,1934.46,2.98,246.86,11.05,"  7,088.01 ",11.55,  331.58 ,12.29,16.73,2.80%,1.00,13.15,5.30%,0.22%,5.08%
1934.07,9.47,0.45,0.47,13.40,1934.54,2.96,235.18,11.07,"  6,779.35 ",11.65,  335.89 ,11.74,16.00,3.15%,1.00,13.22,6.03%,0.14%,5.89%
1934.08,9.10,0.45,0.47,13.40,1934.62,2.93,226.00,11.09,"  6,541.13 ",11.75,  340.21 ,11.32,15.43,3.56%,1.00,13.28,6.29%,0.12%,6.17%
1934.09,8.88,0.45,0.48,13.60,1934.71,2.90,217.29,10.95,"  6,315.53 ",11.68,  339.60 ,10.91,14.89,4.00%,1.00,13.15,6.54%,0.25%,6.29%
1934.1,8.95,0.45,0.48,13.50,1934.79,2.87,220.62,11.05,"  6,439.23 ",11.87,  346.57 ,11.11,15.17,3.74%,1.00,13.31,6.63%,0.15%,6.48%
1934.11,9.20,0.45,0.49,13.50,1934.87,2.85,226.79,11.07,"  6,646.03 ",11.98,  350.94 ,11.45,15.65,3.50%,1.00,13.37,6.27%,0.13%,6.13%
1934.12,9.26,0.45,0.49,13.40,1934.96,2.82,229.97,11.18,"  6,766.59 ",12.17,  358.06 ,11.64,15.92,3.25%,1.00,13.54,6.29%,-0.02%,6.30%
1935.01,9.26,0.45,0.57,13.60,1935.04,2.79,226.59,11.01,"  6,694.08 ",13.95,  412.05 ,11.50,15.73,3.53%,1.00,13.40,6.76%,0.11%,6.64%
1935.02,8.98,0.45,0.65,13.70,1935.12,2.78,218.13,10.93,"  6,471.19 ",15.79,  468.40 ,11.09,15.18,3.99%,1.00,13.35,7.51%,0.19%,7.33%
1935.03,8.41,0.45,0.73,13.70,1935.21,2.77,204.29,10.93,"  6,087.46 ",17.73,  528.40 ,10.40,14.24,4.54%,1.00,13.39,8.21%,0.19%,8.02%
1935.04,9.04,0.45,0.76,13.80,1935.29,2.76,218.00,10.77,"  6,522.81 ",18.25,  545.97 ,11.10,15.20,4.07%,1.00,13.34,7.77%,0.26%,7.51%
1935.05,9.75,0.44,0.78,13.80,1935.37,2.74,235.12,10.69,"  7,061.77 ",18.89,  567.36 ,11.99,16.40,3.37%,1.00,13.38,7.29%,0.20%,7.09%
1935.06,10.12,0.44,0.81,13.70,1935.46,2.73,245.82,10.69,"  7,410.01 ",19.68,  593.09 ,12.54,17.14,2.82%,1.00,13.53,6.89%,0.02%,6.87%
1935.07,10.65,0.44,0.79,13.70,1935.54,2.72,258.70,10.69,"  7,824.93 ",19.27,  582.89 ,13.20,18.02,2.33%,1.00,13.57,6.13%,0.02%,6.11%
1935.08,11.37,0.44,0.78,13.70,1935.62,2.71,276.19,10.69,"  8,380.88 ",18.87,  572.48 ,14.11,19.22,1.85%,1.00,13.61,5.48%,0.02%,5.46%
1935.09,11.61,0.44,0.76,13.70,1935.71,2.70,282.02,10.69,"  8,584.81 ",18.46,  561.97 ,14.42,19.62,1.71%,1.00,13.66,5.96%,0.02%,5.94%
1935.1,11.92,0.45,0.76,13.70,1935.79,2.69,289.55,10.93,"  8,841.76 ",18.46,  563.74 ,14.83,20.14,1.53%,1.00,13.70,6.11%,0.02%,6.10%
1935.11,13.04,0.46,0.76,13.80,1935.87,2.67,314.46,11.09,"  9,630.67 ",18.33,  561.30 ,16.13,21.87,0.90%,1.00,13.65,5.58%,0.09%,5.49%
1935.12,13.04,0.47,0.76,13.80,1935.96,2.66,314.46,11.33,"  9,659.59 ",18.33,  562.98 ,16.16,21.87,0.96%,1.00,13.69,5.70%,0.03%,5.67%
1936.01,13.76,0.48,0.77,13.80,1936.04,2.65,331.82,11.58,"  10,222.58 ",18.57,  572.05 ,17.09,23.08,0.63%,1.00,13.74,5.55%,0.03%,5.52%
1936.02,14.55,0.49,0.78,13.80,1936.12,2.65,350.87,11.82,"  10,839.82 ",18.81,  581.10 ,18.10,24.41,0.30%,1.00,13.76,5.05%,0.08%,4.97%
1936.03,14.86,0.50,0.79,13.70,1936.21,2.66,360.96,12.15,"  11,182.85 ",19.19,  594.51 ,18.66,25.10,0.12%,1.00,13.89,4.33%,-0.11%,4.44%
1936.04,14.88,0.52,0.82,13.70,1936.29,2.66,361.45,12.55,"  11,230.30 ",19.92,  618.87 ,18.72,25.13,0.05%,1.00,13.92,4.91%,-0.17%,5.08%
1936.05,14.09,0.53,0.85,13.70,1936.37,2.66,342.26,12.96,"  10,667.61 ",20.65,  643.54 ,17.75,23.79,0.39%,1.00,13.95,5.45%,-0.23%,5.68%
1936.06,14.69,0.55,0.88,13.80,1936.46,2.66,354.25,13.26,"  11,075.73 ",21.22,  663.49 ,18.39,24.60,0.32%,1.00,13.87,4.91%,-0.27%,5.17%
1936.07,15.56,0.57,0.90,13.90,1936.54,2.67,372.53,13.65,"  11,682.83 ",21.55,  675.74 ,19.36,25.84,0.22%,1.00,13.80,3.49%,-0.77%,4.26%
1936.08,15.87,0.59,0.92,14.00,1936.62,2.67,377.23,14.02,"  11,867.13 ",21.87,  687.95 ,19.62,26.13,0.28%,1.00,13.73,2.95%,-0.91%,3.85%
1936.09,16.05,0.61,0.94,14.00,1936.71,2.67,381.51,14.50,"  12,039.74 ",22.34,  705.13 ,19.86,26.40,0.16%,1.00,13.76,1.11%,-1.01%,2.12%
1936.1,16.89,0.65,0.97,14.00,1936.79,2.67,401.48,15.37,"  12,710.28 ",22.98,  727.45 ,20.91,27.73,-0.15%,1.00,13.79,0.18%,-1.21%,1.39%
1936.11,17.36,0.68,0.99,14.00,1936.87,2.68,412.65,16.24,"  13,106.83 ",23.61,  749.97 ,21.50,28.45,-0.34%,1.00,13.81,-0.36%,-1.45%,1.08%
1936.12,17.06,0.72,1.02,14.00,1936.96,2.68,405.52,17.11,"  12,925.62 ",24.25,  772.81 ,21.13,27.90,-0.26%,1.00,13.84,0.02%,-1.54%,1.56%
1937.01,17.59,0.73,1.05,14.10,1937.04,2.68,415.15,17.23,"  13,278.43 ",24.78,  792.63 ,21.62,28.50,-0.19%,1.00,13.77,-0.16%,-1.48%,1.32%
1937.02,18.11,0.74,1.08,14.10,1937.12,2.67,427.43,17.47,"  13,717.52 ",25.49,  818.05 ,22.24,29.26,-0.26%,1.00,13.81,-0.07%,-1.51%,1.44%
1937.03,18.09,0.75,1.11,14.20,1937.21,2.66,423.95,17.58,"  13,652.88 ",26.01,  837.74 ,22.04,28.93,-0.08%,1.00,13.76,-0.58%,-1.64%,1.06%
1937.04,17.01,0.78,1.13,14.30,1937.29,2.65,395.85,18.15,"  12,796.72 ",26.30,  850.11 ,20.56,26.93,0.33%,1.00,13.71,-0.27%,-1.60%,1.33%
1937.05,16.25,0.81,1.15,14.40,1937.37,2.64,375.54,18.72,"  12,190.50 ",26.58,  862.71 ,19.47,25.47,0.62%,1.00,13.65,0.08%,-1.56%,1.64%
1937.06,15.64,0.84,1.17,14.40,1937.46,2.63,361.44,19.41,"  11,785.40 ",27.04,  881.64 ,18.71,24.45,0.73%,1.00,13.69,0.76%,-1.63%,2.39%
1937.07,16.57,0.82,1.19,14.50,1937.54,2.62,380.29,18.74,"  12,451.02 ",27.23,  891.69 ,19.65,25.63,0.72%,1.00,13.64,0.77%,-1.67%,2.44%
1937.08,16.74,0.79,1.20,14.50,1937.62,2.61,384.19,18.21,"  12,628.43 ",27.62,  907.78 ,19.81,25.79,0.75%,1.00,13.68,0.34%,-1.83%,2.16%
1937.09,14.37,0.77,1.22,14.60,1937.71,2.60,327.54,17.55,"  10,814.36 ",27.81,  918.13 ,16.85,21.91,1.65%,1.00,13.63,1.46%,-2.00%,3.46%
1937.1,12.28,0.78,1.19,14.60,1937.79,2.59,279.90,17.78,"  9,290.42 ",27.12,  900.29 ,14.36,18.67,2.63%,1.00,13.67,3.32%,-2.03%,5.34%
1937.11,11.20,0.79,1.16,14.50,1937.87,2.58,257.05,18.13,"  8,581.93 ",26.62,  888.84 ,13.16,17.11,3.27%,1.00,13.81,4.02%,-2.16%,6.18%
1937.12,11.02,0.80,1.13,14.40,1937.96,2.57,254.67,18.49,"  8,554.08 ",26.11,  877.14 ,13.01,16.93,3.30%,1.00,13.95,3.81%,-2.38%,6.18%
1938.01,11.31,0.79,1.08,14.20,1938.04,2.56,265.06,18.59,"  8,954.88 ",25.23,  852.47 ,13.51,17.59,2.89%,1.00,14.19,3.11%,-2.66%,5.77%
1938.02,11.04,0.79,1.02,14.10,1938.12,2.54,260.56,18.57,"  8,855.37 ",24.15,  820.83 ,13.26,17.28,3.09%,1.00,14.34,2.84%,-2.65%,5.50%
1938.03,10.31,0.78,0.97,14.10,1938.21,2.53,243.33,18.41,"  8,321.96 ",22.89,  782.96 ,12.38,16.14,3.64%,1.00,14.39,3.73%,-2.62%,6.34%
1938.04,9.89,0.77,0.90,14.20,1938.29,2.51,231.78,17.97,"  7,977.94 ",21.17,  728.69 ,11.79,15.39,4.13%,1.00,14.34,4.81%,-2.72%,7.53%
1938.05,9.98,0.75,0.84,14.10,1938.37,2.49,235.54,17.78,"  8,158.64 ",19.75,  683.97 ,11.99,15.68,3.88%,1.00,14.49,5.08%,-2.83%,7.91%
1938.06,10.21,0.74,0.77,14.10,1938.46,2.48,240.97,17.47,"  8,397.07 ",18.17,  633.28 ,12.29,16.08,3.75%,1.00,14.54,5.16%,-2.92%,8.08%
1938.07,12.24,0.71,0.72,14.10,1938.54,2.46,288.88,16.84,"  10,115.51 ",16.99,  595.03 ,14.77,19.33,2.40%,1.00,14.59,2.89%,-3.05%,5.93%
1938.08,12.31,0.69,0.67,14.10,1938.62,2.44,290.54,16.21,"  10,220.65 ",15.81,  556.28 ,14.90,19.51,2.36%,1.00,14.65,2.48%,-3.09%,5.57%
1938.09,11.75,0.66,0.62,14.10,1938.71,2.43,277.32,15.58,"  9,801.36 ",14.63,  517.18 ,14.28,18.69,2.55%,1.00,14.70,2.84%,-3.10%,5.94%
1938.1,13.06,0.61,0.63,14.00,1938.79,2.41,310.44,14.50,"  11,014.63 ",14.90,  528.52 ,16.06,21.01,1.78%,1.00,14.85,2.01%,-3.13%,5.14%
1938.11,13.07,0.56,0.63,14.00,1938.87,2.39,310.68,13.31,"  11,062.42 ",15.05,  536.05 ,16.15,21.10,1.76%,1.00,14.90,1.52%,-3.06%,4.58%
1938.12,12.69,0.51,0.64,14.00,1938.96,2.38,301.64,12.12,"  10,776.76 ",15.21,  543.51 ,15.76,20.56,1.99%,1.00,14.96,1.81%,-3.02%,4.83%
1939.01,12.50,0.51,0.66,14.00,1939.04,2.36,297.13,12.20,"  10,651.74 ",15.77,  565.25 ,15.60,20.32,2.07%,1.00,15.01,2.14%,-2.99%,5.13%
1939.02,12.40,0.52,0.69,13.90,1939.12,2.35,296.87,12.37,"  10,679.49 ",16.44,  591.39 ,15.66,20.38,1.99%,1.00,15.16,1.85%,-2.99%,4.84%
1939.03,12.39,0.52,0.71,13.90,1939.21,2.34,296.63,12.45,"  10,708.20 ",17.00,  613.63 ,15.73,20.43,2.03%,1.00,15.21,1.98%,-3.00%,4.98%
1939.04,10.83,0.52,0.73,13.80,1939.29,2.32,261.16,12.62,"  9,465.74 ",17.52,  635.13 ,13.92,18.05,2.86%,1.00,15.37,3.24%,-3.12%,6.36%
1939.05,11.23,0.53,0.74,13.80,1939.37,2.31,270.81,12.70,"  9,853.72 ",17.93,  652.23 ,14.50,18.78,2.52%,1.00,15.41,2.85%,-3.09%,5.95%
1939.06,11.43,0.53,0.76,13.80,1939.46,2.30,275.63,12.78,"  10,067.96 ",18.33,  669.44 ,14.83,19.18,2.32%,1.00,15.46,2.08%,-3.14%,5.22%
1939.07,11.71,0.54,0.78,13.80,1939.54,2.29,282.38,13.02,"  10,354.23 ",18.73,  686.75 ,15.27,19.71,2.03%,1.00,15.51,2.50%,-3.07%,5.57%
1939.08,11.54,0.55,0.79,13.80,1939.62,2.27,278.28,13.26,"  10,244.44 ",19.13,  704.27 ,15.12,19.48,2.11%,1.00,15.55,2.98%,-3.13%,6.11%
1939.09,12.77,0.56,0.81,14.10,1939.71,2.26,301.39,13.22,"  11,135.70 ",19.12,  706.34 ,16.45,21.15,1.79%,1.00,15.27,2.27%,-2.97%,5.24%
1939.1,12.90,0.58,0.84,14.00,1939.79,2.25,306.64,13.79,"  11,371.86 ",19.97,  740.49 ,16.82,21.57,1.60%,1.00,15.42,2.46%,-2.97%,5.43%
1939.11,12.67,0.60,0.87,14.00,1939.87,2.24,301.17,14.26,"  11,213.18 ",20.68,  769.97 ,16.60,21.24,1.70%,1.00,15.47,2.76%,-3.02%,5.78%
1939.12,12.37,0.62,0.90,14.00,1939.96,2.22,294.04,14.74,"  10,993.40 ",21.39,  799.84 ,16.28,20.78,1.88%,1.00,15.51,3.39%,-2.95%,6.33%
1940.01,12.30,0.62,0.93,13.90,1940.04,2.21,294.48,14.92,"  11,056.33 ",22.27,  835.97 ,16.38,20.86,1.84%,1.00,15.67,3.64%,-2.99%,6.63%
1940.02,12.22,0.63,0.96,14.00,1940.12,2.19,290.47,14.90,"  10,952.57 ",22.82,  860.43 ,16.22,20.61,2.06%,1.00,15.62,4.00%,-2.95%,6.95%
1940.03,12.15,0.63,0.99,14.00,1940.21,2.17,288.81,14.98,"  10,936.88 ",23.53,  891.15 ,16.17,20.51,2.15%,1.00,15.68,4.11%,-3.03%,7.14%
1940.04,12.27,0.64,1.01,14.00,1940.29,2.15,291.66,15.13,"  11,092.66 ",23.93,  910.08 ,16.37,20.71,2.04%,1.00,15.74,4.31%,-3.07%,7.38%
1940.05,10.58,0.64,1.02,14.00,1940.37,2.12,251.49,15.29,"  9,613.29 ",24.32,  929.83 ,14.14,17.86,3.08%,1.00,15.80,6.18%,-3.14%,9.32%
1940.06,9.67,0.65,1.04,14.10,1940.46,2.10,228.23,15.34,"  8,772.99 ",24.55,  943.53 ,12.84,16.21,3.95%,1.00,15.74,7.34%,-3.15%,10.48%
1940.07,9.99,0.66,1.05,14.00,1940.54,2.08,237.47,15.61,"  9,178.04 ",25.04,  967.72 ,13.37,16.86,3.71%,1.00,15.91,5.98%,-3.37%,9.35%
1940.08,10.20,0.66,1.07,14.00,1940.62,2.06,242.46,15.77,"  9,421.76 ",25.36,  985.28 ,13.65,17.20,3.64%,1.00,15.97,6.30%,-3.48%,9.78%
1940.09,10.63,0.67,1.08,14.00,1940.71,2.04,252.68,15.93,"  9,870.52 ",25.67,"  1,002.84 ",14.21,17.89,3.31%,1.00,16.03,6.19%,-3.56%,9.75%
1940.1,10.73,0.67,1.07,14.00,1940.79,2.02,255.06,15.93,"  10,015.22 ",25.43,  998.72 ,14.33,18.02,3.33%,1.00,16.09,6.44%,-3.67%,10.11%
1940.11,10.98,0.67,1.06,14.00,1940.87,1.99,261.00,15.93,"  10,300.68 ",25.20,  994.42 ,14.64,18.39,3.27%,1.00,16.15,6.14%,-3.74%,9.88%
1940.12,10.53,0.67,1.05,14.10,1940.96,1.97,248.53,15.81,"  9,860.47 ",24.78,  983.24 ,13.91,17.47,3.90%,1.00,16.09,6.50%,-3.82%,10.32%
1941.01,10.55,0.67,1.05,14.10,1941.04,1.95,249.00,15.89,"  9,931.74 ",24.86,  991.60 ,13.90,17.46,4.05%,1.00,16.15,7.08%,-4.00%,11.08%
1941.02,9.89,0.68,1.06,14.10,1941.12,1.99,233.42,15.97,"  9,363.51 ",24.94,"  1,000.42 ",13.00,16.33,4.63%,1.00,16.11,8.04%,-4.08%,12.12%
1941.03,9.95,0.68,1.06,14.20,1941.21,2.04,233.18,15.94,"  9,407.24 ",24.84,"  1,002.18 ",12.96,16.27,4.75%,1.00,15.96,7.83%,-4.02%,11.85%
1941.04,9.64,0.68,1.07,14.30,1941.29,2.08,224.34,15.90,"  9,103.88 ",24.90,"  1,010.49 ",12.43,15.62,5.17%,1.00,15.82,8.39%,-3.92%,12.31%
1941.05,9.43,0.69,1.08,14.40,1941.37,2.12,217.93,15.87,"  8,897.38 ",24.96,"  1,019.00 ",12.04,15.14,5.58%,1.00,15.68,8.67%,-3.85%,12.52%
1941.06,9.76,0.69,1.09,14.70,1941.46,2.16,220.95,15.62,"  9,073.95 ",24.68,"  1,013.38 ",12.16,15.31,5.79%,1.00,15.33,8.33%,-3.62%,11.95%
1941.07,10.26,0.69,1.12,14.70,1941.54,2.21,232.27,15.70,"  9,592.52 ",25.43,"  1,050.25 ",12.74,16.05,5.37%,1.00,15.30,7.98%,-3.59%,11.57%
1941.08,10.21,0.70,1.16,14.90,1941.62,2.25,228.04,15.56,"  9,471.19 ",25.83,"  1,072.97 ",12.46,15.70,5.64%,1.00,15.06,8.64%,-3.43%,12.07%
1941.09,10.24,0.70,1.19,15.10,1941.71,2.29,225.68,15.43,"  9,426.60 ",26.23,"  1,095.47 ",12.28,15.48,5.92%,1.00,14.83,8.95%,-3.34%,12.29%
1941.1,9.83,0.70,1.18,15.30,1941.79,2.33,213.81,15.30,"  8,984.13 ",25.67,"  1,078.46 ",11.58,14.60,6.57%,1.00,14.61,9.43%,-3.22%,12.65%
1941.11,9.37,0.71,1.17,15.40,1941.87,2.38,202.48,15.27,"  8,561.58 ",25.28,"  1,069.06 ",10.91,13.78,7.26%,1.00,14.49,9.62%,-3.20%,12.82%
1941.12,8.76,0.71,1.16,15.50,1941.96,2.42,188.08,15.24,"  8,006.28 ",24.91,"  1,060.19 ",10.09,12.76,8.10%,1.00,14.37,10.71%,-3.14%,13.85%
1942.01,8.93,0.70,1.12,15.70,1942.04,2.46,189.28,14.91,"  8,110.57 ",23.74,"  1,017.23 ",10.10,12.81,8.38%,1.00,14.16,10.98%,-2.99%,13.97%
1942.02,8.65,0.70,1.08,15.80,1942.12,2.46,182.19,14.67,"  7,858.93 ",22.75,  981.23 ,9.68,12.30,9.01%,1.00,14.10,11.27%,-2.86%,14.13%
1942.03,8.18,0.69,1.04,16.00,1942.21,2.46,170.14,14.35,"  7,390.61 ",21.63,  939.64 ,9.00,11.47,9.99%,1.00,13.95,12.04%,-2.75%,14.79%
1942.04,7.84,0.68,1.02,16.10,1942.29,2.46,162.05,14.06,"  7,090.30 ",21.08,  922.46 ,8.54,10.92,10.72%,1.00,13.89,12.49%,-2.73%,15.22%
1942.05,7.93,0.67,1.00,16.30,1942.37,2.46,161.90,13.68,"  7,133.57 ",20.42,  899.57 ,8.51,10.90,11.05%,1.00,13.75,12.47%,-2.62%,15.09%
1942.06,8.33,0.66,0.98,16.30,1942.46,2.46,170.07,13.47,"  7,542.88 ",20.01,  887.40 ,8.91,11.44,10.59%,1.00,13.78,12.16%,-2.66%,14.82%
1942.07,8.64,0.65,0.97,16.40,1942.54,2.47,175.32,13.12,"  7,824.38 ",19.62,  875.41 ,9.15,11.78,10.35%,1.00,13.72,12.03%,-2.68%,14.72%
1942.08,8.59,0.63,0.95,16.50,1942.62,2.47,173.25,12.77,"  7,779.46 ",19.23,  863.38 ,9.01,11.63,10.66%,1.00,13.67,12.20%,-2.63%,14.83%
1942.09,8.68,0.62,0.94,16.50,1942.71,2.47,175.06,12.50,"  7,907.76 ",18.96,  856.37 ,9.08,11.75,10.65%,1.00,13.69,11.89%,-2.64%,14.53%
1942.1,9.32,0.61,0.97,16.70,1942.79,2.47,185.72,12.16,"  8,434.89 ",19.33,  877.88 ,9.60,12.44,10.25%,1.00,13.56,10.99%,-2.53%,13.52%
1942.11,9.47,0.60,1.00,16.80,1942.87,2.47,187.59,11.89,"  8,564.61 ",19.81,  904.39 ,9.66,12.54,10.32%,1.00,13.50,11.22%,-2.48%,13.70%
1942.12,9.52,0.59,1.03,16.90,1942.96,2.47,187.46,11.62,"  8,603.09 ",20.28,  930.80 ,9.62,12.50,10.51%,1.00,13.45,11.66%,-2.43%,14.09%
1943.01,10.09,0.59,1.04,16.90,1943.04,2.47,198.69,11.62,"  9,162.62 ",20.54,  947.44 ,10.15,13.21,10.12%,1.00,13.47,11.11%,-2.40%,13.51%
1943.02,10.69,0.59,1.06,16.90,1943.12,2.47,210.50,11.62,"  9,752.12 ",20.81,  963.96 ,10.71,13.95,9.77%,1.00,13.50,10.37%,-2.33%,12.71%
1943.03,11.07,0.59,1.07,17.20,1943.21,2.47,214.18,11.42,"  9,966.71 ",20.70,  963.36 ,10.85,14.15,9.91%,1.00,13.29,10.20%,-2.17%,12.37%
1943.04,11.44,0.59,1.08,17.40,1943.29,2.47,218.80,11.28,"  10,225.20 ",20.66,  965.32 ,11.04,14.40,9.87%,1.00,13.17,9.41%,-2.10%,11.52%
1943.05,11.89,0.59,1.09,17.50,1943.37,2.47,226.10,11.22,"  10,610.38 ",20.73,  972.69 ,11.36,14.83,9.67%,1.00,13.12,9.08%,-2.27%,11.34%
1943.06,12.10,0.59,1.10,17.50,1943.46,2.47,230.10,11.22,"  10,841.66 ",20.92,  985.61 ,11.52,15.03,9.47%,1.00,13.14,8.46%,-2.35%,10.81%
1943.07,12.35,0.59,1.09,17.40,1943.54,2.48,236.20,11.35,"  11,173.81 ",20.91,  989.20 ,11.77,15.37,8.90%,1.00,13.24,8.34%,-2.25%,10.59%
1943.08,11.74,0.60,1.09,17.30,1943.62,2.48,225.83,11.48,"  10,728.55 ",20.90,  993.05 ,11.21,14.65,9.19%,1.00,13.35,8.84%,-2.35%,11.19%
1943.09,11.99,0.60,1.08,17.40,1943.71,2.48,229.31,11.48,"  10,939.47 ",20.66,  985.37 ,11.34,14.82,9.15%,1.00,13.30,8.17%,-2.22%,10.39%
1943.1,11.88,0.60,1.03,17.40,1943.79,2.48,227.21,11.54,"  10,884.98 ",19.76,  946.78 ,11.19,14.63,9.26%,1.00,13.32,8.56%,-2.08%,10.64%
1943.11,11.33,0.61,0.99,17.40,1943.87,2.48,216.69,11.60,"  10,427.37 ",18.87,  908.06 ,10.63,13.92,9.73%,1.00,13.35,9.36%,-2.06%,11.42%
1943.12,11.48,0.61,0.94,17.40,1943.96,2.48,219.56,11.67,"  10,612.20 ",17.98,  868.94 ,10.74,14.07,9.64%,1.00,13.38,9.37%,-1.98%,11.35%
1944.01,11.85,0.61,0.94,17.40,1944.04,2.48,226.64,11.73,"  11,001.48 ",17.91,  869.60 ,11.05,14.49,9.37%,1.00,13.40,9.30%,-1.88%,11.18%
1944.02,11.77,0.62,0.93,17.40,1944.12,2.47,225.11,11.79,"  10,974.92 ",17.85,  870.28 ,10.95,14.37,9.39%,1.00,13.44,9.61%,-1.88%,11.50%
1944.03,12.10,0.62,0.93,17.40,1944.21,2.46,231.42,11.86,"  11,330.80 ",17.79,  870.88 ,11.22,14.75,9.17%,1.00,13.48,9.54%,-1.80%,11.35%
1944.04,11.89,0.62,0.93,17.50,1944.29,2.45,226.10,11.85,"  11,118.89 ",17.62,  866.57 ,10.94,14.39,9.47%,1.00,13.44,10.27%,-1.65%,11.92%
1944.05,12.10,0.63,0.92,17.50,1944.37,2.44,230.10,11.92,"  11,364.11 ",17.56,  867.18 ,11.10,14.62,9.35%,1.00,13.48,10.47%,-1.77%,12.23%
1944.06,12.67,0.63,0.92,17.60,1944.46,2.43,239.57,11.91,"  11,880.86 ",17.40,  862.70 ,11.53,15.20,9.00%,1.00,13.44,10.11%,-1.73%,11.84%
1944.07,13.00,0.63,0.91,17.70,1944.54,2.43,244.42,11.91,"  12,170.65 ",17.17,  855.07 ,11.74,15.48,8.92%,1.00,13.40,10.33%,-1.61%,11.94%
1944.08,12.81,0.64,0.91,17.70,1944.62,2.42,240.85,11.97,"  12,042.44 ",17.05,  852.34 ,11.54,15.23,9.07%,1.00,13.44,10.70%,-1.67%,12.38%
1944.09,12.60,0.64,0.90,17.70,1944.71,2.41,236.90,12.03,"  11,895.16 ",16.92,  849.65 ,11.33,14.97,9.09%,1.00,13.48,11.18%,-1.66%,12.84%
1944.1,12.91,0.64,0.91,17.70,1944.79,2.40,242.73,12.03,"  12,238.17 ",17.11,  862.64 ,11.58,15.32,8.98%,1.00,13.52,11.16%,-1.71%,12.88%
1944.11,12.82,0.64,0.92,17.70,1944.87,2.39,241.03,12.03,"  12,203.41 ",17.30,  875.75 ,11.48,15.19,9.07%,1.00,13.56,11.67%,-1.76%,13.43%
1944.12,13.10,0.64,0.93,17.80,1944.96,2.38,244.91,11.97,"  12,450.37 ",17.39,  883.88 ,11.64,15.41,9.09%,1.00,13.52,12.02%,-1.70%,13.73%
1945.01,13.49,0.64,0.94,17.80,1945.04,2.37,252.21,12.03,"  12,871.98 ",17.57,  896.94 ,11.96,15.85,8.72%,1.00,13.55,11.89%,-1.80%,13.69%
1945.02,13.94,0.65,0.95,17.80,1945.12,2.36,260.62,12.09,"  13,352.78 ",17.76,  909.98 ,12.34,16.36,8.40%,1.00,13.60,11.89%,-1.84%,13.73%
1945.03,13.93,0.65,0.96,17.80,1945.21,2.34,260.43,12.15,"  13,395.09 ",17.95,  923.14 ,12.32,16.34,8.43%,1.00,13.64,11.81%,-1.88%,13.68%
1945.04,14.28,0.65,0.97,17.80,1945.29,2.33,266.98,12.15,"  13,783.74 ",18.20,  939.51 ,12.63,16.75,8.17%,1.00,13.69,11.90%,-1.95%,13.85%
1945.05,14.82,0.65,0.99,17.90,1945.37,2.31,275.52,12.08,"  14,277.05 ",18.34,  950.52 ,13.04,17.28,8.00%,1.00,13.66,11.50%,-1.91%,13.41%
1945.06,15.09,0.65,1.00,18.10,1945.46,2.30,277.44,11.95,"  14,428.13 ",18.39,  956.14 ,13.13,17.39,8.15%,1.00,13.55,12.05%,-1.83%,13.88%
1945.07,14.78,0.65,1.00,18.10,1945.54,2.28,271.74,12.01,"  14,183.78 ",18.32,  956.46 ,12.87,17.04,8.32%,1.00,13.59,13.03%,-1.98%,15.01%
1945.08,14.83,0.66,0.99,18.10,1945.62,2.27,272.66,12.07,"  14,284.28 ",18.26,  956.78 ,12.92,17.09,8.30%,1.00,13.64,12.92%,-2.04%,14.96%
1945.09,15.84,0.66,0.99,18.10,1945.71,2.25,291.23,12.13,"  15,310.09 ",18.20,  956.88 ,13.80,18.25,7.82%,1.00,13.68,12.62%,-2.09%,14.71%
1945.1,16.50,0.66,0.98,18.10,1945.79,2.24,303.37,12.13,"  16,001.17 ",18.02,  950.37 ,14.37,19.00,7.55%,1.00,13.73,11.59%,-2.02%,13.60%
1945.11,17.04,0.66,0.97,18.10,1945.87,2.22,313.29,12.13,"  16,578.18 ",17.83,  943.71 ,14.85,19.61,7.26%,1.00,13.77,11.95%,-2.03%,13.99%
1945.12,17.33,0.66,0.96,18.20,1945.96,2.21,316.88,12.07,"  16,820.90 ",17.55,  931.80 ,15.02,19.82,7.26%,1.00,13.74,11.97%,-2.01%,13.98%
1946.01,18.02,0.67,0.94,18.20,1946.04,2.19,329.49,12.19,"  17,544.55 ",17.19,  915.20 ,15.62,20.60,7.02%,1.00,13.78,11.23%,-1.97%,13.20%
1946.02,18.07,0.67,0.92,18.10,1946.12,2.20,332.23,12.38,"  17,745.37 ",16.91,  903.47 ,15.76,20.77,6.90%,1.00,13.88,11.21%,-1.96%,13.17%
1946.03,17.53,0.68,0.90,18.30,1946.21,2.20,318.78,12.37,"  17,081.97 ",16.37,  877.00 ,15.13,19.93,7.34%,1.00,13.74,12.42%,-1.94%,14.36%
1946.04,18.66,0.68,0.88,18.40,1946.29,2.21,337.49,12.30,"  18,139.18 ",15.92,  855.44 ,16.04,21.10,7.02%,1.00,13.69,11.87%,-2.10%,13.97%
1946.05,18.70,0.68,0.86,18.50,1946.37,2.21,336.38,12.23,"  18,134.59 ",15.47,  834.00 ,16.01,21.05,7.08%,1.00,13.63,11.51%,-1.98%,13.49%
1946.06,18.58,0.68,0.84,18.70,1946.46,2.22,330.65,12.10,"  17,879.88 ",14.95,  808.35 ,15.77,20.71,7.21%,1.00,13.51,11.55%,-1.88%,13.43%
1946.07,18.05,0.68,0.86,19.80,1946.54,2.22,303.37,11.48,"  16,456.61 ",14.40,  781.04 ,14.51,19.04,8.27%,1.00,12.77,13.03%,-1.47%,14.50%
1946.08,17.70,0.69,0.87,20.20,1946.62,2.23,291.60,11.31,"  15,869.09 ",14.39,  782.99 ,13.98,18.34,8.66%,1.00,12.54,13.45%,-1.41%,14.86%
1946.09,15.09,0.69,0.89,20.40,1946.71,2.23,246.16,11.26,"  13,447.48 ",14.52,  793.13 ,11.84,15.53,10.05%,1.00,12.43,14.94%,-1.38%,16.32%
1946.1,14.75,0.70,0.95,20.80,1946.79,2.24,235.99,11.15,"  12,942.45 ",15.15,  830.66 ,11.39,14.93,10.58%,1.00,12.21,15.23%,-1.17%,16.40%
1946.11,14.69,0.70,1.00,21.30,1946.87,2.24,229.51,10.99,"  12,637.45 ",15.68,  863.14 ,11.11,14.57,11.05%,1.00,11.94,15.42%,-1.05%,16.47%
1946.12,15.13,0.71,1.06,21.50,1946.96,2.25,234.19,10.99,"  12,945.32 ",16.41,  906.94 ,11.37,14.90,10.93%,1.00,11.85,15.31%,-1.06%,16.37%
1947.01,15.21,0.71,1.13,21.50,1947.04,2.25,235.43,11.04,"  13,064.63 ",17.49,  970.61 ,11.47,15.02,10.78%,1.00,11.86,14.99%,-0.94%,15.92%
1947.02,15.80,0.72,1.20,21.50,1947.12,2.27,244.56,11.09,"  13,622.71 ",18.57,"  1,034.64 ",11.95,15.64,10.41%,1.00,11.87,14.00%,-0.85%,14.85%
1947.03,15.16,0.72,1.27,21.90,1947.21,2.28,230.37,10.94,"  12,882.95 ",19.30,"  1,079.24 ",11.29,14.76,11.01%,1.00,11.66,14.78%,-0.74%,15.52%
1947.04,14.60,0.73,1.33,21.90,1947.29,2.30,221.86,11.14,"  12,459.00 ",20.16,"  1,132.12 ",10.90,14.24,11.23%,1.00,11.66,15.42%,-0.81%,16.23%
1947.05,14.34,0.75,1.38,21.90,1947.37,2.31,217.91,11.35,"  12,290.22 ",21.02,"  1,185.59 ",10.73,14.01,11.28%,1.00,11.67,16.01%,-0.92%,16.93%
1947.06,14.84,0.76,1.44,22.00,1947.46,2.33,224.48,11.50,"  12,714.97 ",21.78,"  1,233.80 ",11.08,14.45,11.02%,1.00,11.62,15.80%,-1.05%,16.85%
1947.07,15.77,0.77,1.48,22.20,1947.54,2.35,236.40,11.54,"  13,444.55 ",22.14,"  1,258.92 ",11.70,15.23,10.56%,1.00,11.52,15.34%,-1.11%,16.45%
1947.08,15.46,0.78,1.51,22.50,1947.62,2.36,228.66,11.54,"  13,059.21 ",22.38,"  1,278.32 ",11.34,14.74,10.95%,1.00,11.38,15.06%,-0.95%,16.01%
1947.09,15.06,0.79,1.55,23.00,1947.71,2.38,217.90,11.43,"  12,499.17 ",22.43,"  1,286.44 ",10.83,14.06,11.51%,1.00,11.14,15.13%,-0.70%,15.82%
1947.1,15.45,0.81,1.57,23.00,1947.79,2.39,223.54,11.67,"  12,878.65 ",22.72,"  1,308.70 ",11.13,14.44,11.24%,1.00,11.14,14.09%,-0.71%,14.80%
1947.11,15.27,0.82,1.59,23.10,1947.87,2.41,219.98,11.86,"  12,730.45 ",22.91,"  1,325.57 ",10.98,14.21,11.47%,1.00,11.10,13.97%,-0.47%,14.45%
1947.12,15.03,0.84,1.61,23.40,1947.96,2.42,213.75,11.95,"  12,427.33 ",22.90,"  1,331.20 ",10.68,13.82,11.91%,1.00,10.97,14.28%,0.10%,14.18%
1948.01,14.83,0.84,1.64,23.70,1948.04,2.44,208.24,11.84,"  12,164.12 ",23.07,"  1,347.92 ",10.42,13.47,12.41%,1.00,10.83,14.71%,0.28%,14.43%
1948.02,14.10,0.85,1.68,23.50,1948.12,2.43,199.67,11.99,"  11,722.14 ",23.74,"  1,393.91 ",10.00,12.92,12.81%,1.00,10.96,15.22%,0.23%,14.99%
1948.03,14.30,0.85,1.71,23.40,1948.21,2.42,203.37,12.09,"  11,998.35 ",24.32,"  1,434.77 ",10.19,13.16,12.59%,1.00,11.04,15.14%,0.17%,14.97%
1948.04,15.40,0.85,1.76,23.80,1948.29,2.41,215.33,11.89,"  12,762.57 ",24.61,"  1,458.58 ",10.78,13.91,12.17%,1.00,10.88,14.50%,0.38%,14.11%
1948.05,16.15,0.85,1.81,23.90,1948.37,2.40,224.87,11.84,"  13,386.58 ",25.20,"  1,500.29 ",11.24,14.50,11.92%,1.00,10.87,14.35%,0.39%,13.96%
1948.06,16.82,0.85,1.86,24.10,1948.46,2.39,232.26,11.74,"  13,884.46 ",25.68,"  1,535.38 ",11.58,14.93,11.75%,1.00,10.81,14.24%,0.42%,13.82%
1948.07,16.42,0.86,1.93,24.40,1948.54,2.38,223.95,11.68,"  13,445.83 ",26.32,"  1,580.42 ",11.13,14.34,12.24%,1.00,10.71,14.92%,0.31%,14.61%
1948.08,15.94,0.86,2.00,24.50,1948.62,2.36,216.51,11.73,"  13,058.17 ",27.17,"  1,638.42 ",10.72,13.80,12.64%,1.00,10.70,15.75%,0.09%,15.66%
1948.09,15.76,0.87,2.07,24.50,1948.71,2.35,214.07,11.82,"  12,970.10 ",28.12,"  1,703.56 ",10.55,13.58,12.80%,1.00,10.73,16.17%,-0.09%,16.25%
1948.1,16.19,0.89,2.14,24.40,1948.79,2.34,220.81,12.14,"  13,439.88 ",29.23,"  1,779.25 ",10.83,13.93,12.61%,1.00,10.81,16.25%,-0.16%,16.41%
1948.11,15.29,0.91,2.22,24.20,1948.87,2.33,210.26,12.51,"  12,861.13 ",30.48,"  1,864.54 ",10.25,13.19,13.05%,1.00,10.93,17.10%,-0.23%,17.33%
1948.12,15.19,0.93,2.29,24.10,1948.96,2.32,209.75,12.84,"  12,895.49 ",31.62,"  1,944.09 ",10.16,13.07,13.10%,1.00,11.00,17.36%,-0.33%,17.69%
1949.01,15.36,0.95,2.32,24.00,1949.04,2.31,212.98,13.13,"  13,161.39 ",32.17,"  1,987.92 ",10.25,13.19,12.99%,1.00,11.08,17.57%,-0.53%,18.10%
1949.02,14.77,0.96,2.35,23.80,1949.12,2.31,206.52,13.47,"  12,831.56 ",32.86,"  2,041.58 ",9.87,12.71,13.34%,1.00,11.20,17.76%,-0.52%,18.28%
1949.03,14.91,0.98,2.38,23.80,1949.21,2.31,208.48,13.70,"  13,024.14 ",33.28,"  2,078.97 ",9.90,12.74,13.31%,1.00,11.22,17.91%,-0.53%,18.44%
1949.04,14.89,0.99,2.39,23.90,1949.29,2.31,207.33,13.83,"  13,024.25 ",33.23,"  2,087.61 ",9.78,12.59,13.55%,1.00,11.19,18.10%,-0.61%,18.71%
1949.05,14.78,1.01,2.39,23.80,1949.37,2.31,206.66,14.08,"  13,056.04 ",33.46,"  2,114.17 ",9.69,12.48,13.61%,1.00,11.26,18.28%,-0.79%,19.07%
1949.06,13.97,1.02,2.40,23.90,1949.46,2.31,194.52,14.20,"  12,363.66 ",33.42,"  2,124.04 ",9.07,11.68,14.36%,1.00,11.23,18.81%,-0.79%,19.60%
1949.07,14.76,1.03,2.40,23.70,1949.54,2.32,207.25,14.42,"  13,249.41 ",33.65,"  2,151.39 ",9.61,12.38,13.65%,1.00,11.35,18.44%,-0.94%,19.38%
1949.08,15.29,1.03,2.39,23.80,1949.62,2.32,213.79,14.45,"  13,744.47 ",33.46,"  2,151.41 ",9.85,12.69,13.44%,1.00,11.32,17.97%,-0.90%,18.87%
1949.09,15.49,1.04,2.39,23.90,1949.71,2.32,215.68,14.48,"  13,943.58 ",33.28,"  2,151.40 ",9.88,12.74,13.22%,1.00,11.29,17.32%,-1.07%,18.39%
1949.1,15.89,1.07,2.37,23.70,1949.79,2.32,223.12,15.07,"  14,505.54 ",33.23,"  2,160.47 ",10.17,13.10,12.92%,1.00,11.41,16.83%,-1.05%,17.88%
1949.11,16.11,1.11,2.34,23.80,1949.87,2.32,225.26,15.47,"  14,728.42 ",32.77,"  2,142.37 ",10.22,13.17,12.92%,1.00,11.38,16.73%,-0.99%,17.72%
1949.12,16.54,1.14,2.32,23.60,1949.96,2.32,233.23,16.08,"  15,337.28 ",32.71,"  2,151.30 ",10.53,13.57,12.54%,1.00,11.50,16.66%,-1.18%,17.84%
1950.01,16.88,1.15,2.34,23.50,1950.04,2.32,239.04,16.29,"  15,808.40 ",33.09,"  2,188.33 ",10.75,13.85,12.38%,1.00,11.57,16.17%,-1.19%,17.36%
1950.02,17.21,1.16,2.35,23.50,1950.12,2.34,243.71,16.43,"  16,207.98 ",33.33,"  2,216.31 ",10.91,14.06,12.14%,1.00,11.57,15.42%,-1.01%,16.43%
1950.03,17.35,1.17,2.37,23.60,1950.21,2.36,244.65,16.50,"  16,362.03 ",33.42,"  2,235.04 ",10.91,14.06,12.16%,1.00,11.53,15.19%,-0.74%,15.93%
1950.04,17.84,1.18,2.43,23.60,1950.29,2.38,251.56,16.64,"  16,916.86 ",34.22,"  2,301.10 ",11.18,14.39,11.92%,1.00,11.53,14.94%,-0.76%,15.71%
1950.05,18.44,1.19,2.48,23.70,1950.37,2.40,258.93,16.71,"  17,505.67 ",34.87,"  2,357.50 ",11.46,14.75,11.73%,1.00,11.48,14.48%,-0.74%,15.22%
1950.06,18.74,1.20,2.54,23.80,1950.46,2.42,262.03,16.78,"  17,810.26 ",35.52,"  2,413.98 ",11.55,14.86,11.61%,1.00,11.43,14.69%,-0.54%,15.23%
1950.07,17.38,1.24,2.60,24.10,1950.54,2.45,239.99,17.17,"  16,409.36 ",35.90,"  2,454.79 ",10.54,13.55,12.62%,1.00,11.29,15.38%,-0.18%,15.56%
1950.08,18.43,1.29,2.66,24.30,1950.62,2.47,252.40,17.62,"  17,357.90 ",36.43,"  2,505.26 ",11.04,14.19,12.26%,1.00,11.20,14.90%,0.01%,14.89%
1950.09,19.08,1.33,2.72,24.40,1950.71,2.49,260.23,18.14,"  18,000.40 ",37.10,"  2,566.10 ",11.34,14.56,12.05%,1.00,11.16,14.17%,0.08%,14.09%
1950.1,19.87,1.38,2.76,24.60,1950.79,2.51,268.80,18.62,"  18,700.65 ",37.34,"  2,597.57 ",11.66,14.97,11.87%,1.00,11.07,13.47%,0.05%,13.41%
1950.11,19.83,1.42,2.80,24.70,1950.87,2.53,267.17,19.18,"  18,698.62 ",37.72,"  2,640.25 ",11.54,14.81,11.98%,1.00,11.03,13.86%,0.09%,13.77%
1950.12,19.75,1.47,2.84,25.00,1950.96,2.55,262.90,19.57,"  18,513.83 ",37.80,"  2,662.24 ",11.31,14.51,12.19%,1.00,10.90,14.28%,0.31%,13.97%
1951.01,21.21,1.49,2.84,25.40,1951.04,2.57,277.89,19.48,"  19,683.65 ",37.17,"  2,632.53 ",11.90,15.26,11.90%,1.00,10.73,14.18%,0.50%,13.68%
1951.02,22.00,1.50,2.83,25.70,1951.12,2.58,284.87,19.47,"  20,293.37 ",36.69,"  2,613.54 ",12.14,15.57,11.84%,1.00,10.62,14.32%,0.69%,13.63%
1951.03,21.63,1.52,2.83,25.80,1951.21,2.59,279.00,19.61,"  19,991.13 ",36.50,"  2,615.58 ",11.84,15.18,12.01%,1.00,10.59,14.88%,0.78%,14.10%
1951.04,21.92,1.53,2.79,25.80,1951.29,2.60,282.74,19.78,"  20,377.25 ",36.03,"  2,596.73 ",11.95,15.31,11.85%,1.00,10.61,14.99%,0.76%,14.23%
1951.05,21.93,1.55,2.76,25.90,1951.37,2.61,281.77,19.87,"  20,427.19 ",35.42,"  2,567.76 ",11.86,15.20,11.87%,1.00,10.58,15.10%,0.88%,14.23%
1951.06,21.55,1.56,2.72,25.90,1951.46,2.62,276.89,20.04,"  20,194.32 ",34.95,"  2,548.89 ",11.62,14.88,11.82%,1.00,10.60,15.11%,0.75%,14.36%
1951.07,21.93,1.55,2.65,25.90,1951.54,2.63,281.77,19.87,"  20,671.20 ",34.05,"  2,497.89 ",11.78,15.09,11.69%,1.00,10.61,14.76%,0.67%,14.09%
1951.08,22.89,1.53,2.58,25.90,1951.62,2.63,294.11,19.70,"  21,696.54 ",33.15,"  2,445.48 ",12.26,15.70,11.21%,1.00,10.63,14.68%,0.63%,14.05%
1951.09,23.48,1.52,2.51,26.10,1951.71,2.64,299.38,19.38,"  22,204.38 ",32.00,"  2,373.64 ",12.44,15.94,11.02%,1.00,10.56,14.31%,0.74%,13.57%
1951.1,23.36,1.48,2.49,26.20,1951.79,2.65,296.71,18.84,"  22,123.03 ",31.58,"  2,354.99 ",12.31,15.76,11.00%,1.00,10.53,14.51%,0.85%,13.66%
1951.11,22.71,1.45,2.46,26.40,1951.87,2.66,286.27,18.24,"  21,457.82 ",31.05,"  2,327.51 ",11.85,15.17,11.31%,1.00,10.47,15.40%,0.92%,14.47%
1951.12,23.41,1.41,2.44,26.50,1951.96,2.67,293.98,17.71,"  22,146.36 ",30.64,"  2,308.29 ",12.15,15.54,11.07%,1.00,10.44,15.16%,0.88%,14.28%
1952.01,24.19,1.41,2.43,26.50,1952.04,2.68,303.78,17.75,"  22,995.67 ",30.47,"  2,306.86 ",12.53,16.02,10.68%,1.00,10.46,14.33%,0.89%,13.44%
1952.02,23.75,1.42,2.41,26.30,1952.12,2.69,300.52,17.93,"  22,862.17 ",30.54,"  2,323.11 ",12.36,15.81,10.62%,1.00,10.55,14.57%,0.83%,13.74%
1952.03,23.81,1.42,2.40,26.30,1952.21,2.71,301.28,17.97,"  23,033.84 ",30.37,"  2,321.76 ",12.36,15.81,10.48%,1.00,10.56,14.52%,0.94%,13.58%
1952.04,23.74,1.43,2.38,26.40,1952.29,2.72,299.25,18.03,"  22,993.97 ",30.00,"  2,305.21 ",12.24,15.66,10.52%,1.00,10.53,14.16%,1.04%,13.12%
1952.05,23.73,1.44,2.36,26.40,1952.37,2.73,299.13,18.15,"  23,100.51 ",29.75,"  2,297.40 ",12.20,15.61,10.41%,1.00,10.55,13.26%,1.04%,12.22%
1952.06,24.38,1.45,2.34,26.50,1952.46,2.74,306.16,18.21,"  23,760.90 ",29.39,"  2,280.58 ",12.45,15.93,10.27%,1.00,10.52,11.59%,1.07%,10.52%
1952.07,25.08,1.45,2.35,26.70,1952.54,2.76,312.59,18.07,"  24,376.91 ",29.25,"  2,280.88 ",12.67,16.21,10.13%,1.00,10.45,11.56%,1.05%,10.52%
1952.08,25.18,1.45,2.35,26.70,1952.62,2.77,313.84,18.07,"  24,591.55 ",29.33,"  2,298.33 ",12.68,16.23,10.05%,1.00,10.47,11.80%,1.09%,10.70%
1952.09,24.78,1.45,2.36,26.70,1952.71,2.78,308.85,18.07,"  24,318.91 ",29.41,"  2,316.09 ",12.43,15.92,10.19%,1.00,10.48,11.82%,1.08%,10.74%
1952.1,24.26,1.44,2.37,26.70,1952.79,2.79,302.37,17.91,"  23,926.08 ",29.58,"  2,340.66 ",12.13,15.54,10.26%,1.00,10.49,11.68%,1.14%,10.53%
1952.11,25.03,1.42,2.39,26.70,1952.87,2.81,311.97,17.74,"  24,802.46 ",29.75,"  2,364.97 ",12.47,15.99,9.95%,1.00,10.50,12.05%,1.17%,10.88%
1952.12,26.04,1.41,2.40,26.70,1952.96,2.82,324.56,17.57,"  25,919.71 ",29.91,"  2,388.91 ",12.93,16.58,9.59%,1.00,10.52,12.07%,1.24%,10.82%
1953.01,26.18,1.41,2.41,26.60,1953.04,2.83,327.53,17.64,"  26,274.42 ",30.15,"  2,418.69 ",13.01,16.67,9.50%,1.00,10.57,12.37%,1.25%,11.12%
1953.02,25.86,1.41,2.42,26.50,1953.12,2.80,324.75,17.71,"  26,169.58 ",30.39,"  2,448.97 ",12.86,16.48,9.58%,1.00,10.66,12.59%,1.12%,11.47%
1953.03,25.99,1.41,2.43,26.60,1953.21,2.77,325.15,17.64,"  26,320.72 ",30.40,"  2,460.92 ",12.83,16.45,9.48%,1.00,10.67,12.48%,1.10%,11.38%
1953.04,24.71,1.41,2.46,26.60,1953.29,2.83,309.14,17.68,"  25,143.70 ",30.73,"  2,499.79 ",12.16,15.59,9.73%,0.98,10.65,13.54%,1.13%,12.42%
1953.05,24.84,1.42,2.48,26.70,1953.37,3.05,309.60,17.66,"  25,301.00 ",30.95,"  2,529.42 ",12.14,15.56,9.50%,1.00,10.43,13.73%,1.40%,12.33%
1953.06,23.95,1.42,2.51,26.80,1953.46,3.11,297.39,17.63,"  24,423.54 ",31.17,"  2,559.63 ",11.62,14.90,9.85%,1.02,10.37,14.12%,1.41%,12.71%
1953.07,24.29,1.42,2.52,26.80,1953.54,2.93,301.62,17.63,"  24,890.93 ",31.33,"  2,585.76 ",11.75,15.07,9.99%,1.00,10.55,13.73%,1.21%,12.52%
1953.08,24.39,1.42,2.54,26.90,1953.62,2.95,301.73,17.57,"  25,021.30 ",31.38,"  2,602.33 ",11.72,15.03,10.10%,1.01,10.52,14.01%,1.29%,12.72%
1953.09,23.27,1.42,2.55,26.90,1953.71,2.87,287.88,17.57,"  23,993.71 ",31.55,"  2,629.31 ",11.14,14.29,10.56%,1.02,10.62,14.81%,1.16%,13.65%
1953.1,23.97,1.43,2.54,27.00,1953.79,2.66,295.44,17.63,"  24,746.36 ",31.27,"  2,618.83 ",11.39,14.62,10.61%,1.00,10.80,14.48%,0.97%,13.51%
1953.11,24.50,1.44,2.52,26.90,1953.87,2.68,303.09,17.81,"  25,511.90 ",31.22,"  2,627.55 ",11.64,14.95,10.36%,1.01,10.84,14.10%,0.95%,13.14%
1953.12,24.83,1.45,2.51,26.90,1953.96,2.59,307.18,17.94,"  25,981.35 ",31.05,"  2,626.39 ",11.75,15.10,10.37%,1.01,10.95,14.12%,0.85%,13.27%
1954.01,25.46,1.46,2.52,26.90,1954.04,2.48,314.97,18.02,"  26,767.58 ",31.22,"  2,652.92 ",12.00,15.43,10.30%,1.00,11.08,14.15%,0.73%,13.43%
1954.02,26.02,1.46,2.54,26.90,1954.12,2.47,321.90,18.10,"  27,484.55 ",31.38,"  2,679.45 ",12.22,15.71,10.17%,1.01,11.12,14.02%,0.75%,13.27%
1954.03,26.57,1.47,2.55,26.90,1954.21,2.37,328.70,18.19,"  28,194.90 ",31.55,"  2,705.95 ",12.42,15.97,10.13%,1.01,11.24,13.96%,0.62%,13.34%
1954.04,27.63,1.46,2.57,26.80,1954.29,2.29,343.09,18.17,"  29,559.02 ",31.95,"  2,752.99 ",12.91,16.60,9.81%,0.99,11.38,13.62%,0.52%,13.10%
1954.05,28.73,1.46,2.60,26.90,1954.37,2.37,355.42,18.02,"  30,750.93 ",32.12,"  2,779.33 ",13.31,17.12,9.54%,1.00,11.28,13.31%,0.67%,12.64%
1954.06,28.96,1.45,2.62,26.90,1954.46,2.38,358.27,17.94,"  31,126.45 ",32.41,"  2,816.00 ",13.36,17.18,9.44%,1.01,11.29,13.09%,0.68%,12.41%
1954.07,30.13,1.46,2.62,26.90,1954.54,2.30,372.74,18.02,"  32,514.44 ",32.45,"  2,830.94 ",13.83,17.78,9.20%,1.00,11.39,13.00%,0.58%,12.42%
1954.08,30.73,1.46,2.63,26.90,1954.62,2.36,380.17,18.10,"  33,293.52 ",32.49,"  2,845.79 ",14.04,18.05,9.04%,1.00,11.36,12.63%,0.68%,11.95%
1954.09,31.45,1.47,2.63,26.80,1954.71,2.38,390.52,18.25,"  34,333.94 ",32.66,"  2,871.17 ",14.36,18.45,8.82%,1.00,11.40,12.47%,0.64%,11.83%
1954.1,32.18,1.49,2.68,26.80,1954.79,2.43,399.59,18.54,"  35,266.73 ",33.24,"  2,933.42 ",14.62,18.78,8.65%,1.00,11.37,12.39%,0.70%,11.68%
1954.11,33.44,1.52,2.72,26.80,1954.87,2.48,415.23,18.83,"  36,786.11 ",33.82,"  2,995.83 ",15.12,19.41,8.37%,1.00,11.35,11.98%,0.76%,11.22%
1954.12,34.97,1.54,2.77,26.70,1954.96,2.51,435.86,19.19,"  38,754.99 ",34.52,"  3,069.81 ",15.79,20.26,7.96%,0.99,11.38,11.23%,0.74%,10.49%
1955.01,35.60,1.55,2.83,26.70,1955.04,2.61,443.71,19.28,"  39,596.01 ",35.31,"  3,151.36 ",15.99,20.50,7.78%,1.00,11.31,11.30%,0.83%,10.47%
1955.02,36.79,1.55,2.90,26.70,1955.12,2.65,458.54,19.36,"  41,063.56 ",36.10,"  3,233.15 ",16.44,21.06,7.57%,1.00,11.29,11.01%,0.87%,10.14%
1955.03,36.50,1.56,2.96,26.70,1955.21,2.68,454.93,19.44,"  40,884.98 ",36.89,"  3,315.60 ",16.22,20.76,7.62%,1.00,11.29,11.06%,0.87%,10.18%
1955.04,37.76,1.56,3.05,26.70,1955.29,2.75,470.63,19.49,"  42,442.28 ",37.97,"  3,424.46 ",16.69,21.33,7.38%,1.00,11.24,10.78%,0.92%,9.86%
1955.05,37.60,1.57,3.13,26.70,1955.37,2.76,468.64,19.53,"  42,409.18 ",39.05,"  3,534.09 ",16.52,21.10,7.37%,1.00,11.26,10.98%,0.94%,10.04%
1955.06,39.78,1.57,3.22,26.70,1955.46,2.78,495.81,19.57,"  45,015.58 ",40.13,"  3,643.79 ",17.37,22.16,6.94%,0.99,11.27,9.74%,0.90%,8.84%
1955.07,42.69,1.59,3.29,26.80,1955.54,2.90,530.10,19.70,"  48,277.38 ",40.89,"  3,724.37 ",18.45,23.50,6.52%,1.00,11.13,8.99%,1.06%,7.92%
1955.08,42.43,1.60,3.37,26.80,1955.62,2.97,526.87,19.91,"  48,134.45 ",41.80,"  3,819.30 ",18.22,23.17,6.52%,1.00,11.09,9.25%,1.10%,8.15%
1955.09,44.34,1.62,3.44,26.90,1955.71,2.97,548.54,20.04,"  50,266.83 ",42.56,"  3,899.82 ",18.84,23.93,6.38%,1.01,11.08,9.16%,1.11%,8.05%
1955.1,42.11,1.63,3.50,26.90,1955.79,2.88,520.95,20.12,"  47,892.42 ",43.30,"  3,980.61 ",17.77,22.53,6.79%,1.00,11.19,9.93%,0.96%,8.96%
1955.11,44.95,1.63,3.56,26.90,1955.87,2.89,556.08,20.21,"  51,277.21 ",44.04,"  4,061.11 ",18.84,23.84,6.46%,1.00,11.21,9.30%,0.90%,8.39%
1955.12,45.37,1.64,3.62,26.80,1955.96,2.96,563.37,20.36,"  52,105.93 ",44.95,"  4,157.45 ",18.94,23.94,6.26%,1.01,11.21,9.07%,0.77%,8.29%
1956.01,44.15,1.67,3.64,26.80,1956.04,2.90,548.22,20.74,"  50,864.63 ",45.24,"  4,197.43 ",18.29,23.08,6.51%,1.01,11.30,9.54%,0.74%,8.80%
1956.02,44.43,1.70,3.67,26.80,1956.12,2.84,551.70,21.11,"  51,350.43 ",45.53,"  4,237.79 ",18.27,23.02,6.64%,0.99,11.38,9.32%,0.47%,8.86%
1956.03,47.49,1.73,3.69,26.80,1956.21,2.96,589.70,21.48,"  55,053.68 ",45.82,"  4,277.70 ",19.37,24.37,6.09%,0.98,11.29,8.10%,0.52%,7.58%
1956.04,48.05,1.75,3.66,26.90,1956.29,3.18,594.43,21.69,"  55,664.54 ",45.28,"  4,240.00 ",19.37,24.34,5.85%,1.01,11.07,8.27%,0.80%,7.47%
1956.05,46.54,1.78,3.63,27.00,1956.37,3.07,573.62,21.90,"  53,886.45 ",44.74,"  4,203.00 ",18.54,23.27,6.18%,1.01,11.16,8.07%,0.73%,7.34%
1956.06,46.27,1.80,3.60,27.20,1956.46,3.00,566.10,22.02,"  53,352.31 ",44.04,"  4,151.03 ",18.16,22.77,6.33%,0.99,11.17,8.08%,0.71%,7.38%
1956.07,48.78,1.81,3.55,27.40,1956.54,3.11,592.45,22.02,"  56,008.91 ",43.16,"  4,079.91 ",18.86,23.62,5.50%,0.98,11.02,7.53%,0.69%,6.83%
1956.08,48.49,1.83,3.51,27.30,1956.62,3.33,591.09,22.27,"  56,055.29 ",42.75,"  4,053.77 ",18.67,23.37,5.08%,1.00,10.88,6.81%,0.64%,6.17%
1956.09,46.84,1.84,3.46,27.40,1956.71,3.38,568.89,22.35,"  54,126.85 ",42.02,"  3,998.27 ",17.84,22.31,5.22%,1.01,10.82,6.84%,0.77%,6.07%
1956.1,46.24,1.81,3.44,27.50,1956.79,3.34,559.56,21.86,"  53,412.55 ",41.67,"  3,977.44 ",17.42,21.78,5.23%,0.99,10.85,6.86%,0.86%,6.00%
1956.11,45.76,1.77,3.43,27.50,1956.87,3.49,553.75,21.46,"  53,028.80 ",41.47,"  3,970.98 ",17.12,21.39,4.94%,0.99,10.75,7.49%,0.88%,6.61%
1956.12,46.44,1.74,3.41,27.60,1956.96,3.59,559.95,20.98,"  53,789.25 ",41.12,"  3,949.64 ",17.20,21.47,4.75%,1.01,10.65,7.41%,1.27%,6.15%
1957.01,45.43,1.74,3.41,27.60,1957.04,3.46,547.77,20.94,"  52,787.04 ",41.08,"  3,958.35 ",16.72,20.86,5.05%,1.01,10.80,8.05%,1.37%,6.68%
1957.02,43.47,1.73,3.40,27.70,1957.12,3.34,522.24,20.82,"  50,494.52 ",40.89,"  3,953.29 ",15.84,19.76,5.54%,1.00,10.90,8.93%,1.28%,7.65%
1957.03,44.03,1.73,3.40,27.80,1957.21,3.41,527.07,20.71,"  51,127.90 ",40.70,"  3,948.10 ",15.90,19.82,5.29%,1.00,10.82,9.04%,1.43%,7.62%
1957.04,45.05,1.73,3.41,27.90,1957.29,3.48,537.34,20.63,"  52,291.63 ",40.63,"  3,954.28 ",16.12,20.09,5.17%,0.99,10.75,8.98%,1.46%,7.52%
1957.05,46.78,1.73,3.41,28.00,1957.37,3.60,555.99,20.56,"  54,272.54 ",40.57,"  3,960.03 ",16.60,20.66,4.91%,0.99,10.64,8.76%,1.37%,7.40%
1957.06,47.55,1.73,3.42,28.10,1957.46,3.80,563.13,20.49,"  55,136.21 ",40.50,"  3,965.63 ",16.73,20.81,4.65%,0.99,10.46,8.45%,1.42%,7.03%
1957.07,48.51,1.74,3.44,28.30,1957.54,3.93,570.44,20.46,"  56,018.79 ",40.41,"  3,968.63 ",16.87,20.96,4.46%,1.00,10.31,8.46%,1.47%,6.99%
1957.08,45.84,1.75,3.45,28.30,1957.62,3.93,539.04,20.58,"  53,103.92 ",40.61,"  4,000.55 ",15.87,19.70,4.69%,1.00,10.34,9.21%,1.35%,7.86%
1957.09,43.98,1.76,3.47,28.30,1957.71,3.92,517.17,20.70,"  51,119.08 ",40.80,"  4,033.27 ",15.16,18.81,4.77%,1.00,10.38,9.77%,1.31%,8.46%
1957.1,41.24,1.77,3.44,28.30,1957.79,3.97,484.95,20.81,"  48,105.75 ",40.41,"  4,008.82 ",14.15,17.55,5.19%,1.02,10.37,10.42%,1.19%,9.23%
1957.11,40.35,1.78,3.40,28.40,1957.87,3.72,472.81,20.86,"  47,074.27 ",39.88,"  3,970.49 ",13.74,17.04,5.65%,1.05,10.59,10.30%,0.80%,9.51%
1957.12,40.33,1.79,3.37,28.40,1957.96,3.21,472.58,20.97,"  47,224.96 ",39.49,"  3,946.15 ",13.67,16.95,6.06%,1.01,11.08,10.58%,0.40%,10.18%
1958.01,41.12,1.78,3.29,28.60,1958.04,3.09,478.46,20.75,"  47,986.11 ",38.32,"  3,843.24 ",13.79,17.09,6.06%,1.01,11.14,10.33%,0.46%,9.87%
1958.02,41.26,1.78,3.22,28.60,1958.12,3.05,480.09,20.67,"  48,322.27 ",37.43,"  3,767.25 ",13.78,17.09,6.19%,1.01,11.21,9.74%,0.39%,9.35%
1958.03,42.11,1.77,3.14,28.80,1958.21,2.98,486.58,20.45,"  49,146.82 ",36.28,"  3,664.71 ",13.93,17.26,6.30%,1.01,11.22,9.35%,0.26%,9.10%
1958.04,42.34,1.76,3.07,28.90,1958.29,2.88,487.55,20.23,"  49,414.53 ",35.35,"  3,582.96 ",13.91,17.24,6.27%,1.00,11.31,10.07%,0.28%,9.80%
1958.05,43.70,1.74,3.00,28.90,1958.37,2.92,503.21,20.07,"  51,171.32 ",34.55,"  3,512.91 ",14.32,17.74,5.98%,1.00,11.30,9.94%,0.13%,9.80%
1958.06,44.75,1.73,2.93,28.90,1958.46,2.97,515.30,19.92,"  52,569.65 ",33.74,"  3,441.99 ",14.64,18.12,5.70%,0.98,11.28,9.89%,0.25%,9.64%
1958.07,45.98,1.73,2.91,29.00,1958.54,3.20,527.63,19.85,"  53,997.10 ",33.43,"  3,421.30 ",14.96,18.51,5.23%,0.97,11.05,9.54%,0.62%,8.93%
1958.08,47.70,1.73,2.90,28.90,1958.62,3.54,549.27,19.92,"  56,380.72 ",33.36,"  3,423.82 ",15.54,19.23,4.56%,0.98,10.80,8.83%,0.92%,7.90%
1958.09,48.96,1.73,2.88,28.90,1958.71,3.76,563.78,19.92,"  58,040.43 ",33.16,"  3,414.14 ",15.93,19.70,4.18%,1.00,10.64,8.85%,1.06%,7.79%
1958.1,50.95,1.74,2.88,28.90,1958.79,3.80,586.69,20.00,"  60,571.07 ",33.20,"  3,427.80 ",16.56,20.46,3.95%,1.01,10.63,8.62%,0.96%,7.66%
1958.11,52.50,1.74,2.89,29.00,1958.87,3.74,602.45,20.01,"  62,370.65 ",33.13,"  3,429.40 ",16.99,20.97,3.97%,0.99,10.68,8.46%,0.84%,7.62%
1958.12,53.49,1.75,2.89,28.90,1958.96,3.86,615.94,20.15,"  63,940.52 ",33.28,"  3,454.63 ",17.36,21.40,3.73%,0.99,10.65,8.30%,0.64%,7.66%
1959.01,55.62,1.76,2.96,29.00,1959.04,4.02,638.26,20.16,"  66,431.79 ",34.01,"  3,539.36 ",17.98,22.14,3.45%,1.01,10.51,7.42%,0.79%,6.63%
1959.02,54.77,1.76,3.04,28.90,1959.12,3.96,630.68,20.30,"  65,819.03 ",34.97,"  3,649.27 ",17.76,21.84,3.63%,1.00,10.63,7.44%,0.56%,6.88%
1959.03,56.16,1.77,3.11,28.90,1959.21,3.99,646.68,20.38,"  67,666.70 ",35.81,"  3,747.21 ",18.20,22.36,3.46%,0.99,10.64,6.84%,0.44%,6.41%
1959.04,57.10,1.78,3.21,29.00,1959.29,4.12,655.24,20.39,"  68,739.84 ",36.80,"  3,860.35 ",18.43,22.61,3.26%,0.99,10.53,6.86%,0.64%,6.22%
1959.05,57.96,1.78,3.30,29.00,1959.37,4.31,665.11,20.46,"  69,954.05 ",37.91,"  3,986.91 ",18.69,22.89,3.04%,1.00,10.40,7.01%,0.67%,6.34%
1959.06,57.46,1.79,3.40,29.10,1959.46,4.34,657.11,20.47,"  69,291.68 ",38.88,"  4,100.10 ",18.45,22.56,3.07%,1.00,10.38,6.51%,0.51%,6.00%
1959.07,59.74,1.80,3.41,29.20,1959.54,4.40,680.84,20.48,"  71,974.38 ",38.86,"  4,108.35 ",19.09,23.31,2.95%,1.00,10.33,5.59%,0.45%,5.15%
1959.08,59.40,1.80,3.42,29.20,1959.62,4.43,676.96,20.55,"  71,745.80 ",38.98,"  4,130.82 ",18.96,23.11,2.91%,0.98,10.34,5.54%,0.46%,5.08%
1959.09,57.05,1.81,3.43,29.30,1959.71,4.68,647.96,20.56,"  68,853.75 ",38.96,"  4,139.67 ",18.12,22.07,2.90%,1.02,10.14,6.01%,0.34%,5.67%
1959.1,57.00,1.82,3.42,29.40,1959.79,4.53,645.19,20.56,"  68,741.51 ",38.67,"  4,120.47 ",18.02,21.91,3.20%,1.00,10.27,6.11%,0.27%,5.84%
1959.11,57.23,1.82,3.40,29.40,1959.87,4.53,647.80,20.64,"  69,202.13 ",38.52,"  4,115.28 ",18.07,21.95,3.14%,0.99,10.31,6.09%,0.21%,5.88%
1959.12,59.06,1.83,3.39,29.40,1959.96,4.69,668.51,20.71,"  71,599.36 ",38.37,"  4,109.75 ",18.62,22.59,2.90%,1.00,10.21,5.13%,-0.06%,5.18%
1960.01,58.03,1.87,3.39,29.30,1960.04,4.72,659.09,21.20,"  70,780.00 ",38.50,"  4,134.83 ",18.34,22.22,2.96%,1.02,10.26,5.16%,-0.16%,5.32%
1960.02,55.78,1.90,3.39,29.40,1960.12,4.49,631.38,21.54,"  67,997.03 ",38.37,"  4,132.48 ",17.55,21.23,3.47%,1.02,10.46,5.19%,0.04%,5.15%
1960.03,55.02,1.94,3.39,29.40,1960.21,4.25,622.78,21.96,"  67,267.65 ",38.37,"  4,144.63 ",17.29,20.90,3.76%,1.00,10.70,5.45%,-0.06%,5.52%
1960.04,55.73,1.94,3.35,29.50,1960.29,4.28,628.68,21.92,"  68,102.05 ",37.75,"  4,089.63 ",17.43,21.06,3.71%,1.00,10.68,4.95%,-0.28%,5.23%
1960.05,55.22,1.95,3.30,29.50,1960.37,4.35,622.93,21.96,"  67,677.07 ",37.26,"  4,048.53 ",17.26,20.83,3.66%,1.02,10.65,3.75%,-0.59%,4.33%
1960.06,57.26,1.95,3.26,29.60,1960.46,4.15,643.76,21.92,"  70,138.67 ",36.65,"  3,993.23 ",17.82,21.49,3.67%,1.02,10.83,3.30%,-0.69%,3.98%
1960.07,55.84,1.95,3.26,29.60,1960.54,3.90,627.79,21.92,"  68,598.34 ",36.69,"  4,008.94 ",17.38,20.94,3.93%,1.01,11.09,3.53%,-0.65%,4.18%
1960.08,56.51,1.95,3.27,29.60,1960.62,3.80,635.33,21.92,"  69,621.05 ",36.73,"  4,024.58 ",17.58,21.17,3.88%,1.00,11.22,3.71%,-0.75%,4.46%
1960.09,54.81,1.95,3.27,29.60,1960.71,3.80,616.21,21.92,"  67,726.83 ",36.76,"  4,040.63 ",17.05,20.51,4.02%,1.00,11.25,4.58%,-0.67%,5.25%
1960.1,53.73,1.95,3.27,29.80,1960.79,3.89,600.02,21.78,"  66,146.18 ",36.52,"  4,025.65 ",16.61,19.96,4.07%,1.00,11.13,5.03%,-0.51%,5.54%
1960.11,55.47,1.95,3.27,29.80,1960.87,3.93,619.45,21.78,"  68,488.31 ",36.52,"  4,037.44 ",17.15,20.59,3.80%,1.01,11.13,4.63%,-0.16%,4.79%
1960.12,56.80,1.95,3.27,29.80,1960.96,3.84,634.30,21.78,"  70,331.09 ",36.52,"  4,048.99 ",17.56,21.07,3.63%,1.00,11.25,5.03%,0.06%,4.96%
1961.01,59.72,1.95,3.21,29.80,1961.04,3.84,666.91,21.74,"  74,147.57 ",35.85,"  3,985.49 ",18.47,22.14,3.18%,1.01,11.28,4.89%,0.19%,4.70%
1961.02,62.17,1.94,3.15,29.80,1961.12,3.78,694.27,21.70,"  77,390.53 ",35.18,"  3,921.19 ",19.23,23.03,2.91%,1.01,11.37,4.85%,0.24%,4.61%
1961.03,64.12,1.94,3.09,29.80,1961.21,3.74,716.04,21.66,"  80,019.17 ",34.51,"  3,856.20 ",19.84,23.73,2.75%,1.00,11.45,4.76%,0.50%,4.26%
1961.04,65.83,1.94,3.07,29.80,1961.29,3.78,735.14,21.66,"  82,354.94 ",34.28,"  3,840.64 ",20.38,24.35,2.58%,1.01,11.45,4.81%,0.43%,4.39%
1961.05,66.50,1.94,3.05,29.80,1961.37,3.71,742.62,21.66,"  83,395.37 ",34.06,"  3,824.90 ",20.60,24.58,2.56%,0.99,11.55,4.51%,-0.08%,4.59%
1961.06,65.62,1.94,3.03,29.80,1961.46,3.88,732.79,21.66,"  82,494.54 ",33.84,"  3,809.18 ",20.33,24.24,2.45%,1.00,11.42,4.38%,-0.09%,4.47%
1961.07,65.44,1.95,3.04,30.00,1961.54,3.92,725.91,21.59,"  81,922.37 ",33.69,"  3,801.52 ",20.15,24.00,2.52%,0.99,11.35,4.38%,-0.14%,4.52%
1961.08,67.79,1.95,3.04,29.90,1961.62,4.04,754.50,21.74,"  85,352.55 ",33.87,"  3,831.77 ",20.94,24.93,2.18%,1.01,11.31,3.77%,0.03%,3.74%
1961.09,67.26,1.96,3.05,30.00,1961.71,3.98,746.10,21.74,"  84,607.92 ",33.83,"  3,836.67 ",20.71,24.63,2.25%,1.01,11.37,4.11%,0.35%,3.76%
1961.1,68.00,1.98,3.10,30.00,1961.79,3.92,754.31,21.96,"  85,746.34 ",34.35,"  3,904.83 ",20.92,24.87,2.22%,1.00,11.46,3.75%,0.45%,3.30%
1961.11,71.08,2.00,3.14,30.00,1961.87,3.94,788.48,22.19,"  89,840.31 ",34.87,"  3,972.96 ",21.86,25.96,1.92%,0.99,11.48,2.81%,0.58%,2.23%
1961.12,71.74,2.02,3.19,30.00,1961.96,4.06,795.80,22.41,"  90,887.27 ",35.39,"  4,041.40 ",22.04,26.16,1.73%,1.00,11.40,3.35%,0.55%,2.80%
1962.01,69.07,2.03,3.25,30.00,1962.04,4.08,766.18,22.48,"  87,718.61 ",36.05,"  4,127.49 ",21.20,25.14,1.89%,1.01,11.42,4.17%,0.57%,3.60%
1962.02,70.22,2.03,3.31,30.10,1962.12,4.04,776.35,22.48,"  89,097.31 ",36.60,"  4,199.83 ",21.45,25.43,1.98%,1.01,11.46,4.17%,0.44%,3.73%
1962.03,70.29,2.04,3.37,30.10,1962.21,3.93,777.12,22.55,"  89,401.83 ",37.26,"  4,286.30 ",21.44,25.40,2.09%,1.01,11.60,4.38%,0.35%,4.03%
1962.04,68.05,2.05,3.40,30.20,1962.29,3.84,749.87,22.55,"  86,482.39 ",37.50,"  4,325.17 ",20.66,24.46,2.35%,1.00,11.69,4.83%,0.21%,4.62%
1962.05,62.99,2.05,3.44,30.20,1962.37,3.87,694.11,22.63,"  80,269.27 ",37.87,"  4,379.41 ",19.09,22.59,2.72%,1.00,11.70,5.51%,0.28%,5.23%
1962.06,55.63,2.06,3.47,30.20,1962.46,3.91,613.01,22.70,"  71,109.05 ",38.24,"  4,435.53 ",16.83,19.92,3.35%,1.00,11.70,6.83%,0.32%,6.51%
1962.07,56.97,2.07,3.49,30.30,1962.54,4.01,625.70,22.70,"  72,800.98 ",38.33,"  4,459.81 ",17.14,20.29,3.10%,1.01,11.60,6.47%,0.41%,6.07%
1962.08,58.52,2.07,3.51,30.30,1962.62,3.98,642.72,22.77,"  75,002.49 ",38.55,"  4,498.61 ",17.57,20.80,2.98%,1.00,11.67,6.52%,0.30%,6.22%
1962.09,58.00,2.08,3.53,30.40,1962.71,3.98,634.92,22.77,"  74,312.93 ",38.64,"  4,522.84 ",17.32,20.50,3.10%,1.01,11.67,6.47%,0.08%,6.39%
1962.1,56.17,2.10,3.58,30.40,1962.79,3.93,614.88,22.95,"  72,192.09 ",39.15,"  4,596.89 ",16.74,19.82,3.35%,1.00,11.75,6.77%,0.06%,6.71%
1962.11,60.04,2.11,3.62,30.40,1962.87,3.92,657.25,23.13,"  77,392.33 ",39.66,"  4,670.52 ",17.85,21.13,2.99%,1.01,11.80,6.55%,0.20%,6.35%
1962.12,62.64,2.13,3.67,30.40,1962.96,3.86,685.71,23.32,"  80,972.56 ",40.17,"  4,744.08 ",18.59,22.00,2.83%,1.01,11.90,6.29%,0.09%,6.20%
1963.01,65.06,2.14,3.68,30.40,1963.04,3.83,712.20,23.39,"  84,330.98 ",40.32,"  4,774.34 ",19.26,22.79,2.71%,1.00,11.97,5.94%,-0.01%,5.95%
1963.02,65.92,2.14,3.70,30.40,1963.12,3.92,721.62,23.46,"  85,677.23 ",40.47,"  4,804.62 ",19.47,23.03,2.60%,1.00,11.92,5.34%,-0.12%,5.46%
1963.03,65.67,2.15,3.71,30.50,1963.21,3.93,716.52,23.46,"  85,304.56 ",40.48,"  4,819.25 ",19.29,22.81,2.63%,1.00,11.91,5.14%,-0.20%,5.34%
1963.04,68.76,2.17,3.75,30.50,1963.29,3.97,750.24,23.64,"  89,552.97 ",40.95,"  4,888.33 ",20.15,23.82,2.37%,1.01,11.91,4.39%,-0.18%,4.57%
1963.05,70.14,2.18,3.80,30.50,1963.37,3.93,765.29,23.82,"  91,587.25 ",41.43,"  4,957.61 ",20.51,24.23,2.29%,1.00,11.98,3.81%,-0.39%,4.20%
1963.06,70.11,2.20,3.84,30.60,1963.46,3.99,762.47,23.93,"  91,487.51 ",41.76,"  5,010.87 ",20.38,24.08,2.25%,1.00,11.93,3.55%,-0.39%,3.93%
1963.07,69.07,2.20,3.88,30.70,1963.54,4.02,748.71,23.88,"  90,075.63 ",42.06,"  5,059.99 ",19.97,23.58,2.36%,1.00,11.90,3.81%,-0.49%,4.30%
1963.08,70.98,2.21,3.92,30.70,1963.62,4.00,769.41,23.92,"  92,806.31 ",42.49,"  5,125.40 ",20.47,24.16,2.21%,1.00,11.96,3.14%,-0.85%,3.99%
1963.09,72.85,2.21,3.96,30.70,1963.71,4.08,789.68,23.96,"  95,492.13 ",42.93,"  5,190.79 ",20.96,24.73,2.02%,1.00,11.92,3.03%,-0.56%,3.59%
1963.1,73.03,2.23,3.98,30.80,1963.79,4.11,789.07,24.13,"  95,660.44 ",43.00,"  5,213.32 ",20.89,24.63,2.00%,1.00,11.89,3.35%,-0.36%,3.71%
1963.11,72.62,2.26,4.00,30.80,1963.87,4.12,784.64,24.38,"  95,369.72 ",43.22,"  5,253.08 ",20.72,24.42,2.07%,1.00,11.92,2.58%,-0.35%,2.93%
1963.12,74.17,2.28,4.02,30.90,1963.96,4.13,798.79,24.55,"  97,338.77 ",43.29,"  5,275.74 ",21.04,24.79,2.02%,1.00,11.92,1.59%,-0.36%,1.95%
1964.01,76.45,2.30,4.07,30.90,1964.04,4.17,823.34,24.73,"  100,582.16 ",43.87,"  5,359.11 ",21.63,25.47,1.85%,1.01,11.92,1.34%,-0.57%,1.91%
1964.02,77.39,2.31,4.13,30.90,1964.12,4.15,833.47,24.91,"  102,072.51 ",44.44,"  5,442.82 ",21.83,25.70,1.83%,1.00,11.98,0.81%,-0.67%,1.48%
1964.03,78.80,2.33,4.18,30.90,1964.21,4.22,848.65,25.09,"  104,188.30 ",45.02,"  5,526.74 ",22.17,26.08,1.69%,1.00,11.95,0.93%,-0.89%,1.82%
1964.04,79.94,2.35,4.23,30.90,1964.29,4.23,860.93,25.27,"  105,954.16 ",45.56,"  5,606.53 ",22.42,26.37,1.66%,1.01,11.98,0.22%,-1.11%,1.33%
1964.05,80.72,2.36,4.28,30.90,1964.37,4.20,869.33,25.45,"  107,249.02 ",46.09,"  5,686.64 ",22.57,26.54,1.63%,1.01,12.06,-0.30%,-1.28%,0.98%
1964.06,80.24,2.38,4.33,31.00,1964.46,4.17,861.37,25.55,"  106,530.02 ",46.48,"  5,748.69 ",22.30,26.20,1.74%,1.00,12.09,-0.27%,-1.29%,1.02%
1964.07,83.22,2.40,4.38,31.10,1964.54,4.19,890.49,25.68,"  110,395.81 ",46.83,"  5,805.89 ",22.98,26.99,1.62%,1.00,12.07,-1.89%,-1.48%,-0.41%
1964.08,82.00,2.42,4.42,31.00,1964.62,4.19,880.27,25.98,"  109,396.69 ",47.48,"  5,901.19 ",22.65,26.58,1.65%,1.00,12.15,-2.30%,-1.76%,-0.54%
1964.09,83.41,2.44,4.47,31.10,1964.71,4.20,892.52,26.11,"  111,190.37 ",47.83,"  5,958.77 ",22.89,26.85,1.67%,1.00,12.15,-3.60%,-1.81%,-1.79%
1964.1,84.85,2.46,4.50,31.10,1964.79,4.19,907.93,26.32,"  113,383.25 ",48.12,"  6,008.80 ",23.21,27.21,1.62%,1.01,12.20,-3.65%,-1.79%,-1.87%
1964.11,85.44,2.48,4.52,31.20,1964.87,4.15,911.32,26.45,"  114,081.00 ",48.25,"  6,039.63 ",23.23,27.21,1.69%,1.00,12.24,-3.43%,-1.68%,-1.75%
1964.12,83.96,2.50,4.55,31.20,1964.96,4.18,895.53,26.67,"  112,383.05 ",48.53,"  6,090.32 ",22.75,26.65,1.78%,1.00,12.25,-3.97%,-1.54%,-2.43%
1965.01,86.12,2.52,4.59,31.20,1965.04,4.19,918.57,26.84,"  115,555.00 ",48.99,"  6,163.29 ",23.27,27.24,1.68%,1.00,12.29,-3.48%,-1.59%,-1.89%
1965.02,86.75,2.53,4.64,31.20,1965.12,4.21,925.29,27.02,"  116,683.59 ",49.46,"  6,236.58 ",23.37,27.34,1.64%,1.00,12.31,-2.65%,-1.55%,-1.10%
1965.03,86.83,2.55,4.68,31.30,1965.21,4.21,923.18,27.11,"  116,702.97 ",49.76,"  6,290.11 ",23.25,27.19,1.69%,1.00,12.31,-2.21%,-1.76%,-0.46%
1965.04,87.97,2.57,4.73,31.40,1965.29,4.20,932.33,27.24,"  118,145.56 ",50.16,"  6,356.96 ",23.42,27.37,1.70%,1.00,12.33,-2.23%,-2.08%,-0.15%
1965.05,89.28,2.59,4.79,31.40,1965.37,4.21,946.21,27.45,"  120,194.79 ",50.73,"  6,444.14 ",23.71,27.68,1.64%,1.00,12.36,-1.81%,-1.98%,0.17%
1965.06,85.04,2.61,4.84,31.60,1965.46,4.21,895.57,27.49,"  114,052.98 ",50.97,"  6,491.26 ",22.39,26.12,1.96%,1.00,12.33,-1.09%,-1.83%,0.74%
1965.07,84.91,2.63,4.89,31.60,1965.54,4.20,894.20,27.66,"  114,172.19 ",51.46,"  6,570.74 ",22.30,26.01,1.95%,1.00,12.38,-1.17%,-2.05%,0.88%
1965.08,86.49,2.64,4.93,31.60,1965.62,4.25,910.84,27.84,"  116,592.89 ",51.95,"  6,650.38 ",22.67,26.42,1.82%,1.00,12.37,-2.11%,-2.22%,0.12%
1965.09,89.38,2.66,4.98,31.60,1965.71,4.29,941.27,28.01,"  120,787.58 ",52.45,"  6,729.94 ",23.37,27.22,1.61%,1.00,12.38,-2.59%,-2.23%,-0.36%
1965.1,91.39,2.68,5.05,31.70,1965.79,4.35,959.40,28.13,"  123,415.13 ",53.01,"  6,819.63 ",23.78,27.67,1.51%,1.00,12.32,-2.38%,-1.98%,-0.40%
1965.11,92.15,2.70,5.12,31.70,1965.87,4.45,967.38,28.34,"  124,745.30 ",53.75,"  6,931.05 ",23.93,27.82,1.39%,0.99,12.27,-2.36%,-1.88%,-0.47%
1965.12,91.73,2.72,5.19,31.80,1965.96,4.62,959.95,28.46,"  124,092.12 ",54.31,"  7,021.02 ",23.69,27.53,1.33%,1.00,12.11,-2.46%,-1.69%,-0.76%
1966.01,93.32,2.74,5.24,31.80,1966.04,4.61,976.58,28.67,"  126,551.96 ",54.84,"  7,106.00 ",24.06,27.92,1.27%,0.99,12.17,-1.77%,-1.52%,-0.26%
1966.02,92.69,2.76,5.29,32.00,1966.12,4.83,963.93,28.70,"  125,221.96 ",55.01,"  7,146.66 ",23.70,27.48,1.18%,1.00,11.93,-1.30%,-1.33%,0.03%
1966.03,88.88,2.78,5.34,32.10,1966.21,4.87,921.43,28.82,"  120,012.68 ",55.36,"  7,210.48 ",22.61,26.20,1.37%,1.01,11.90,-0.82%,-1.22%,0.40%
1966.04,91.60,2.80,5.38,32.30,1966.29,4.75,943.75,28.81,"  123,232.32 ",55.43,"  7,237.88 ",23.11,26.76,1.42%,1.00,11.99,-1.01%,-1.15%,0.14%
1966.05,86.78,2.81,5.42,32.30,1966.37,4.78,894.09,28.99,"  117,063.23 ",55.84,"  7,311.39 ",21.85,25.28,1.60%,1.00,12.01,-0.61%,-1.40%,0.79%
1966.06,86.06,2.83,5.46,32.40,1966.46,4.81,883.93,29.07,"  116,050.81 ",56.08,"  7,362.74 ",21.56,24.93,1.59%,0.99,11.99,-0.49%,-1.35%,0.86%
1966.07,85.84,2.85,5.48,32.50,1966.54,5.02,878.96,29.18,"  115,717.26 ",56.08,"  7,382.87 ",21.38,24.71,1.38%,0.99,11.80,-0.25%,-1.16%,0.92%
1966.08,80.65,2.87,5.49,32.70,1966.62,5.22,820.77,29.21,"  108,376.32 ",55.90,"  7,381.86 ",19.91,23.01,1.62%,1.01,11.60,0.30%,-0.94%,1.24%
1966.09,77.81,2.89,5.51,32.70,1966.71,5.18,791.86,29.41,"  104,883.60 ",56.07,"  7,427.18 ",19.16,22.14,1.82%,1.02,11.68,0.84%,-0.86%,1.69%
1966.1,77.13,2.88,5.52,32.90,1966.79,5.01,780.17,29.16,"  103,656.89 ",55.87,"  7,422.94 ",18.83,21.75,2.11%,0.99,11.82,0.59%,-0.84%,1.42%
1966.11,80.99,2.88,5.54,32.90,1966.87,5.16,819.22,29.10,"  109,166.61 ",56.00,"  7,462.89 ",19.71,22.77,1.72%,1.03,11.73,0.01%,-0.63%,0.65%
1966.12,81.33,2.87,5.55,32.90,1966.96,4.84,822.65,29.03,"  109,947.27 ",56.14,"  7,502.86 ",19.74,22.79,2.00%,1.02,12.08,0.28%,-0.60%,0.88%
1967.01,84.45,2.88,5.52,32.90,1967.04,4.58,854.21,29.13,"  114,489.54 ",55.80,"  7,478.99 ",20.43,23.59,2.09%,1.00,12.37,-0.23%,-1.08%,0.85%
1967.02,87.36,2.89,5.48,32.90,1967.12,4.63,883.65,29.23,"  118,761.15 ",55.46,"  7,454.29 ",21.07,24.32,1.85%,1.01,12.37,-0.93%,-1.24%,0.31%
1967.03,89.42,2.90,5.45,33.00,1967.21,4.54,901.74,29.24,"  121,520.77 ",54.96,"  7,406.49 ",21.44,24.74,1.85%,1.00,12.47,-1.23%,-1.38%,0.14%
1967.04,90.96,2.90,5.41,33.10,1967.29,4.59,914.50,29.16,"  123,567.59 ",54.39,"  7,349.39 ",21.69,25.01,1.75%,0.98,12.43,-1.60%,-1.31%,-0.29%
1967.05,92.59,2.90,5.37,33.20,1967.37,4.85,928.09,29.07,"  125,730.37 ",53.83,"  7,292.06 ",21.95,25.30,1.42%,0.99,12.19,-1.81%,-1.16%,-0.65%
1967.06,91.43,2.90,5.33,33.30,1967.46,5.02,913.71,28.98,"  124,109.51 ",53.27,"  7,235.08 ",21.55,24.84,1.33%,0.99,12.04,-1.66%,-0.92%,-0.74%
1967.07,93.01,2.91,5.32,33.40,1967.54,5.16,926.71,28.96,"  126,204.06 ",53.01,"  7,218.64 ",21.80,25.12,1.10%,1.00,11.92,-1.75%,-0.85%,-0.90%
1967.08,94.49,2.91,5.31,33.50,1967.62,5.28,938.65,28.94,"  128,157.96 ",52.75,"  7,202.02 ",22.03,25.37,0.96%,1.00,11.83,-2.14%,-0.79%,-1.35%
1967.09,95.81,2.92,5.30,33.60,1967.71,5.30,948.93,28.92,"  129,890.60 ",52.49,"  7,185.26 ",22.22,25.58,0.93%,0.99,11.83,-2.41%,-0.72%,-1.70%
1967.1,95.66,2.92,5.31,33.70,1967.79,5.48,944.63,28.83,"  129,631.32 ",52.44,"  7,195.72 ",22.07,25.40,0.81%,0.98,11.68,-2.64%,-0.69%,-1.95%
1967.11,92.66,2.92,5.32,33.80,1967.87,5.75,912.30,28.75,"  125,523.22 ",52.38,"  7,206.82 ",21.26,24.46,0.71%,1.01,11.46,-2.28%,-0.53%,-1.75%
1967.12,95.30,2.92,5.33,33.90,1967.96,5.70,935.53,28.66,"  129,047.37 ",52.32,"  7,217.44 ",21.75,25.02,0.68%,1.02,11.53,-2.59%,-0.63%,-1.96%
1968.01,95.04,2.93,5.37,34.10,1968.04,5.53,927.50,28.59,"  128,269.18 ",52.37,"  7,243.04 ",21.51,24.74,0.89%,1.00,11.66,-2.93%,-0.93%,-2.00%
1968.02,90.75,2.94,5.40,34.20,1968.12,5.56,883.05,28.61,"  122,450.82 ",52.58,"  7,290.82 ",20.42,23.49,1.14%,0.99,11.66,-2.63%,-0.97%,-1.66%
1968.03,89.09,2.95,5.44,34.30,1968.21,5.74,864.37,28.62,"  120,191.22 ",52.78,"  7,339.10 ",19.93,22.92,1.04%,1.01,11.52,-2.50%,-0.87%,-1.63%
1968.04,95.67,2.96,5.48,34.40,1968.29,5.64,925.51,28.67,"  129,025.28 ",53.05,"  7,395.09 ",21.28,24.47,0.82%,0.99,11.63,-2.81%,-1.05%,-1.76%
1968.05,97.87,2.98,5.53,34.50,1968.37,5.87,944.05,28.71,"  131,943.29 ",53.31,"  7,450.77 ",21.63,24.87,0.54%,1.02,11.45,-2.60%,-1.05%,-1.54%
1968.06,100.50,2.99,5.57,34.70,1968.46,5.72,963.83,28.68,"  135,041.98 ",53.42,"  7,484.42 ",22.00,25.30,0.67%,1.02,11.57,-2.86%,-1.27%,-1.59%
1968.07,100.30,3.00,5.60,34.90,1968.54,5.50,956.40,28.64,"  134,335.27 ",53.40,"  7,500.27 ",21.75,25.01,0.97%,1.01,11.75,-2.89%,-1.54%,-1.35%
1968.08,98.11,3.02,5.63,35.00,1968.62,5.42,932.84,28.68,"  131,362.43 ",53.53,"  7,538.18 ",21.14,24.30,1.24%,1.00,11.84,-2.03%,-1.45%,-0.58%
1968.09,101.30,3.03,5.66,35.10,1968.71,5.46,960.43,28.73,"  135,584.31 ",53.66,"  7,575.59 ",21.68,24.92,1.12%,1.00,11.82,-2.37%,-1.44%,-0.93%
1968.1,103.80,3.04,5.69,35.30,1968.79,5.58,978.55,28.69,"  138,480.80 ",53.67,"  7,595.54 ",22.00,25.29,0.99%,1.00,11.70,-2.94%,-1.51%,-1.43%
1968.11,105.40,3.06,5.73,35.40,1968.87,5.70,990.83,28.73,"  140,557.03 ",53.83,"  7,636.85 ",22.20,25.51,0.82%,0.98,11.62,-3.66%,-1.52%,-2.15%
1968.12,106.50,3.07,5.76,35.50,1968.96,6.03,998.35,28.78,"  141,964.08 ",54.00,"  7,678.06 ",22.28,25.60,0.54%,1.00,11.35,-3.62%,-1.39%,-2.23%
1969.01,102.00,3.08,5.78,35.60,1969.04,6.04,953.48,28.79,"  135,924.85 ",54.03,"  7,702.41 ",21.19,24.36,0.75%,0.99,11.37,-2.89%,-1.48%,-1.41%
1969.02,101.50,3.09,5.80,35.80,1969.12,6.19,943.51,28.72,"  134,844.14 ",53.91,"  7,705.38 ",20.90,24.02,0.76%,1.00,11.24,-3.03%,-1.40%,-1.62%
1969.03,99.30,3.10,5.82,36.10,1969.21,6.30,915.39,28.58,"  131,165.46 ",53.65,"  7,687.64 ",20.20,23.22,0.90%,1.01,11.11,-2.63%,-1.33%,-1.30%
1969.04,101.30,3.11,5.83,36.30,1969.29,6.17,928.68,28.51,"  133,410.48 ",53.42,"  7,673.63 ",20.43,23.48,1.00%,0.99,11.22,-2.67%,-1.50%,-1.17%
1969.05,104.60,3.12,5.83,36.40,1969.37,6.32,956.30,28.52,"  137,719.55 ",53.33,"  7,680.34 ",20.97,24.11,0.75%,0.99,11.12,-3.29%,-1.51%,-1.78%
1969.06,99.14,3.13,5.84,36.60,1969.46,6.57,901.43,28.46,"  130,159.01 ",53.10,"  7,667.22 ",19.71,22.66,0.82%,0.99,10.92,-2.62%,-1.14%,-1.47%
1969.07,94.71,3.14,5.86,36.80,1969.54,6.72,856.47,28.37,"  124,008.48 ",52.96,"  7,668.43 ",18.68,21.48,0.97%,1.01,10.80,-2.11%,-1.10%,-1.02%
1969.08,94.18,3.14,5.87,37.00,1969.62,6.69,847.07,28.27,"  122,989.08 ",52.83,"  7,669.95 ",18.43,21.19,1.13%,0.97,10.82,-1.64%,-1.19%,-0.45%
1969.09,94.51,3.15,5.89,37.10,1969.71,7.16,847.75,28.26,"  123,429.23 ",52.83,"  7,692.29 ",18.40,21.16,0.66%,1.01,10.49,-1.63%,-1.11%,-0.52%
1969.1,95.52,3.15,5.85,37.30,1969.79,7.10,852.21,28.13,"  124,420.73 ",52.22,"  7,624.33 ",18.45,21.22,0.73%,1.00,10.55,-2.13%,-1.77%,-0.36%
1969.11,96.21,3.16,5.82,37.50,1969.87,7.14,853.79,28.01,"  124,991.95 ",51.62,"  7,556.77 ",18.44,21.22,0.75%,0.97,10.52,-2.29%,-1.96%,-0.33%
1969.12,91.11,3.16,5.78,37.70,1969.96,7.65,804.24,27.89,"  118,078.61 ",51.02,"  7,490.88 ",17.33,19.95,0.64%,1.00,10.16,-1.41%,-1.48%,0.06%
1970.01,90.31,3.16,5.73,37.80,1970.04,7.79,795.07,27.85,"  117,072.91 ",50.45,"  7,428.06 ",17.09,19.68,0.64%,1.05,10.10,-1.15%,-1.72%,0.57%
1970.02,87.16,3.17,5.68,38.00,1970.12,7.24,763.30,27.73,"  112,735.03 ",49.74,"  7,346.66 ",16.37,18.87,1.47%,1.02,10.50,-0.49%,-3.08%,2.59%
1970.03,88.65,3.17,5.63,38.20,1970.21,7.07,772.29,27.62,"  114,401.80 ",49.05,"  7,265.45 ",16.53,19.06,1.63%,0.98,10.63,-1.69%,-3.43%,1.75%
1970.04,85.95,3.17,5.59,38.50,1970.29,7.39,742.93,27.43,"  110,391.79 ",48.35,"  7,183.92 ",15.87,18.31,1.61%,0.97,10.38,-1.56%,-2.50%,0.94%
1970.05,76.06,3.18,5.56,38.60,1970.37,7.91,655.74,27.39,"  97,775.39 ",47.91,"  7,143.12 ",13.98,16.15,1.97%,1.01,10.04,0.03%,-1.43%,1.47%
1970.06,75.59,3.18,5.52,38.80,1970.46,7.84,648.33,27.27,"  97,009.22 ",47.34,"  7,084.15 ",13.80,15.96,2.15%,1.03,10.11,0.67%,-1.28%,1.94%
1970.07,75.72,3.18,5.47,39.00,1970.54,7.46,646.11,27.16,"  97,016.42 ",46.65,"  7,004.18 ",13.73,15.89,2.62%,1.00,10.39,1.16%,-1.76%,2.91%
1970.08,77.92,3.19,5.41,39.00,1970.62,7.53,664.89,27.19,"  100,175.42 ",46.19,"  6,959.48 ",14.10,16.34,2.36%,1.02,10.40,1.11%,-2.26%,3.37%
1970.09,82.58,3.19,5.36,39.20,1970.71,7.39,701.05,27.08,"  105,964.76 ",45.50,"  6,877.83 ",14.84,17.22,2.20%,1.01,10.51,0.74%,-2.60%,3.34%
1970.1,84.37,3.17,5.28,39.40,1970.79,7.33,712.61,26.80,"  108,049.70 ",44.62,"  6,766.18 ",15.06,17.49,2.14%,1.04,10.57,0.78%,-2.78%,3.56%
1970.11,84.28,3.16,5.21,39.60,1970.87,6.84,708.26,26.53,"  107,724.50 ",43.75,"  6,655.03 ",14.95,17.37,2.73%,1.04,10.95,1.18%,-3.63%,4.81%
1970.12,90.05,3.14,5.13,39.80,1970.96,6.39,752.94,26.25,"  114,853.95 ",42.89,"  6,543.04 ",15.87,18.45,2.85%,1.02,11.32,0.32%,-4.02%,4.33%
1971.01,93.49,3.13,5.16,39.80,1971.04,6.24,781.71,26.17,"  119,574.16 ",43.14,"  6,599.67 ",16.46,19.15,2.77%,1.01,11.50,-0.17%,-4.01%,3.84%
1971.02,97.11,3.12,5.19,39.90,1971.12,6.11,809.94,26.02,"  124,224.58 ",43.29,"  6,639.13 ",17.03,19.82,2.72%,1.04,11.64,-0.96%,-4.45%,3.49%
1971.03,99.60,3.11,5.22,40.00,1971.21,5.70,828.63,25.87,"  127,422.00 ",43.43,"  6,678.14 ",17.40,20.26,3.03%,0.99,12.03,-0.88%,-4.69%,3.82%
1971.04,103.00,3.11,5.25,40.10,1971.29,5.83,854.78,25.78,"  131,773.52 ",43.60,"  6,720.87 ",17.92,20.88,2.76%,0.96,11.94,-1.15%,-4.87%,3.72%
1971.05,101.60,3.10,5.29,40.30,1971.37,6.39,838.98,25.63,"  129,666.57 ",43.66,"  6,747.09 ",17.56,20.46,2.37%,1.00,11.46,-1.23%,-4.65%,3.42%
1971.06,99.72,3.10,5.32,40.60,1971.46,6.52,817.37,25.41,"  126,654.09 ",43.61,"  6,756.92 ",17.08,19.91,2.47%,0.99,11.32,-1.00%,-4.19%,3.20%
1971.07,99.00,3.10,5.36,40.70,1971.54,6.73,809.47,25.32,"  125,757.62 ",43.80,"  6,804.47 ",16.89,19.69,2.29%,1.02,11.19,-1.24%,-4.49%,3.25%
1971.08,97.24,3.09,5.39,40.80,1971.62,6.58,793.14,25.23,"  123,545.83 ",43.99,"  6,852.36 ",16.52,19.27,2.63%,1.04,11.34,-1.06%,-4.91%,3.85%
1971.09,99.40,3.09,5.43,40.80,1971.71,6.14,810.75,25.20,"  126,617.32 ",44.29,"  6,916.82 ",16.86,19.67,2.91%,1.02,11.77,-2.25%,-5.42%,3.17%
1971.1,97.29,3.08,5.52,40.90,1971.79,5.93,791.60,25.09,"  123,953.06 ",44.91,"  7,032.80 ",16.43,19.18,3.30%,1.01,11.99,-1.89%,-5.41%,3.52%
1971.11,92.78,3.08,5.61,40.90,1971.87,5.81,754.91,25.03,"  118,533.72 ",45.65,"  7,167.21 ",15.64,18.27,3.73%,1.00,12.16,-1.19%,-4.59%,3.40%
1971.12,99.17,3.07,5.70,41.10,1971.96,5.93,802.97,24.86,"  126,406.17 ",46.15,"  7,265.45 ",16.60,19.41,3.29%,1.00,12.05,-1.74%,-4.60%,2.86%
1972.01,103.30,3.07,5.74,41.10,1972.04,5.95,836.41,24.86,"  131,996.53 ",46.45,"  7,330.31 ",17.26,20.18,3.04%,1.00,12.09,-2.67%,-4.99%,2.32%
1972.02,105.20,3.07,5.77,41.30,1972.12,6.08,847.67,24.74,"  134,098.70 ",46.52,"  7,359.28 ",17.46,20.42,2.86%,1.01,11.98,-3.04%,-4.74%,1.69%
1972.03,107.70,3.07,5.81,41.40,1972.21,6.07,865.72,24.68,"  137,279.18 ",46.70,"  7,405.68 ",17.81,20.82,2.79%,1.00,12.02,-3.53%,-4.36%,0.83%
1972.04,108.80,3.07,5.86,41.50,1972.29,6.19,872.46,24.62,"  138,672.42 ",47.02,"  7,473.18 ",17.92,20.95,2.62%,1.01,11.94,-3.15%,-4.24%,1.08%
1972.05,107.70,3.07,5.92,41.60,1972.37,6.13,861.56,24.56,"  137,265.72 ",47.33,"  7,540.91 ",17.66,20.65,2.79%,1.01,12.03,-3.09%,-4.16%,1.07%
1972.06,108.00,3.07,5.97,41.70,1972.46,6.11,861.89,24.50,"  137,643.27 ",47.64,"  7,608.61 ",17.64,20.63,2.84%,1.01,12.08,-3.76%,-4.55%,0.80%
1972.07,107.20,3.07,6.03,41.90,1972.54,6.11,851.42,24.41,"  136,296.39 ",47.87,"  7,662.44 ",17.40,20.35,2.93%,1.00,12.08,-3.69%,-4.32%,0.63%
1972.08,111.00,3.08,6.08,42.00,1972.62,6.21,879.50,24.38,"  141,116.98 ",48.20,"  7,733.88 ",17.94,20.98,2.68%,0.98,12.02,-3.97%,-3.72%,-0.24%
1972.09,109.40,3.08,6.14,42.10,1972.71,6.55,864.76,24.35,"  139,078.03 ",48.53,"  7,805.66 ",17.61,20.60,2.44%,1.01,11.76,-2.74%,-3.04%,0.30%
1972.1,109.60,3.10,6.23,42.30,1972.79,6.48,862.25,24.41,"  139,000.72 ",49.04,"  7,905.45 ",17.53,20.50,2.58%,1.02,11.83,-1.94%,-2.23%,0.29%
1972.11,115.10,3.13,6.33,42.40,1972.87,6.28,903.38,24.54,"  145,961.51 ",49.66,"  8,023.03 ",18.34,21.44,2.56%,1.00,12.04,-1.96%,-2.08%,0.12%
1972.12,117.50,3.15,6.42,42.50,1972.96,6.36,920.05,24.67,"  148,986.51 ",50.27,"  8,140.37 ",18.65,21.80,2.41%,1.00,12.00,-1.99%,-1.92%,-0.07%
1973.01,118.40,3.16,6.55,42.60,1973.04,6.46,924.92,24.66,"  150,108.04 ",51.14,"  8,299.90 ",18.71,21.87,2.32%,0.99,11.95,-1.71%,-1.76%,0.05%
1973.02,114.20,3.16,6.67,42.90,1973.12,6.64,885.87,24.54,"  144,102.66 ",51.77,"  8,420.71 ",17.89,20.91,2.45%,1.00,11.78,-1.11%,-1.70%,0.59%
1973.03,112.40,3.17,6.80,43.30,1973.21,6.71,863.86,24.36,"  140,851.38 ",52.26,"  8,521.26 ",17.41,20.35,2.60%,1.01,11.67,-0.51%,-1.40%,0.89%
1973.04,110.30,3.19,6.94,43.60,1973.29,6.67,841.88,24.32,"  137,599.24 ",53.00,"  8,661.80 ",16.94,19.79,2.87%,0.99,11.69,0.07%,-1.33%,1.40%
1973.05,107.20,3.20,7.09,43.90,1973.37,6.85,812.63,24.28,"  133,148.84 ",53.72,"  8,802.07 ",16.31,19.06,2.99%,1.00,11.53,0.77%,-1.15%,1.92%
1973.06,104.80,3.22,7.23,44.20,1973.46,6.90,789.04,24.24,"  129,615.43 ",54.44,"  8,941.98 ",15.81,18.47,3.17%,0.99,11.47,1.19%,-1.34%,2.52%
1973.07,105.80,3.24,7.38,44.30,1973.54,7.13,794.78,24.31,"  130,889.68 ",55.46,"  9,134.23 ",15.89,18.57,2.90%,0.99,11.32,1.12%,-1.47%,2.59%
1973.08,103.80,3.25,7.54,45.10,1973.62,7.40,765.92,24.01,"  126,466.97 ",55.61,"  9,182.46 ",15.28,17.85,3.07%,1.03,10.98,1.19%,-1.37%,2.56%
1973.09,105.60,3.27,7.69,45.20,1973.71,7.09,777.48,24.08,"  128,706.66 ",56.62,"  9,372.67 ",15.48,18.08,3.32%,1.03,11.26,1.29%,-1.46%,2.76%
1973.1,109.80,3.31,7.85,45.60,1973.79,6.79,801.31,24.13,"  132,984.67 ",57.26,"  9,503.52 ",15.91,18.59,3.50%,1.01,11.47,1.00%,-1.52%,2.51%
1973.11,102.00,3.34,8.00,45.90,1973.87,6.73,739.52,24.24,"  123,065.48 ",58.03,"  9,656.21 ",14.65,17.12,4.17%,1.00,11.51,1.65%,-1.56%,3.21%
1973.12,94.78,3.38,8.16,46.20,1973.96,6.74,682.71,24.35,"  113,949.44 ",58.78,"  9,810.38 ",13.49,15.77,4.78%,0.99,11.49,2.41%,-1.54%,3.95%
1974.01,96.11,3.40,8.23,46.60,1974.04,6.99,686.35,24.28,"  114,894.32 ",58.75,"  9,834.54 ",13.53,15.82,4.59%,1.01,11.25,2.42%,-1.20%,3.62%
1974.02,93.45,3.42,8.29,47.20,1974.12,6.96,658.87,24.11,"  110,630.70 ",58.47,"  9,818.05 ",12.96,15.15,5.09%,0.99,11.20,2.22%,-1.20%,3.43%
1974.03,97.44,3.44,8.36,47.80,1974.21,7.21,678.38,23.95,"  114,241.41 ",58.20,"  9,801.50 ",13.31,15.57,4.76%,0.99,10.93,1.92%,-1.15%,3.08%
1974.04,92.46,3.46,8.49,48.00,1974.29,7.51,641.03,23.99,"  108,287.68 ",58.84,"  9,939.45 ",12.55,14.69,4.96%,1.00,10.72,2.47%,-1.08%,3.55%
1974.05,89.67,3.48,8.61,48.60,1974.37,7.58,614.01,23.83,"  104,058.98 ",58.98,"  9,995.48 ",12.00,14.05,5.39%,1.01,10.60,2.82%,-1.33%,4.15%
1974.06,89.79,3.50,8.74,49.00,1974.46,7.54,609.81,23.77,"  103,683.35 ",59.36,"  10,092.35 ",11.89,13.93,5.56%,0.99,10.61,2.64%,-1.33%,3.97%
1974.07,79.31,3.53,8.86,49.40,1974.54,7.81,534.27,23.78,"  91,177.14 ",59.71,"  10,189.55 ",10.39,12.19,6.55%,0.99,10.40,3.83%,-0.95%,4.78%
1974.08,76.03,3.56,8.99,50.00,1974.62,8.04,506.03,23.69,"  86,694.44 ",59.81,"  10,247.20 ",9.82,11.53,7.04%,1.01,10.18,5.24%,-0.32%,5.56%
1974.09,68.12,3.59,9.11,50.60,1974.71,8.04,448.01,23.61,"  77,090.98 ",59.91,"  10,309.73 ",8.68,10.21,8.47%,1.02,10.12,6.58%,-0.10%,6.68%
1974.1,69.44,3.59,9.04,51.10,1974.79,7.90,452.22,23.40,"  78,151.44 ",58.85,"  10,170.35 ",8.74,10.30,8.63%,1.02,10.19,6.36%,0.11%,6.25%
1974.11,71.74,3.60,8.96,51.50,1974.87,7.68,463.57,23.24,"  80,447.58 ",57.92,"  10,051.27 ",8.95,10.55,8.63%,1.02,10.33,6.19%,0.42%,5.77%
1974.12,67.07,3.60,8.89,51.90,1974.96,7.43,430.05,23.08,"  74,964.91 ",57.00,"  9,936.46 ",8.29,9.79,9.85%,1.00,10.49,6.87%,0.39%,6.47%
1975.01,72.56,3.62,8.74,52.10,1975.04,7.50,463.47,23.14,"  81,126.01 ",55.85,"  9,775.52 ",8.92,10.55,8.97%,1.01,10.47,6.49%,0.57%,5.93%
1975.02,80.10,3.65,8.60,52.50,1975.12,7.39,507.73,23.12,"  89,210.98 ",54.49,"  9,574.50 ",9.76,11.56,8.20%,0.98,10.53,6.03%,0.47%,5.56%
1975.03,83.78,3.67,8.45,52.70,1975.21,7.73,529.04,23.17,"  93,294.78 ",53.36,"  9,409.65 ",10.16,12.04,7.46%,0.97,10.31,5.47%,0.54%,4.93%
1975.04,84.72,3.68,8.29,52.90,1975.29,8.23,532.96,23.17,"  94,325.36 ",52.13,"  9,226.19 ",10.23,12.13,6.90%,1.02,9.99,5.41%,1.16%,4.25%
1975.05,90.10,3.70,8.12,53.20,1975.37,8.06,563.61,23.12,"  100,090.70 ",50.81,"  9,024.08 ",10.82,12.84,6.60%,1.02,10.12,5.03%,1.44%,3.59%
1975.06,92.40,3.71,7.96,53.60,1975.46,7.86,573.68,23.03,"  102,220.60 ",49.42,"  8,806.02 ",11.01,13.07,6.65%,0.99,10.25,5.04%,1.80%,3.24%
1975.07,92.49,3.71,7.89,54.20,1975.54,8.06,567.88,22.78,"  101,525.71 ",48.46,"  8,664.46 ",10.90,12.95,6.66%,0.98,10.06,5.33%,1.96%,3.37%
1975.08,85.71,3.71,7.83,54.30,1975.62,8.40,525.28,22.74,"  94,248.83 ",47.97,"  8,606.40 ",10.09,12.00,7.07%,1.00,9.88,5.90%,2.20%,3.70%
1975.09,84.67,3.71,7.76,54.60,1975.71,8.43,516.06,22.61,"  92,931.75 ",47.30,"  8,517.19 ",9.92,11.81,7.27%,1.03,9.88,5.81%,2.24%,3.58%
1975.1,88.57,3.70,7.83,54.90,1975.79,8.14,536.88,22.43,"  97,017.65 ",47.44,"  8,573.16 ",10.33,12.30,7.19%,1.01,10.09,5.48%,2.15%,3.32%
1975.11,90.07,3.69,7.89,55.30,1975.87,8.05,542.02,22.21,"  98,281.47 ",47.50,"  8,612.95 ",10.44,12.44,7.25%,1.01,10.14,5.97%,2.45%,3.52%
1975.12,88.70,3.68,7.96,55.50,1975.96,8.00,531.85,22.07,"  96,771.21 ",47.73,"  8,684.32 ",10.25,12.23,7.48%,1.02,10.21,6.65%,2.77%,3.88%
1976.01,96.86,3.68,8.19,55.60,1976.04,7.74,579.74,22.05,"  105,817.94 ",49.04,"  8,951.08 ",11.19,13.34,6.95%,1.00,10.44,5.76%,2.64%,3.12%
1976.02,100.60,3.69,8.43,55.80,1976.12,7.79,599.97,21.99,"  109,844.33 ",50.26,"  9,201.01 ",11.59,13.83,6.56%,1.01,10.43,5.98%,3.08%,2.90%
1976.03,101.10,3.69,8.66,55.90,1976.21,7.73,601.87,21.97,"  110,527.96 ",51.55,"  9,467.58 ",11.63,13.88,6.57%,1.02,10.53,6.60%,3.74%,2.86%
1976.04,101.90,3.71,8.86,56.10,1976.29,7.56,604.47,22.03,"  111,342.50 ",52.54,"  9,677.37 ",11.69,13.95,6.67%,0.98,10.68,6.83%,4.02%,2.81%
1976.05,101.20,3.74,9.05,56.50,1976.37,7.90,596.07,22.01,"  110,132.62 ",53.32,"  9,852.44 ",11.53,13.76,6.52%,1.01,10.42,6.97%,4.01%,2.96%
1976.06,101.80,3.76,9.25,56.80,1976.46,7.86,596.43,22.03,"  110,539.63 ",54.19,"  10,044.12 ",11.54,13.78,6.58%,1.01,10.47,7.20%,3.91%,3.29%
1976.07,104.20,3.79,9.35,57.10,1976.54,7.83,607.29,22.09,"  112,892.36 ",54.49,"  10,129.98 ",11.76,14.03,6.47%,1.01,10.50,6.78%,4.30%,2.47%
1976.08,103.30,3.82,9.45,57.40,1976.62,7.77,598.90,22.15,"  111,675.44 ",54.79,"  10,216.19 ",11.60,13.84,6.64%,1.02,10.56,7.12%,4.39%,2.73%
1976.09,105.50,3.85,9.55,57.60,1976.71,7.59,609.53,22.24,"  114,003.43 ",55.18,"  10,319.74 ",11.81,14.09,6.71%,1.02,10.72,6.58%,4.04%,2.54%
1976.1,101.90,3.92,9.67,57.90,1976.79,7.41,585.68,22.51,"  109,893.60 ",55.58,"  10,428.57 ",11.35,13.54,7.22%,1.01,10.87,6.95%,3.97%,2.99%
1976.11,101.20,3.98,9.79,58.00,1976.87,7.29,580.65,22.85,"  109,307.88 ",56.17,"  10,574.35 ",11.25,13.43,7.43%,1.04,11.01,7.37%,4.02%,3.36%
1976.12,104.70,4.05,9.91,58.20,1976.96,6.87,598.67,23.16,"  113,062.96 ",56.66,"  10,701.57 ",11.60,13.85,7.62%,0.98,11.37,7.18%,3.84%,3.35%
1977.01,103.80,4.10,9.97,58.50,1977.04,7.21,590.48,23.30,"  111,883.02 ",56.70,"  10,742.79 ",11.44,13.66,7.46%,0.99,11.10,7.92%,4.10%,3.82%
1977.02,101.00,4.14,10.02,59.10,1977.12,7.39,568.72,23.33,"  108,128.14 ",56.44,"  10,730.70 ",11.01,13.15,7.72%,1.00,10.92,8.93%,4.18%,4.76%
1977.03,100.60,4.19,10.08,59.50,1977.21,7.46,562.66,23.43,"  107,347.17 ",56.38,"  10,756.06 ",10.90,13.02,7.79%,1.01,10.86,9.43%,4.25%,5.18%
1977.04,99.05,4.25,10.19,60.00,1977.29,7.37,549.37,23.55,"  105,186.91 ",56.54,"  10,824.85 ",10.64,12.71,8.16%,1.00,10.90,9.50%,3.66%,5.85%
1977.05,98.76,4.30,10.31,60.30,1977.37,7.46,545.04,23.75,"  104,736.09 ",56.88,"  10,930.37 ",10.55,12.61,8.17%,1.02,10.84,9.53%,3.33%,6.20%
1977.06,99.29,4.36,10.42,60.70,1977.46,7.28,544.35,23.90,"  104,987.05 ",57.13,"  11,017.88 ",10.53,12.60,8.40%,1.00,10.98,9.95%,3.39%,6.56%
1977.07,100.20,4.41,10.52,61.00,1977.54,7.33,546.64,24.04,"  105,814.59 ",57.37,"  11,105.99 ",10.57,12.65,8.34%,1.00,10.95,10.17%,3.42%,6.75%
1977.08,97.75,4.45,10.61,61.20,1977.62,7.40,531.53,24.22,"  103,280.59 ",57.71,"  11,213.79 ",10.27,12.30,8.55%,1.01,10.93,11.07%,3.25%,7.82%
1977.09,96.23,4.50,10.71,61.40,1977.71,7.34,521.56,24.39,"  101,738.32 ",58.05,"  11,323.05 ",10.07,12.07,8.81%,0.99,11.01,10.84%,2.75%,8.09%
1977.1,93.74,4.56,10.77,61.60,1977.79,7.52,506.42,24.62,"  99,184.18 ",58.18,"  11,395.49 ",9.77,11.72,8.94%,1.00,10.90,9.70%,2.84%,6.86%
1977.11,94.28,4.61,10.83,61.90,1977.87,7.58,506.86,24.80,"  99,676.87 ",58.22,"  11,449.94 ",9.77,11.72,8.90%,1.00,10.87,8.21%,3.38%,4.83%
1977.12,93.82,4.67,10.89,62.10,1977.96,7.69,502.77,25.03,"  99,281.20 ",58.36,"  11,523.90 ",9.68,11.63,8.88%,0.99,10.82,8.10%,3.41%,4.69%
1978.01,90.25,4.71,10.90,62.50,1978.04,7.96,480.54,25.10,"  95,305.15 ",58.04,"  11,510.54 ",9.24,11.12,9.11%,1.00,10.62,8.97%,3.87%,5.10%
1978.02,88.98,4.76,10.91,62.90,1978.12,8.03,470.77,25.17,"  93,782.40 ",57.72,"  11,498.83 ",9.05,10.89,9.31%,1.01,10.57,9.48%,4.28%,5.19%
1978.03,88.82,4.80,10.92,63.40,1978.21,8.04,466.21,25.20,"  93,293.75 ",57.32,"  11,470.03 ",8.95,10.79,9.47%,1.00,10.55,9.84%,4.22%,5.62%
1978.04,92.71,4.84,11.02,63.90,1978.29,8.15,482.82,25.19,"  97,037.76 ",57.41,"  11,537.87 ",9.26,11.18,9.03%,0.99,10.46,9.25%,4.08%,5.17%
1978.05,97.41,4.87,11.13,64.50,1978.37,8.35,502.58,25.14,"  101,429.84 ",57.41,"  11,585.87 ",9.63,11.64,8.49%,1.00,10.30,8.49%,4.04%,4.45%
1978.06,97.66,4.91,11.23,65.20,1978.46,8.46,498.46,25.06,"  101,019.87 ",57.32,"  11,616.35 ",9.55,11.55,8.52%,1.00,10.18,9.12%,4.30%,4.82%
1978.07,97.19,4.95,11.34,65.70,1978.54,8.64,492.29,25.06,"  100,191.76 ",57.46,"  11,693.64 ",9.43,11.41,8.50%,1.02,10.05,9.13%,4.37%,4.76%
1978.08,103.90,4.98,11.46,66.00,1978.62,8.41,523.88,25.13,"  107,048.30 ",57.77,"  11,803.85 ",10.02,12.14,8.11%,1.01,10.23,8.18%,4.09%,4.09%
1978.09,103.90,5.02,11.57,66.50,1978.71,8.42,519.94,25.12,"  106,671.19 ",57.90,"  11,878.59 ",9.94,12.05,8.24%,0.99,10.22,8.35%,4.30%,4.06%
1978.1,100.60,5.04,11.82,67.10,1978.79,8.64,498.93,24.98,"  102,786.69 ",58.64,"  12,080.30 ",9.53,11.57,8.48%,1.00,10.05,9.13%,4.64%,4.49%
1978.11,94.71,5.05,12.08,67.40,1978.87,8.81,467.63,24.95,"  96,766.29 ",59.63,"  12,338.90 ",8.93,10.84,9.04%,0.99,9.97,9.56%,4.68%,4.87%
1978.12,96.11,5.07,12.33,67.70,1978.96,9.01,472.44,24.92,"  98,191.31 ",60.61,"  12,597.01 ",9.01,10.95,8.75%,1.00,9.87,9.63%,4.75%,4.88%
1979.01,99.71,5.11,12.65,68.30,1979.04,9.10,485.83,24.91,"  101,405.89 ",61.65,"  12,868.51 ",9.26,11.26,8.43%,1.01,9.80,9.60%,4.87%,4.73%
1979.02,98.23,5.16,12.98,69.10,1979.12,9.10,473.07,24.83,"  99,176.09 ",62.50,"  13,101.68 ",9.00,10.96,8.80%,1.01,9.76,10.16%,4.89%,5.27%
1979.03,100.10,5.20,13.30,69.80,1979.21,9.12,477.24,24.79,"  100,483.69 ",63.41,"  13,350.98 ",9.07,11.05,8.72%,1.00,9.72,9.93%,4.82%,5.11%
1979.04,102.10,5.25,13.53,70.60,1979.29,9.18,481.26,24.73,"  101,763.90 ",63.76,"  13,482.17 ",9.13,11.13,8.65%,1.00,9.65,10.11%,5.04%,5.07%
1979.05,99.73,5.29,13.75,71.50,1979.37,9.25,464.18,24.64,"  98,584.62 ",64.01,"  13,595.35 ",8.79,10.73,9.11%,1.03,9.55,10.84%,5.38%,5.46%
1979.06,101.70,5.34,13.98,72.30,1979.46,8.91,468.11,24.58,"  99,854.63 ",64.35,"  13,726.33 ",8.85,10.81,9.43%,1.00,9.73,11.04%,5.64%,5.41%
1979.07,102.70,5.40,14.20,73.10,1979.54,8.95,467.54,24.57,"  100,169.67 ",64.63,"  13,846.92 ",8.83,10.78,9.48%,1.00,9.67,11.29%,5.93%,5.35%
1979.08,107.40,5.45,14.41,73.80,1979.62,9.03,484.30,24.59,"  104,199.31 ",64.99,"  13,983.76 ",9.13,11.16,9.07%,0.99,9.60,11.34%,6.00%,5.34%
1979.09,108.60,5.51,14.63,74.60,1979.71,9.33,484.45,24.58,"  104,674.35 ",65.26,"  14,101.16 ",9.11,11.14,8.88%,0.95,9.39,11.31%,6.22%,5.09%
1979.1,104.50,5.56,14.71,75.20,1979.79,10.30,462.45,24.59,"  100,361.67 ",65.08,"  14,124.30 ",8.68,10.62,8.48%,0.99,8.82,11.75%,7.03%,4.72%
1979.11,103.70,5.60,14.78,75.90,1979.87,10.65,454.67,24.57,"  99,119.16 ",64.82,"  14,130.26 ",8.52,10.43,8.39%,1.02,8.63,11.66%,7.41%,4.25%
1979.12,107.80,5.65,14.86,76.70,1979.96,10.39,467.72,24.51,"  102,408.67 ",64.47,"  14,116.82 ",8.75,10.72,8.41%,0.98,8.75,11.58%,7.34%,4.24%
1980.01,110.90,5.70,15.00,77.80,1980.04,10.80,474.37,24.38,"  104,308.92 ",64.18,"  14,111.61 ",8.85,10.85,7.98%,0.92,8.49,11.01%,7.36%,3.66%
1980.02,115.30,5.75,15.15,78.90,1980.12,12.41,486.31,24.25,"  107,379.88 ",63.89,"  14,106.25 ",9.05,11.11,6.21%,0.99,7.68,10.36%,8.27%,2.09%
1980.03,104.70,5.80,15.29,80.10,1980.21,12.75,434.99,24.10,"  96,490.61 ",63.52,"  14,091.13 ",8.08,9.92,7.31%,1.09,7.50,11.78%,8.46%,3.32%
1980.04,103.00,5.85,15.17,81.00,1980.29,11.47,423.17,24.02,"  94,313.22 ",62.34,"  13,893.62 ",7.84,9.64,9.00%,1.09,8.05,12.04%,7.61%,4.44%
1980.05,107.70,5.89,15.06,81.80,1980.37,10.18,438.15,23.98,"  98,097.66 ",61.25,"  13,714.27 ",8.10,9.97,9.96%,1.03,8.69,12.00%,6.86%,5.14%
1980.06,114.60,5.94,14.94,82.70,1980.46,9.78,461.15,23.90,"  103,692.46 ",60.12,"  13,518.02 ",8.51,10.48,9.83%,0.98,8.89,11.67%,6.84%,4.83%
1980.07,119.80,5.98,14.84,82.70,1980.54,10.25,482.07,24.08,"  108,848.69 ",59.72,"  13,483.43 ",8.88,10.95,8.82%,0.96,8.70,11.10%,7.11%,3.99%
1980.08,123.50,6.03,14.74,83.30,1980.62,11.10,493.38,24.08,"  111,855.24 ",58.89,"  13,350.17 ",9.07,11.19,7.81%,0.99,8.27,9.80%,7.43%,2.37%
1980.09,126.50,6.07,14.64,84.00,1980.71,11.51,501.16,24.05,"  114,071.93 ",58.00,"  13,201.68 ",9.20,11.35,7.28%,1.00,8.08,9.01%,7.57%,1.43%
1980.1,130.20,6.10,14.70,84.80,1980.79,11.75,510.95,23.94,"  116,754.86 ",57.69,"  13,182.00 ",9.36,11.56,6.90%,0.96,7.97,8.43%,7.86%,0.58%
1980.11,135.70,6.13,14.76,85.50,1980.87,12.68,528.17,23.86,"  121,144.96 ",57.45,"  13,176.86 ",9.65,11.93,5.68%,1.00,7.57,8.33%,8.71%,-0.38%
1980.12,133.50,6.16,14.82,86.30,1980.96,12.84,514.79,23.75,"  118,530.15 ",57.15,"  13,158.18 ",9.39,11.61,5.86%,1.03,7.51,9.05%,9.09%,-0.04%
1981.01,133.00,6.20,14.74,87.00,1981.04,12.57,508.74,23.72,"  117,591.14 ",56.38,"  13,032.28 ",9.26,11.45,6.36%,0.98,7.64,9.00%,8.90%,0.10%
1981.02,128.40,6.24,14.66,87.90,1981.12,13.19,486.11,23.62,"  112,816.76 ",55.50,"  12,880.79 ",8.83,10.93,6.35%,1.01,7.38,10.64%,9.51%,1.13%
1981.03,133.20,6.28,14.58,88.50,1981.21,13.12,500.87,23.61,"  116,697.46 ",54.82,"  12,773.64 ",9.08,11.25,6.16%,0.98,7.44,10.59%,9.28%,1.30%
1981.04,134.40,6.32,14.72,89.10,1981.29,13.68,501.98,23.59,"  117,413.94 ",54.99,"  12,862.50 ",9.09,11.27,5.64%,0.99,7.25,10.75%,9.68%,1.07%
1981.05,131.70,6.35,14.87,89.80,1981.37,14.10,488.06,23.54,"  114,617.23 ",55.09,"  12,938.34 ",8.82,10.94,5.58%,1.05,7.12,10.96%,9.91%,1.06%
1981.06,132.30,6.39,15.01,90.60,1981.46,13.47,485.95,23.47,"  114,582.06 ",55.13,"  12,999.82 ",8.77,10.89,6.30%,0.97,7.38,10.97%,9.40%,1.58%
1981.07,129.10,6.43,15.10,91.60,1981.54,14.28,469.02,23.37,"  111,049.22 ",54.85,"  12,985.88 ",8.45,10.50,6.01%,0.98,7.07,11.39%,9.94%,1.46%
1981.08,129.60,6.48,15.18,92.30,1981.62,14.94,467.27,23.35,"  111,094.59 ",54.74,"  13,015.30 ",8.40,10.45,5.47%,0.99,6.86,11.65%,10.58%,1.06%
1981.09,118.30,6.52,15.27,93.20,1981.71,15.32,422.41,23.28,"  100,890.09 ",54.52,"  13,022.75 ",7.58,9.45,6.48%,1.02,6.74,12.65%,10.98%,1.66%
1981.1,119.80,6.56,15.30,93.40,1981.79,15.15,426.85,23.36,"  102,415.55 ",54.51,"  13,079.78 ",7.65,9.54,6.53%,1.11,6.87,12.48%,10.92%,1.56%
1981.11,122.90,6.59,15.33,93.70,1981.87,13.39,436.49,23.42,"  105,197.52 ",54.45,"  13,121.87 ",7.81,9.76,8.06%,0.99,7.60,12.15%,9.93%,2.22%
1981.12,123.80,6.63,15.36,94.00,1981.96,13.72,438.28,23.47,"  106,101.09 ",54.38,"  13,164.08 ",7.83,9.80,7.67%,0.97,7.52,12.15%,10.35%,1.80%
1982.01,117.30,6.66,15.18,94.30,1982.04,14.59,413.95,23.50,"  100,684.68 ",53.56,"  13,026.95 ",7.39,9.25,7.60%,1.02,7.25,13.53%,10.87%,2.66%
1982.02,114.50,6.69,14.99,94.60,1982.12,14.43,402.79,23.53,"  98,446.63 ",52.74,"  12,891.18 ",7.18,9.01,8.14%,1.04,7.37,13.67%,10.46%,3.21%
1982.03,110.80,6.72,14.81,94.50,1982.21,13.86,390.18,23.66,"  95,848.19 ",52.15,"  12,811.48 ",6.95,8.73,9.13%,1.01,7.69,13.80%,9.85%,3.96%
1982.04,116.30,6.75,14.60,94.90,1982.29,13.87,407.83,23.67,"  100,666.49 ",51.19,"  12,634.55 ",7.26,9.14,8.53%,1.03,7.75,13.26%,9.87%,3.39%
1982.05,116.40,6.78,14.38,95.80,1982.37,13.62,404.34,23.55,"  100,290.98 ",49.96,"  12,392.74 ",7.19,9.07,8.98%,0.98,7.87,13.52%,9.82%,3.69%
1982.06,109.70,6.81,14.17,97.00,1982.46,14.30,376.35,23.36,"  93,831.83 ",48.61,"  12,120.30 ",6.69,8.45,9.45%,1.03,7.58,14.08%,10.36%,3.72%
1982.07,109.40,6.82,13.97,97.50,1982.54,13.95,373.40,23.29,"  93,579.22 ",47.67,"  11,946.92 ",6.64,8.40,9.93%,1.06,7.77,14.31%,10.45%,3.85%
1982.08,109.70,6.84,13.76,97.70,1982.62,13.06,373.66,23.29,"  94,130.08 ",46.88,"  11,809.85 ",6.64,8.42,10.80%,1.05,8.23,14.31%,10.05%,4.26%
1982.09,122.40,6.85,13.56,97.90,1982.71,12.34,416.06,23.28,"  105,301.80 ",46.09,"  11,665.79 ",7.40,9.39,9.98%,1.10,8.64,13.05%,9.68%,3.36%
1982.1,132.70,6.86,13.25,98.20,1982.79,10.91,449.70,23.24,"  114,304.28 ",44.91,"  11,416.04 ",8.00,10.17,10.38%,1.03,9.44,11.95%,8.59%,3.36%
1982.11,138.10,6.86,12.95,98.00,1982.87,10.55,468.95,23.31,"  119,692.13 ",43.96,"  11,220.99 ",8.35,10.62,10.17%,1.01,9.76,11.73%,8.07%,3.66%
1982.12,139.40,6.87,12.64,97.60,1982.96,10.54,475.31,23.42,"  121,812.23 ",43.10,"  11,045.24 ",8.47,10.78,9.94%,1.01,9.89,11.90%,8.07%,3.83%
1983.01,144.30,6.88,12.57,97.80,1983.04,10.46,491.01,23.42,"  126,336.36 ",42.76,"  11,002.29 ",8.76,11.16,9.63%,0.99,10.00,11.45%,8.08%,3.37%
1983.02,146.80,6.90,12.49,97.90,1983.12,10.72,499.01,23.44,"  128,896.52 ",42.47,"  10,969.64 ",8.91,11.36,9.10%,1.02,9.92,11.38%,8.46%,2.92%
1983.03,151.90,6.91,12.42,97.90,1983.21,10.51,516.34,23.49,"  133,880.14 ",42.22,"  10,946.62 ",9.23,11.78,8.82%,1.02,10.14,11.15%,8.46%,2.69%
1983.04,157.70,6.92,12.48,98.60,1983.29,10.40,532.25,23.36,"  138,509.97 ",42.11,"  10,958.45 ",9.53,12.17,8.59%,1.01,10.22,10.60%,8.41%,2.19%
1983.05,164.10,6.93,12.53,99.20,1983.37,10.38,550.50,23.25,"  143,763.57 ",42.05,"  10,980.09 ",9.87,12.61,8.24%,0.98,10.26,10.25%,8.35%,1.90%
1983.06,166.40,6.94,12.59,99.50,1983.46,10.85,556.54,23.21,"  145,844.14 ",42.11,"  11,034.72 ",10.00,12.77,7.60%,0.98,10.03,10.17%,8.70%,1.47%
1983.07,167.00,6.96,12.83,99.90,1983.54,11.38,556.31,23.18,"  146,290.27 ",42.73,"  11,236.06 ",10.01,12.79,7.08%,0.98,9.76,10.14%,9.17%,0.98%
1983.08,162.40,6.98,13.06,100.20,1983.62,11.85,539.36,23.18,"  142,342.80 ",43.39,"  11,449.92 ",9.73,12.42,6.74%,1.02,9.56,10.61%,9.53%,1.08%
1983.09,167.20,7.00,13.30,100.70,1983.71,11.65,552.55,23.13,"  146,331.07 ",43.95,"  11,639.97 ",9.98,12.75,6.71%,1.02,9.72,10.43%,9.64%,0.79%
1983.1,167.70,7.03,13.54,101.00,1983.79,11.54,552.55,23.16,"  146,843.91 ",44.62,"  11,858.98 ",10.00,12.77,6.73%,1.00,9.85,10.48%,9.53%,0.96%
1983.11,165.20,7.06,13.79,101.20,1983.87,11.69,543.24,23.22,"  144,883.09 ",45.34,"  12,091.16 ",9.85,12.58,6.69%,1.00,9.84,10.62%,9.25%,1.37%
1983.12,164.40,7.09,14.03,101.30,1983.96,11.83,540.08,23.29,"  144,556.80 ",46.09,"  12,336.57 ",9.82,12.53,6.53%,1.02,9.84,10.75%,9.26%,1.49%
1984.01,166.40,7.12,14.44,101.90,1984.04,11.67,543.43,23.25,"  145,972.52 ",47.16,"  12,667.33 ",9.89,12.63,6.57%,1.00,9.97,10.80%,9.15%,1.64%
1984.02,157.30,7.15,14.85,102.40,1984.12,11.84,511.20,23.24,"  137,836.01 ",48.26,"  13,012.49 ",9.32,11.90,6.94%,0.98,9.92,11.39%,9.04%,2.35%
1984.03,157.40,7.18,15.26,102.60,1984.21,12.32,510.53,23.29,"  138,178.05 ",49.50,"  13,396.42 ",9.33,11.90,6.34%,0.99,9.73,11.16%,8.86%,2.30%
1984.04,157.60,7.22,15.57,103.10,1984.29,12.63,508.70,23.32,"  138,208.53 ",50.27,"  13,657.13 ",9.31,11.88,6.06%,0.97,9.61,10.77%,8.65%,2.12%
1984.05,156.60,7.27,15.89,103.40,1984.37,13.41,504.00,23.39,"  137,462.63 ",51.13,"  13,945.26 ",9.23,11.78,5.26%,1.00,9.28,10.94%,8.93%,2.00%
1984.06,153.10,7.31,16.20,103.70,1984.46,13.56,491.31,23.46,"  134,534.74 ",51.99,"  14,235.55 ",9.01,11.50,5.32%,1.02,9.28,11.26%,9.02%,2.24%
1984.07,151.10,7.33,16.32,104.10,1984.54,13.36,483.03,23.44,"  132,802.02 ",52.17,"  14,343.67 ",8.87,11.32,5.65%,1.05,9.45,11.32%,8.71%,2.61%
1984.08,164.40,7.36,16.44,104.50,1984.62,12.72,523.54,23.43,"  144,475.08 ",52.35,"  14,447.51 ",9.62,12.27,5.32%,1.02,9.85,10.68%,8.32%,2.36%
1984.09,166.10,7.38,16.56,105.00,1984.71,12.52,526.43,23.39,"  145,811.85 ",52.48,"  14,537.29 ",9.69,12.35,5.38%,1.03,10.02,10.64%,8.00%,2.63%
1984.1,164.80,7.43,16.59,105.30,1984.79,12.16,520.82,23.48,"  144,800.46 ",52.42,"  14,573.80 ",9.60,12.23,5.76%,1.04,10.31,10.66%,7.55%,3.10%
1984.11,166.30,7.48,16.61,105.30,1984.87,11.57,525.56,23.64,"  146,666.11 ",52.50,"  14,651.88 ",9.69,12.35,6.16%,1.01,10.77,10.46%,6.98%,3.48%
1984.12,164.50,7.53,16.64,105.30,1984.96,11.50,519.88,23.80,"  145,632.04 ",52.59,"  14,731.41 ",9.60,12.22,6.25%,1.02,10.92,10.42%,7.01%,3.41%
1985.01,171.60,7.57,16.56,105.50,1985.04,11.38,541.29,23.89,"  152,187.35 ",52.23,"  14,683.68 ",10.00,12.73,5.93%,1.00,11.08,10.16%,6.90%,3.26%
1985.02,180.90,7.62,16.47,106.00,1985.12,11.51,567.93,23.91,"  160,238.75 ",51.72,"  14,591.82 ",10.49,13.36,5.30%,0.99,11.04,9.96%,7.19%,2.77%
1985.03,179.40,7.66,16.39,106.40,1985.21,11.86,561.10,23.96,"  158,875.97 ",51.26,"  14,514.92 ",10.37,13.20,5.06%,1.04,10.88,10.30%,7.58%,2.72%
1985.04,180.60,7.69,16.13,106.90,1985.29,11.43,562.22,23.93,"  159,755.23 ",50.21,"  14,268.28 ",10.40,13.22,5.48%,1.04,11.22,10.55%,7.39%,3.16%
1985.05,184.90,7.71,15.87,107.30,1985.37,10.85,573.46,23.92,"  163,515.67 ",49.22,"  14,034.58 ",10.61,13.49,5.84%,1.05,11.67,10.63%,7.33%,3.31%
1985.06,188.90,7.74,15.61,107.60,1985.46,10.16,584.23,23.94,"  167,156.11 ",48.28,"  13,813.16 ",10.81,13.74,6.31%,1.00,12.25,10.72%,7.21%,3.51%
1985.07,192.50,7.77,15.48,107.80,1985.54,10.31,594.26,24.00,"  170,597.83 ",47.80,"  13,721.65 ",11.00,13.98,5.90%,1.01,12.21,10.88%,7.21%,3.67%
1985.08,188.30,7.81,15.36,108.00,1985.62,10.33,580.22,24.05,"  167,142.14 ",47.32,"  13,631.18 ",10.74,13.65,6.10%,1.01,12.28,11.13%,7.01%,4.12%
1985.09,184.10,7.84,15.23,108.30,1985.71,10.37,565.70,24.09,"  163,539.71 ",46.80,"  13,529.11 ",10.47,13.31,6.27%,1.02,12.32,11.76%,7.24%,4.52%
1985.1,186.20,7.86,15.02,108.70,1985.79,10.24,570.05,24.06,"  165,376.22 ",45.99,"  13,343.16 ",10.55,13.41,6.31%,1.04,12.48,11.70%,7.25%,4.45%
1985.11,197.50,7.88,14.82,109.00,1985.87,9.78,602.98,24.06,"  175,511.32 ",45.24,"  13,167.08 ",11.16,14.19,6.20%,1.04,12.92,11.30%,7.03%,4.28%
1985.12,207.30,7.90,14.61,109.30,1985.96,9.26,631.16,24.05,"  184,298.03 ",44.48,"  12,988.88 ",11.69,14.85,6.31%,1.01,13.42,11.14%,6.86%,4.28%
1986.01,208.20,7.94,14.58,109.60,1986.04,9.19,632.17,24.11,"  185,178.15 ",44.27,"  12,967.81 ",11.72,14.88,6.37%,1.04,13.55,11.04%,6.79%,4.25%
1986.02,219.40,7.98,14.55,109.30,1986.12,8.70,668.00,24.30,"  196,268.40 ",44.30,"  13,015.98 ",12.39,15.73,6.33%,1.07,14.13,10.99%,6.23%,4.76%
1986.03,232.30,8.02,14.52,108.80,1986.21,7.78,710.53,24.53,"  209,363.96 ",44.41,"  13,086.37 ",13.19,16.73,6.69%,1.04,15.20,10.20%,5.09%,5.11%
1986.04,238.00,8.05,14.58,108.60,1986.29,7.30,729.31,24.66,"  215,501.66 ",44.69,"  13,204.73 ",13.55,17.18,6.91%,0.98,15.84,9.86%,4.49%,5.37%
1986.05,238.50,8.07,14.65,108.90,1986.37,7.71,728.82,24.67,"  215,966.98 ",44.76,"  13,262.91 ",13.56,17.18,6.45%,1.00,15.44,10.07%,4.62%,5.46%
1986.06,245.30,8.10,14.71,109.50,1986.46,7.80,745.50,24.62,"  221,515.29 ",44.71,"  13,283.69 ",13.89,17.58,6.18%,1.04,15.36,9.93%,4.60%,5.33%
1986.07,240.20,8.14,14.76,109.50,1986.54,7.30,730.00,24.75,"  217,522.60 ",44.85,"  13,363.51 ",13.62,17.23,6.77%,1.02,16.00,9.72%,4.24%,5.48%
1986.08,245.00,8.19,14.80,109.70,1986.62,7.17,743.23,24.83,"  222,081.62 ",44.91,"  13,418.53 ",13.89,17.55,6.72%,0.99,16.22,9.80%,4.31%,5.49%
1986.09,238.30,8.23,14.85,110.20,1986.71,7.45,719.62,24.85,"  215,647.15 ",44.84,"  13,438.36 ",13.47,17.01,6.68%,1.01,15.93,10.31%,4.38%,5.93%
1986.1,237.40,8.25,14.73,110.30,1986.79,7.43,716.25,24.88,"  215,259.26 ",44.43,"  13,353.24 ",13.43,16.94,6.68%,1.02,16.03,10.74%,4.57%,6.18%
1986.11,245.10,8.26,14.60,110.40,1986.87,7.25,738.82,24.91,"  222,663.65 ",44.02,"  13,266.52 ",13.87,17.49,6.61%,1.02,16.32,10.89%,4.67%,6.23%
1986.12,248.60,8.28,14.48,110.50,1986.96,7.11,748.69,24.94,"  226,265.15 ",43.61,"  13,179.08 ",14.09,17.74,6.61%,1.01,16.57,10.85%,4.49%,6.36%
1987.01,264.50,8.30,14.69,111.20,1987.04,7.08,791.56,24.84,"  239,846.79 ",43.95,"  13,317.80 ",14.92,18.78,6.26%,0.99,16.59,10.52%,4.28%,6.24%
1987.02,280.90,8.32,14.89,111.60,1987.12,7.25,837.63,24.81,"  254,431.68 ",44.41,"  13,489.95 ",15.82,19.89,5.63%,1.01,16.43,10.31%,4.52%,5.78%
1987.03,292.50,8.34,15.10,112.10,1987.21,7.25,868.33,24.76,"  264,383.65 ",44.83,"  13,648.52 ",16.43,20.63,5.37%,0.95,16.46,9.79%,4.33%,5.46%
1987.04,289.30,8.40,14.87,112.70,1987.29,8.02,854.25,24.80,"  260,728.45 ",43.92,"  13,404.40 ",16.20,20.30,4.66%,0.97,15.61,9.55%,4.78%,4.77%
1987.05,289.10,8.46,14.65,113.10,1987.37,8.61,850.64,24.89,"  260,259.85 ",43.10,"  13,185.57 ",16.16,20.23,4.07%,1.02,15.05,10.54%,5.37%,5.18%
1987.06,301.40,8.52,14.42,113.50,1987.46,8.40,883.71,24.98,"  271,013.50 ",42.28,"  12,966.21 ",16.83,21.04,4.00%,1.00,15.31,10.66%,5.40%,5.26%
1987.07,310.10,8.57,14.90,113.80,1987.54,8.45,906.82,25.05,"  278,741.54 ",43.57,"  13,393.26 ",17.31,21.61,3.76%,0.99,15.33,10.95%,5.64%,5.31%
1987.08,329.40,8.61,15.38,114.40,1987.62,8.76,958.21,25.06,"  295,178.74 ",44.74,"  13,782.18 ",18.33,22.85,3.15%,0.96,15.04,10.33%,5.81%,4.53%
1987.09,318.70,8.66,15.86,115.00,1987.71,9.42,922.25,25.06,"  284,743.64 ",45.90,"  14,170.17 ",17.68,22.01,2.71%,1.00,14.44,10.84%,6.34%,4.49%
1987.1,280.20,8.71,16.41,115.30,1987.79,9.52,808.73,25.14,"  250,341.12 ",47.35,"  14,658.36 ",15.53,19.31,3.39%,1.05,14.42,12.43%,6.52%,5.90%
1987.11,245.00,8.76,16.95,115.40,1987.87,8.86,706.52,25.26,"  219,354.09 ",48.89,"  15,178.68 ",13.59,16.89,4.92%,1.00,15.15,13.80%,6.18%,7.62%
1987.12,241.00,8.81,17.50,115.40,1987.96,8.99,694.98,25.41,"  216,430.11 ",50.47,"  15,715.88 ",13.39,16.62,4.87%,1.03,15.13,14.26%,6.31%,7.95%
1988.01,250.50,8.86,17.86,115.70,1988.04,8.67,720.50,25.47,"  225,039.38 ",51.38,"  16,047.69 ",13.90,17.24,4.88%,1.04,15.53,13.82%,6.28%,7.54%
1988.02,258.10,8.90,18.23,116.00,1988.12,8.21,740.44,25.54,"  231,932.07 ",52.29,"  16,378.75 ",14.30,17.71,5.10%,1.00,16.08,14.17%,5.92%,8.25%
1988.03,265.70,8.95,18.59,116.50,1988.21,8.37,758.98,25.57,"  238,404.14 ",53.10,"  16,680.21 ",14.67,18.15,4.72%,0.98,15.95,14.42%,5.97%,8.45%
1988.04,262.60,9.04,19.62,117.10,1988.29,8.72,746.28,25.70,"  235,088.05 ",55.75,"  17,561.51 ",14.43,17.84,4.45%,0.98,15.61,14.95%,6.24%,8.71%
1988.05,256.10,9.14,20.64,117.50,1988.37,9.09,725.33,25.88,"  229,167.85 ",58.47,"  18,472.40 ",14.03,17.33,4.22%,1.02,15.30,15.19%,6.48%,8.72%
1988.06,270.70,9.23,21.67,118.00,1988.46,8.92,763.43,26.03,"  241,891.43 ",61.11,"  19,363.82 ",14.77,18.21,3.96%,1.00,15.52,14.57%,6.48%,8.09%
1988.07,269.10,9.31,22.02,118.50,1988.54,9.06,755.71,26.14,"  240,137.19 ",61.85,"  19,652.97 ",14.61,17.99,3.86%,0.99,15.43,15.14%,6.61%,8.53%
1988.08,263.70,9.38,22.38,119.00,1988.62,9.26,737.44,26.24,"  235,024.51 ",62.58,"  19,943.39 ",14.24,17.52,3.83%,1.03,15.28,14.55%,6.85%,7.70%
1988.09,268.00,9.46,22.73,119.80,1988.71,8.98,744.46,26.28,"  237,959.79 ",63.14,"  20,182.19 ",14.37,17.65,4.04%,1.02,15.57,13.82%,7.11%,6.70%
1988.1,277.40,9.55,23.07,120.20,1988.79,8.80,768.01,26.44,"  246,190.76 ",63.88,"  20,477.41 ",14.81,18.17,3.95%,1.00,15.82,13.55%,7.20%,6.35%
1988.11,271.00,9.64,23.42,120.30,1988.87,8.96,749.66,26.67,"  241,023.24 ",64.78,"  20,826.45 ",14.45,17.69,3.93%,1.00,15.76,14.98%,7.03%,7.95%
1988.12,276.50,9.75,23.75,120.50,1988.96,9.11,763.61,26.93,"  246,228.12 ",65.59,"  21,149.79 ",14.70,17.98,3.63%,1.01,15.69,15.20%,7.27%,7.94%
1989.01,285.40,9.81,24.16,121.10,1989.04,9.09,784.28,26.97,"  253,619.14 ",66.39,"  21,469.65 ",15.09,18.43,3.43%,1.00,15.76,15.40%,7.18%,8.22%
1989.02,294.00,9.90,24.56,121.60,1989.12,9.17,804.59,27.08,"  260,917.09 ",67.21,"  21,796.34 ",15.47,18.86,3.11%,1.00,15.73,15.05%,6.99%,8.06%
1989.03,292.70,10.01,24.96,122.30,1989.21,9.36,796.45,27.24,"  259,012.65 ",67.92,"  22,087.31 ",15.30,18.62,2.95%,1.02,15.57,15.44%,6.93%,8.51%
1989.04,302.30,10.09,25.05,123.10,1989.29,9.18,817.23,27.27,"  266,508.27 ",67.71,"  22,081.22 ",15.69,19.06,2.91%,1.03,15.77,15.50%,6.80%,8.70%
1989.05,313.90,10.19,25.13,123.80,1989.37,8.86,843.79,27.40,"  275,914.76 ",67.56,"  22,091.90 ",16.19,19.63,2.96%,1.05,16.13,15.09%,6.31%,8.78%
1989.06,323.70,10.37,25.22,124.10,1989.46,8.28,868.03,27.81,"  284,598.79 ",67.63,"  22,173.56 ",16.64,20.15,3.28%,1.02,16.84,14.67%,5.61%,9.05%
1989.07,331.90,10.42,24.71,124.40,1989.54,8.02,887.87,27.88,"  291,866.40 ",66.10,"  21,729.49 ",17.01,20.56,3.32%,1.00,17.21,14.85%,5.49%,9.36%
1989.08,346.60,10.55,24.20,124.60,1989.62,8.11,925.71,28.17,"  305,075.70 ",64.63,"  21,300.73 ",17.73,21.39,2.91%,1.00,17.19,13.88%,5.41%,8.47%
1989.09,347.30,10.73,23.69,125.00,1989.71,8.19,924.61,28.57,"  305,498.14 ",63.07,"  20,838.61 ",17.71,21.33,2.75%,1.02,17.16,13.74%,5.44%,8.29%
1989.1,347.40,10.80,23.43,125.60,1989.79,8.01,920.46,28.61,"  304,913.95 ",62.07,"  20,561.68 ",17.64,21.21,2.92%,1.02,17.40,13.59%,5.18%,8.41%
1989.11,340.20,10.92,23.16,125.90,1989.87,7.87,899.23,28.87,"  298,680.03 ",61.23,"  20,336.32 ",17.24,20.70,3.12%,1.01,17.65,14.61%,5.14%,9.46%
1989.12,348.60,11.06,22.87,126.10,1989.96,7.84,919.97,29.19,"  306,377.33 ",60.36,"  20,099.97 ",17.65,21.15,2.92%,0.98,17.77,14.63%,4.93%,9.70%
1990.01,339.97,11.14,22.49,127.40,1990.04,8.21,888.04,29.10,"  296,551.27 ",58.75,"  19,617.72 ",17.05,20.41,2.71%,0.99,17.26,14.96%,4.97%,9.99%
1990.02,330.45,11.23,22.08,128.00,1990.12,8.47,859.13,29.20,"  287,708.43 ",57.41,"  19,224.09 ",16.51,19.74,2.55%,1.00,17.00,14.95%,5.23%,9.72%
1990.03,338.46,11.32,21.67,128.70,1990.21,8.59,875.17,29.27,"  293,896.46 ",56.03,"  18,816.81 ",16.83,20.10,2.21%,0.99,16.89,15.05%,5.47%,9.59%
1990.04,338.18,11.44,21.53,128.90,1990.29,8.79,873.09,29.53,"  294,023.98 ",55.59,"  18,721.71 ",16.81,20.06,1.91%,1.01,16.76,15.21%,5.80%,9.40%
1990.05,350.25,11.55,21.40,129.20,1990.37,8.76,902.15,29.76,"  304,646.05 ",55.11,"  18,610.76 ",17.39,20.72,1.67%,1.03,16.88,14.45%,5.42%,9.04%
1990.06,360.39,11.66,21.26,129.90,1990.46,8.48,923.26,29.87,"  312,617.18 ",54.46,"  18,441.80 ",17.82,21.21,1.75%,1.01,17.23,14.46%,5.47%,8.99%
1990.07,360.03,11.73,21.42,130.40,1990.54,8.47,918.81,29.93,"  311,951.85 ",54.66,"  18,559.59 ",17.75,21.10,1.82%,0.99,17.29,14.55%,5.50%,9.05%
1990.08,330.75,11.78,21.58,131.60,1990.62,8.75,836.39,29.80,"  284,811.73 ",54.57,"  18,582.73 ",16.17,19.21,2.11%,1.00,16.94,15.71%,5.94%,9.77%
1990.09,315.41,11.83,21.74,132.70,1990.71,8.89,790.98,29.67,"  270,192.78 ",54.52,"  18,623.35 ",15.30,18.17,2.32%,1.02,16.77,16.13%,6.07%,10.06%
1990.1,307.12,11.93,21.61,133.50,1990.79,8.72,765.58,29.73,"  262,360.96 ",53.86,"  18,457.78 ",14.82,17.59,2.67%,1.03,16.98,15.83%,6.02%,9.81%
1990.11,315.29,12.01,21.47,133.80,1990.87,8.39,784.18,29.88,"  269,589.67 ",53.41,"  18,360.81 ",15.19,18.02,2.77%,1.03,17.44,15.42%,5.79%,9.63%
1990.12,328.75,12.09,21.34,133.80,1990.96,8.08,817.66,30.07,"  281,960.15 ",53.08,"  18,302.75 ",15.85,18.80,2.71%,1.01,17.93,14.52%,5.94%,8.58%
1991.01,325.49,12.11,21.18,134.60,1991.04,8.09,804.74,29.93,"  278,365.07 ",52.37,"  18,116.35 ",15.61,18.50,2.78%,1.02,17.93,14.65%,5.98%,8.67%
1991.02,362.26,12.11,21.03,134.80,1991.12,7.85,894.32,29.90,"  310,213.81 ",51.91,"  18,005.78 ",17.35,20.56,2.28%,0.99,18.32,13.12%,5.81%,7.32%
1991.03,372.28,12.11,20.94,135.00,1991.21,8.11,917.70,29.85,"  319,184.84 ",51.62,"  17,953.50 ",17.82,21.10,1.82%,1.01,18.09,11.71%,6.14%,5.57%
1991.04,379.68,12.13,20.36,135.20,1991.29,8.04,934.55,29.86,"  325,913.27 ",50.12,"  17,479.64 ",18.16,21.48,1.73%,1.00,18.27,11.48%,5.82%,5.66%
1991.05,377.99,12.14,19.86,135.60,1991.37,8.07,927.65,29.79,"  324,371.32 ",48.73,"  17,039.99 ",18.04,21.33,1.68%,0.99,18.30,12.23%,5.60%,6.63%
1991.06,378.29,12.15,19.41,136.00,1991.46,8.28,925.65,29.73,"  324,540.29 ",47.50,"  16,652.11 ",18.02,21.29,1.42%,1.01,18.11,11.93%,5.83%,6.10%
1991.07,380.23,12.19,18.84,136.20,1991.54,8.27,929.03,29.79,"  326,596.09 ",46.03,"  16,182.50 ",18.10,21.38,1.30%,1.03,18.22,11.59%,5.87%,5.72%
1991.08,389.40,12.24,18.33,136.60,1991.62,7.90,948.65,29.81,"  334,366.50 ",44.66,"  15,739.44 ",18.51,21.85,1.50%,1.02,18.75,11.10%,5.83%,5.26%
1991.09,387.20,12.28,17.82,137.20,1991.71,7.65,939.17,29.79,"  331,898.31 ",43.22,"  15,274.87 ",18.36,21.66,1.74%,1.01,19.12,9.81%,5.82%,3.99%
1991.1,386.88,12.25,17.20,137.40,1991.79,7.53,937.03,29.68,"  332,015.29 ",41.67,"  14,763.64 ",18.35,21.64,1.86%,1.01,19.37,10.19%,5.90%,4.30%
1991.11,385.92,12.23,16.59,137.80,1991.87,7.42,931.99,29.53,"  331,101.93 ",40.06,"  14,230.64 ",18.29,21.56,1.98%,1.03,19.59,10.79%,5.77%,5.01%
1991.12,388.51,12.20,15.97,137.90,1991.96,7.09,937.56,29.44,"  333,953.94 ",38.54,"  13,727.43 ",18.44,21.73,2.24%,1.01,20.15,10.90%,5.19%,5.71%
1992.01,416.08,12.24,16.05,138.10,1992.04,7.03,1002.64,29.50,"  358,009.99 ",38.67,"  13,807.15 ",19.77,23.29,1.92%,0.98,20.33,10.07%,5.16%,4.91%
1992.02,412.56,12.28,16.12,138.60,1992.12,7.34,990.57,29.48,"  354,577.99 ",38.71,"  13,857.30 ",19.58,23.06,1.66%,0.99,19.93,9.76%,5.47%,4.28%
1992.03,407.36,12.32,16.19,139.30,1992.21,7.54,973.17,29.43,"  349,227.41 ",38.68,"  13,879.60 ",19.28,22.70,1.60%,1.01,19.68,10.39%,5.29%,5.10%
1992.04,407.41,12.32,16.48,139.50,1992.29,7.48,971.90,29.39,"  349,648.43 ",39.32,"  14,146.34 ",19.30,22.71,1.63%,1.01,19.85,9.92%,5.24%,4.69%
1992.05,414.81,12.32,16.77,139.70,1992.37,7.39,988.13,29.35,"  356,369.46 ",39.94,"  14,404.52 ",19.66,23.13,1.54%,1.02,20.07,9.40%,5.21%,4.19%
1992.06,408.27,12.32,17.05,140.20,1992.46,7.26,969.09,29.24,"  350,378.83 ",40.47,"  14,632.37 ",19.32,22.72,1.67%,1.04,20.31,8.92%,5.31%,3.60%
1992.07,415.05,12.34,17.38,140.50,1992.54,6.84,983.07,29.24,"  356,317.76 ",41.17,"  14,920.62 ",19.62,23.07,1.98%,1.02,21.00,7.49%,5.22%,2.27%
1992.08,417.93,12.37,17.71,140.90,1992.62,6.59,987.09,29.21,"  358,653.87 ",41.83,"  15,198.14 ",19.72,23.18,2.21%,1.02,21.44,7.51%,5.34%,2.17%
1992.09,418.48,12.40,18.04,141.30,1992.71,6.42,985.59,29.20,"  358,993.49 ",42.49,"  15,475.63 ",19.71,23.16,2.39%,0.99,21.76,6.95%,5.53%,1.42%
1992.1,412.50,12.39,18.39,141.80,1992.79,6.59,968.08,29.07,"  353,498.16 ",43.16,"  15,759.59 ",19.37,22.76,2.31%,0.99,21.54,6.95%,5.60%,1.36%
1992.11,422.84,12.38,18.74,142.00,1992.87,6.87,990.95,29.02,"  362,731.91 ",43.92,"  16,076.05 ",19.83,23.30,1.95%,1.01,21.19,7.37%,5.71%,1.66%
1992.12,435.64,12.39,19.09,141.90,1992.96,6.77,1021.66,29.06,"  374,862.06 ",44.77,"  16,426.67 ",20.45,24.02,1.93%,1.02,21.48,6.93%,5.64%,1.29%
1993.01,435.23,12.41,19.34,142.60,1993.04,6.60,1015.69,28.97,"  373,556.61 ",45.13,"  16,599.46 ",20.32,23.87,2.16%,1.03,21.76,6.89%,5.48%,1.42%
1993.02,441.70,12.45,19.59,143.10,1993.12,6.26,1027.19,28.95,"  378,672.29 ",45.56,"  16,794.63 ",20.55,24.12,2.48%,1.03,22.35,5.96%,5.28%,0.68%
1993.03,450.16,12.48,19.84,143.60,1993.21,5.98,1043.22,28.92,"  385,469.85 ",45.98,"  16,988.90 ",20.86,24.48,2.72%,1.01,22.85,5.85%,5.09%,0.75%
1993.04,443.08,12.49,19.67,144.00,1993.29,5.97,1023.96,28.87,"  379,242.39 ",45.46,"  16,836.01 ",20.46,24.01,2.78%,1.00,22.92,6.59%,4.99%,1.60%
1993.05,445.25,12.51,19.50,144.20,1993.37,6.04,1027.55,28.86,"  381,462.00 ",45.00,"  16,706.36 ",20.52,24.07,2.65%,1.01,22.88,7.10%,5.39%,1.70%
1993.06,448.06,12.52,19.33,144.40,1993.46,5.96,1032.60,28.85,"  384,230.38 ",44.55,"  16,576.29 ",20.61,24.18,2.69%,1.02,23.10,7.60%,5.52%,2.08%
1993.07,447.29,12.52,19.69,144.40,1993.54,5.81,1030.82,28.85,"  384,464.77 ",45.38,"  16,924.39 ",20.56,24.12,2.81%,1.01,23.48,7.65%,4.80%,2.85%
1993.08,454.13,12.52,20.05,144.80,1993.62,5.68,1043.70,28.77,"  390,160.06 ",46.08,"  17,225.70 ",20.81,24.41,2.88%,1.03,23.75,7.43%,4.27%,3.16%
1993.09,459.24,12.52,20.41,145.10,1993.71,5.36,1053.26,28.71,"  394,629.01 ",46.81,"  17,538.49 ",20.99,24.61,3.12%,1.01,24.40,7.61%,4.14%,3.47%
1993.1,463.90,12.54,20.90,145.70,1993.79,5.33,1059.56,28.64,"  397,886.08 ",47.74,"  17,925.89 ",21.11,24.74,3.14%,0.97,24.46,7.75%,4.15%,3.60%
1993.11,462.89,12.56,21.39,145.80,1993.87,5.72,1056.53,28.67,"  397,644.61 ",48.82,"  18,375.03 ",21.04,24.65,2.75%,1.00,23.84,7.92%,4.48%,3.44%
1993.12,465.95,12.58,21.89,145.80,1993.96,5.77,1063.52,28.71,"  401,173.86 ",49.96,"  18,846.86 ",21.16,24.78,2.66%,1.01,23.86,8.16%,4.54%,3.62%
1994.01,472.99,12.62,22.16,146.20,1994.04,5.75,1076.63,28.73,"  407,024.20 ",50.43,"  19,066.60 ",21.41,25.06,2.60%,0.99,23.94,8.47%,4.59%,3.88%
1994.02,471.58,12.67,22.43,146.70,1994.12,5.97,1069.76,28.73,"  405,332.97 ",50.89,"  19,281.90 ",21.26,24.88,2.39%,0.97,23.58,8.57%,4.79%,3.79%
1994.03,463.81,12.71,22.71,147.20,1994.21,6.48,1048.56,28.73,"  398,207.65 ",51.34,"  19,497.85 ",20.83,24.36,2.00%,0.97,22.75,8.53%,5.35%,3.18%
1994.04,447.23,12.75,23.54,147.40,1994.29,6.97,1009.71,28.79,"  384,362.98 ",53.15,"  20,230.99 ",20.06,23.44,1.66%,0.99,22.04,8.98%,5.23%,3.75%
1994.05,450.90,12.80,24.37,147.50,1994.37,7.18,1017.30,28.87,"  388,170.23 ",54.98,"  20,979.62 ",20.20,23.59,1.39%,1.01,21.83,8.53%,5.00%,3.53%
1994.06,454.83,12.84,25.20,148.00,1994.46,7.10,1022.70,28.87,"  391,148.70 ",56.66,"  21,671.72 ",20.29,23.69,1.45%,0.99,22.01,8.72%,4.91%,3.80%
1994.07,451.40,12.87,25.91,148.40,1994.54,7.30,1012.26,28.86,"  388,072.43 ",58.10,"  22,275.05 ",20.07,23.42,1.29%,1.01,21.77,8.57%,5.28%,3.30%
1994.08,464.24,12.90,26.62,149.00,1994.62,7.24,1036.86,28.81,"  398,424.40 ",59.45,"  22,846.07 ",20.54,23.95,1.24%,0.99,21.91,8.13%,5.43%,2.70%
1994.09,466.96,12.92,27.33,149.40,1994.71,7.46,1040.14,28.78,"  400,607.35 ",60.88,"  23,446.55 ",20.58,23.98,0.99%,0.99,21.64,8.35%,5.70%,2.65%
1994.1,463.81,13.01,28.42,149.50,1994.79,7.74,1032.43,28.97,"  398,568.52 ",63.26,"  24,422.32 ",20.40,23.75,0.73%,0.99,21.34,8.36%,5.85%,2.50%
1994.11,461.01,13.10,29.51,149.70,1994.87,7.96,1024.83,29.11,"  396,569.72 ",65.60,"  25,385.07 ",20.21,23.51,0.57%,1.02,21.13,8.91%,5.91%,3.00%
1994.12,455.19,13.17,30.60,149.70,1994.96,7.81,1011.89,29.28,"  392,507.34 ",68.02,"  26,386.18 ",19.91,23.15,0.79%,1.01,21.49,9.36%,5.78%,3.58%
1995.01,465.25,13.18,31.25,150.30,1995.04,7.78,1030.12,29.18,"  400,523.79 ",69.19,"  26,902.46 ",20.22,23.49,0.77%,1.03,21.59,8.97%,5.75%,3.21%
1995.02,481.92,13.18,31.90,150.90,1995.12,7.47,1062.79,29.07,"  414,166.81 ",70.35,"  27,415.17 ",20.80,24.14,0.93%,1.03,22.11,8.72%,5.52%,3.20%
1995.03,493.15,13.17,32.55,151.40,1995.21,7.20,1083.97,28.95,"  423,358.40 ",71.55,"  27,943.46 ",21.15,24.53,1.12%,1.02,22.59,8.37%,4.97%,3.40%
1995.04,507.91,13.24,33.18,151.90,1995.29,7.06,1112.73,29.01,"  435,538.59 ",72.68,"  28,449.40 ",21.64,25.07,1.14%,1.04,22.88,7.73%,4.94%,2.79%
1995.05,523.81,13.31,33.80,152.20,1995.37,6.63,1145.31,29.09,"  449,236.67 ",73.91,"  28,990.82 ",22.20,25.68,1.43%,1.04,23.68,7.55%,4.79%,2.76%
1995.06,539.35,13.36,34.43,152.50,1995.46,6.17,1176.96,29.15,"  462,607.28 ",75.13,"  29,531.04 ",22.72,26.26,1.78%,1.00,24.57,7.46%,4.56%,2.90%
1995.07,557.37,13.44,34.68,152.50,1995.54,6.28,1216.29,29.33,"  479,023.90 ",75.68,"  29,805.24 ",23.38,26.99,1.53%,0.99,24.50,7.23%,4.42%,2.81%
1995.08,559.11,13.51,34.93,152.90,1995.62,6.49,1216.89,29.40,"  480,227.29 ",76.02,"  30,001.86 ",23.28,26.86,1.34%,1.03,24.19,7.18%,4.47%,2.71%
1995.09,578.77,13.58,35.18,153.20,1995.71,6.20,1257.22,29.50,"  497,110.17 ",76.42,"  30,216.38 ",23.95,27.59,1.51%,1.02,24.79,6.71%,4.17%,2.54%
1995.1,582.92,13.65,34.77,153.70,1995.79,6.04,1262.11,29.55,"  500,019.73 ",75.29,"  29,828.00 ",23.93,27.54,1.66%,1.01,25.13,6.34%,3.83%,2.51%
1995.11,595.53,13.72,34.37,153.60,1995.87,5.93,1290.25,29.73,"  512,150.34 ",74.46,"  29,555.05 ",24.35,28.00,1.67%,1.02,25.48,6.59%,3.74%,2.85%
1995.12,614.57,13.79,33.96,153.50,1995.96,5.71,1332.37,29.90,"  529,857.80 ",73.62,"  29,278.96 ",25.03,28.75,1.74%,1.01,26.04,6.50%,3.65%,2.84%
1996.01,614.42,13.89,33.99,154.40,1996.04,5.65,1324.28,29.94,"  527,633.05 ",73.25,"  29,186.07 ",24.76,28.42,1.87%,0.99,26.13,6.62%,3.62%,3.00%
1996.02,649.54,14.00,34.01,154.90,1996.12,5.81,1395.46,30.07,"  556,990.25 ",73.07,"  29,166.91 ",25.98,29.78,1.59%,0.97,25.86,6.02%,3.62%,2.40%
1996.03,647.07,14.10,34.04,155.70,1996.21,6.27,1383.01,30.14,"  553,023.61 ",72.76,"  29,092.56 ",25.63,29.36,1.28%,0.99,24.98,6.19%,3.84%,2.35%
1996.04,647.17,14.16,34.33,156.30,1996.29,6.51,1377.91,30.14,"  551,990.21 ",73.09,"  29,281.06 ",25.42,29.10,1.13%,0.99,24.58,6.21%,3.74%,2.46%
1996.05,661.23,14.21,34.62,156.60,1996.37,6.74,1405.15,30.20,"  563,910.28 ",73.57,"  29,524.63 ",25.81,29.52,0.83%,0.99,24.25,5.84%,3.77%,2.07%
1996.06,668.50,14.27,34.91,156.70,1996.46,6.91,1419.69,30.31,"  570,759.96 ",74.14,"  29,805.88 ",25.97,29.67,0.59%,1.01,24.08,5.40%,3.87%,1.53%
1996.07,644.07,14.40,35.27,157.00,1996.54,6.87,1365.20,30.52,"  549,873.64 ",74.77,"  30,114.52 ",24.86,28.38,0.82%,1.02,24.24,5.84%,3.83%,2.01%
1996.08,662.68,14.53,35.64,157.30,1996.62,6.64,1401.97,30.74,"  565,714.66 ",75.39,"  30,422.23 ",25.41,28.99,0.96%,0.99,24.74,5.76%,3.81%,1.95%
1996.09,674.88,14.66,36.00,157.80,1996.71,6.83,1423.25,30.92,"  575,343.62 ",75.92,"  30,690.45 ",25.68,29.27,0.72%,1.03,24.46,5.90%,4.15%,1.75%
1996.1,701.46,14.74,36.91,158.30,1996.79,6.53,1474.63,30.99,"  597,158.43 ",77.59,"  31,421.77 ",26.48,30.16,0.92%,1.03,25.05,5.94%,3.99%,1.95%
1996.11,735.67,14.82,37.82,158.60,1996.87,6.20,1543.63,31.10,"  626,146.41 ",79.36,"  32,189.51 ",27.59,31.38,1.11%,1.00,25.75,5.66%,3.87%,1.79%
1996.12,743.25,14.90,38.73,158.60,1996.96,6.30,1559.53,31.26,"  633,654.74 ",81.27,"  33,019.10 ",27.72,31.51,0.99%,0.98,25.69,5.75%,3.95%,1.80%
1997.01,766.22,14.95,39.23,159.10,1997.04,6.58,1602.68,31.28,"  652,243.83 ",82.06,"  33,397.30 ",28.33,32.17,0.60%,1.02,25.23,5.48%,3.98%,1.50%
1997.02,798.39,15.01,39.74,159.60,1997.12,6.42,1664.73,31.29,"  678,560.54 ",82.86,"  33,772.66 ",29.27,33.19,0.64%,0.99,25.58,5.18%,3.86%,1.32%
1997.03,792.16,15.06,40.24,160.00,1997.21,6.69,1647.61,31.32,"  672,646.41 ",83.70,"  34,168.97 ",28.80,32.64,0.40%,0.99,25.15,4.91%,4.11%,0.80%
1997.04,763.93,15.09,40.34,160.20,1997.29,6.89,1586.91,31.35,"  648,932.33 ",83.81,"  34,270.25 ",27.59,31.23,0.31%,1.02,24.90,5.65%,4.08%,1.57%
1997.05,833.09,15.13,40.45,160.10,1997.37,6.71,1731.66,31.44,"  709,194.87 ",84.07,"  34,431.56 ",29.93,33.84,0.17%,1.02,25.39,5.00%,3.81%,1.19%
1997.06,876.29,15.16,40.55,160.30,1997.46,6.49,1819.18,31.47,"  746,113.67 ",84.18,"  34,526.14 ",31.26,35.31,0.22%,1.03,25.90,4.49%,3.34%,1.15%
1997.07,925.29,15.22,40.58,160.50,1997.54,6.22,1918.52,31.55,"  787,931.14 ",84.14,"  34,555.92 ",32.77,36.97,0.33%,1.00,26.53,3.98%,3.22%,0.76%
1997.08,927.24,15.27,40.61,160.80,1997.62,6.30,1918.97,31.61,"  789,200.35 ",84.04,"  34,564.33 ",32.59,36.73,0.23%,1.01,26.46,3.54%,3.57%,-0.03%
1997.09,937.02,15.33,40.64,161.20,1997.71,6.21,1934.40,31.65,"  796,630.04 ",83.90,"  34,551.07 ",32.67,36.78,0.29%,1.02,26.71,3.73%,3.61%,0.12%
1997.1,951.16,15.39,40.33,161.60,1997.79,6.03,1958.73,31.69,"  807,737.30 ",83.06,"  34,251.56 ",32.90,37.00,0.44%,1.02,27.14,3.87%,3.45%,0.41%
1997.11,938.92,15.44,40.03,161.50,1997.87,5.88,1934.72,31.82,"  798,930.21 ",82.48,"  34,058.85 ",32.34,36.32,0.63%,1.01,27.59,3.41%,3.57%,-0.16%
1997.12,962.37,15.50,39.72,161.30,1997.96,5.81,1985.50,31.98,"  820,999.70 ",81.95,"  33,885.21 ",33.03,37.06,0.62%,1.03,27.91,3.26%,3.54%,-0.28%
1998.01,963.36,15.55,39.66,161.60,1998.04,5.54,1983.85,32.02,"  821,421.99 ",81.67,"  33,816.64 ",32.86,36.83,0.90%,1.00,28.57,2.50%,3.58%,-1.08%
1998.02,1023.74,15.60,39.60,161.90,1998.12,5.57,2104.29,32.07,"  872,394.74 ",81.40,"  33,745.71 ",34.71,38.86,0.70%,1.00,28.58,1.69%,3.58%,-1.89%
1998.03,1076.83,15.64,39.54,162.20,1998.21,5.65,2209.32,32.09,"  917,047.51 ",81.12,"  33,672.96 ",36.30,40.58,0.47%,1.01,28.49,0.83%,3.75%,-2.92%
1998.04,1112.20,15.75,39.35,162.50,1998.29,5.64,2277.68,32.25,"  946,536.29 ",80.58,"  33,488.76 ",37.28,41.63,0.37%,1.00,28.59,0.87%,3.54%,-2.67%
1998.05,1108.42,15.85,39.16,162.80,1998.37,5.65,2265.75,32.40,"  942,703.05 ",80.05,"  33,305.29 ",36.96,41.22,0.37%,1.02,28.65,1.08%,3.29%,-2.21%
1998.06,1108.39,15.95,38.97,163.00,1998.46,5.50,2262.91,32.56,"  942,649.93 ",79.56,"  33,142.73 ",36.80,40.99,0.50%,1.01,29.08,0.54%,2.88%,-2.34%
1998.07,1156.58,16.02,38.68,163.20,1998.54,5.46,2358.40,32.66,"  983,562.29 ",78.87,"  32,890.89 ",38.26,42.56,0.41%,1.01,29.26,-0.56%,2.87%,-3.43%
1998.08,1074.62,16.08,38.38,163.40,1998.62,5.34,2188.59,32.76,"  913,882.86 ",78.17,"  32,642.09 ",35.42,39.36,0.70%,1.05,29.63,0.42%,2.92%,-2.50%
1998.09,1020.64,16.14,38.09,163.60,1998.71,4.81,2076.12,32.83,"  868,058.28 ",77.48,"  32,395.69 ",33.53,37.21,1.34%,1.03,30.96,0.46%,2.69%,-2.23%
1998.1,1032.47,16.17,37.96,164.00,1998.79,4.53,2095.06,32.80,"  877,121.02 ",77.03,"  32,251.21 ",33.77,37.44,1.59%,0.98,31.70,-1.79%,2.48%,-4.27%
1998.11,1144.43,16.18,37.84,164.00,1998.87,4.83,2322.24,32.84,"  973,380.82 ",76.78,"  32,181.54 ",37.37,41.38,0.99%,1.02,31.07,-3.49%,3.15%,-6.64%
1998.12,1190.05,16.20,37.71,163.90,1998.96,4.65,2416.29,32.89,"  1,013,948.84 ",76.57,"  32,129.75 ",38.82,42.93,1.05%,1.00,31.66,-3.82%,4.06%,-7.88%
1999.01,1248.77,16.28,37.93,164.30,1999.04,4.72,2529.34,32.98,"  1,062,542.57 ",76.83,"  32,276.39 ",40.58,44.81,0.84%,0.98,31.53,-4.41%,3.99%,-8.40%
1999.02,1246.58,16.37,38.16,164.50,1999.12,5.00,2521.84,33.11,"  1,060,548.66 ",77.19,"  32,462.42 ",40.40,44.56,0.54%,0.99,30.92,-5.10%,3.84%,-8.94%
1999.03,1281.66,16.45,38.38,165.00,1999.21,5.23,2584.95,33.18,"  1,088,252.06 ",77.41,"  32,588.29 ",41.36,45.55,0.23%,1.01,30.41,-5.92%,4.06%,-9.98%
1999.04,1334.76,16.45,39.26,166.20,1999.29,5.18,2672.60,32.94,"  1,126,311.66 ",78.61,"  33,128.80 ",42.70,46.97,0.21%,0.98,30.44,-5.18%,3.95%,-9.12%
1999.05,1332.07,16.45,40.14,166.20,1999.37,5.54,2667.22,32.94,"  1,125,198.50 ",80.37,"  33,906.23 ",42.56,46.75,-0.20%,0.98,29.74,-4.58%,3.87%,-8.45%
1999.06,1322.55,16.45,41.02,166.20,1999.46,5.90,2648.16,32.94,"  1,118,314.91 ",82.13,"  34,685.48 ",42.18,46.27,-0.57%,1.01,29.07,-4.33%,3.66%,-8.00%
1999.07,1380.99,16.51,42.00,166.70,1999.54,5.79,2756.88,32.97,"  1,165,387.92 ",83.84,"  35,442.90 ",43.83,48.01,-0.54%,0.99,29.37,-4.59%,3.75%,-8.34%
1999.08,1327.49,16.58,42.98,167.10,1999.62,5.94,2643.73,33.01,"  1,118,721.74 ",85.60,"  36,220.73 ",41.93,45.87,-0.58%,1.01,29.11,-3.47%,3.82%,-7.29%
1999.09,1318.17,16.64,43.96,167.90,1999.71,5.92,2612.66,32.98,"  1,106,737.49 ",87.13,"  36,908.88 ",41.32,45.15,-0.51%,0.99,29.16,-3.03%,3.99%,-7.02%
1999.1,1300.01,16.66,45.36,168.20,1999.79,6.11,2572.07,32.96,"  1,090,706.89 ",89.75,"  38,059.78 ",40.55,44.26,-0.68%,1.01,28.84,-2.66%,4.13%,-6.80%
1999.11,1391.00,16.67,46.77,168.30,1999.87,6.03,2750.46,32.97,"  1,167,519.01 ",92.47,"  39,253.04 ",43.21,47.09,-0.77%,0.99,29.14,-3.13%,4.04%,-7.17%
1999.12,1428.68,16.69,48.17,168.30,1999.96,6.28,2824.97,33.00,"  1,200,312.64 ",95.25,"  40,470.27 ",44.20,48.11,-1.09%,0.98,28.75,-3.17%,4.06%,-7.23%
2000.01,1425.59,16.71,49.10,168.80,2000.04,6.66,2810.51,32.95,"  1,195,335.50 ",96.79,"  41,166.81 ",43.77,47.59,-1.52%,1.02,28.03,-3.03%,4.20%,-7.23%
2000.02,1388.87,16.74,50.02,169.80,2000.12,6.52,2721.99,32.80,"  1,158,850.57 ",98.04,"  41,738.66 ",42.19,45.81,-1.28%,1.02,28.30,-3.02%,4.16%,-7.18%
2000.03,1442.21,16.76,50.95,171.20,2000.21,6.26,2803.41,32.58,"  1,194,671.89 ",99.04,"  42,205.04 ",43.22,46.88,-1.05%,1.03,28.76,-2.79%,3.95%,-6.75%
2000.04,1461.36,16.74,51.27,171.30,2000.29,5.99,2838.98,32.52,"  1,210,983.24 ",99.61,"  42,488.60 ",43.53,47.16,-0.81%,0.97,29.47,-2.55%,3.61%,-6.16%
2000.05,1418.48,16.72,51.60,171.50,2000.37,6.44,2752.46,32.44,"  1,175,232.40 ",100.12,"  42,748.63 ",41.97,45.41,-1.18%,1.03,28.62,-2.86%,4.31%,-7.17%
2000.06,1461.96,16.70,51.92,172.40,2000.46,6.10,2822.02,32.24,"  1,206,079.98 ",100.22,"  42,832.69 ",42.78,46.25,-0.89%,1.01,29.34,-3.45%,4.28%,-7.73%
2000.07,1473.00,16.58,52.51,172.80,2000.54,6.05,2836.75,31.94,"  1,213,512.20 ",101.13,"  43,262.44 ",42.76,46.17,-0.86%,1.02,29.53,-3.53%,4.41%,-7.93%
2000.08,1485.46,16.47,53.11,172.80,2000.62,5.83,2860.75,31.71,"  1,224,907.70 ",102.27,"  43,791.66 ",42.87,46.24,-0.74%,1.01,30.16,-3.55%,4.47%,-8.02%
2000.09,1468.05,16.35,53.70,173.70,2000.71,5.80,2812.57,31.32,"  1,205,396.85 ",102.88,"  44,092.37 ",41.90,45.15,-0.68%,1.01,30.22,-3.08%,4.52%,-7.59%
2000.1,1390.14,16.32,52.47,174.00,2000.79,5.74,2658.71,31.22,"  1,140,572.96 ",100.35,"  43,047.51 ",39.37,42.38,-0.52%,1.01,30.45,-2.11%,4.55%,-6.66%
2000.11,1378.04,16.30,51.23,174.10,2000.87,5.72,2634.06,31.15,"  1,131,109.42 ",97.93,"  42,052.85 ",38.78,41.71,-0.47%,1.04,30.63,-1.80%,4.30%,-6.10%
2000.12,1330.93,16.27,50.00,174.00,2000.96,5.24,2545.47,31.12,"  1,094,182.41 ",95.63,"  41,105.93 ",37.27,40.06,0.10%,1.01,31.93,-1.13%,3.40%,-4.53%
2001.01,1335.63,16.17,48.48,175.10,2001.04,5.16,2538.41,30.73,"  1,092,249.15 ",92.14,"  39,645.89 ",36.98,39.71,0.21%,1.01,32.06,-0.82%,3.25%,-4.07%
2001.02,1305.75,16.07,46.96,175.80,2001.12,5.10,2471.74,30.42,"  1,064,652.90 ",88.89,"  38,289.18 ",35.83,38.46,0.38%,1.02,32.22,-0.30%,3.02%,-3.32%
2001.03,1185.85,15.97,45.44,176.20,2001.21,4.89,2239.68,30.16,"  965,779.20 ",85.82,"  37,007.22 ",32.33,34.68,0.90%,0.98,32.81,0.46%,2.90%,-2.44%
2001.04,1189.84,15.88,42.56,176.90,2001.29,5.14,2238.33,29.87,"  966,267.51 ",80.06,"  34,560.21 ",32.17,34.50,0.69%,0.99,32.18,0.61%,3.02%,-2.41%
2001.05,1270.37,15.78,39.67,177.70,2001.37,5.39,2379.06,29.56,"  1,028,084.62 ",74.30,"  32,106.82 ",34.07,36.52,0.29%,1.01,31.56,0.01%,3.46%,-3.45%
2001.06,1238.71,15.69,36.79,178.00,2001.46,5.28,2315.86,29.33,"  1,001,829.63 ",68.78,"  29,754.59 ",33.07,35.43,0.47%,1.01,31.92,-0.09%,3.53%,-3.62%
2001.07,1204.45,15.71,33.96,177.50,2001.54,5.24,2258.15,29.45,"  977,926.79 ",63.68,"  27,575.78 ",32.16,34.45,0.55%,1.03,32.24,0.45%,3.44%,-2.99%
2001.08,1178.50,15.72,31.14,177.50,2001.62,4.97,2209.50,29.48,"  957,921.11 ",58.38,"  25,308.84 ",31.40,33.63,0.87%,1.02,33.07,-0.47%,3.80%,-4.27%
2001.09,1044.64,15.74,28.31,178.30,2001.71,4.73,1949.74,29.38,"  846,367.13 ",52.84,"  22,936.76 ",27.67,29.63,1.54%,1.02,33.68,0.67%,3.91%,-3.23%
2001.1,1076.59,15.74,27.10,177.70,2001.79,4.57,2016.16,29.48,"  876,264.45 ",50.76,"  22,060.10 ",28.58,30.61,1.53%,1.00,34.36,0.64%,3.58%,-2.94%
2001.11,1129.68,15.74,25.90,177.40,2001.87,4.65,2119.16,29.53,"  922,100.10 ",48.58,"  21,138.13 ",30.01,32.14,1.24%,0.97,34.33,0.32%,3.74%,-3.43%
2001.12,1144.93,15.74,24.69,176.70,2001.96,5.09,2156.28,29.64,"  939,325.01 ",46.50,"  20,256.20 ",30.50,32.68,0.70%,1.01,33.42,0.31%,4.09%,-3.78%
2002.01,1140.21,15.74,24.69,177.10,2002.04,5.04,2142.54,29.57,"  934,413.26 ",46.40,"  20,236.43 ",30.28,32.45,0.78%,1.01,33.61,0.79%,4.01%,-3.23%
2002.02,1100.67,15.73,24.70,177.80,2002.12,4.91,2060.10,29.45,"  899,528.86 ",46.22,"  20,183.49 ",29.09,31.18,1.05%,0.98,33.96,1.54%,3.88%,-2.34%
2002.03,1153.79,15.73,24.70,178.80,2002.21,5.28,2147.44,29.28,"  938,733.06 ",45.97,"  20,096.12 ",30.29,32.48,0.55%,1.01,32.95,1.32%,3.95%,-2.62%
2002.04,1111.93,15.83,25.38,179.80,2002.29,5.21,2058.02,29.31,"  900,711.39 ",46.97,"  20,558.90 ",29.01,31.10,0.81%,1.01,33.09,1.71%,4.00%,-2.29%
2002.05,1079.25,15.94,26.06,179.80,2002.37,5.16,1997.54,29.50,"  875,314.96 ",48.23,"  21,135.70 ",28.13,30.17,0.95%,1.02,33.36,1.69%,4.18%,-2.49%
2002.06,1014.02,16.04,26.74,179.90,2002.46,4.93,1875.76,29.67,"  823,037.16 ",49.46,"  21,703.73 ",26.39,28.32,1.38%,1.03,34.08,2.22%,4.16%,-1.94%
2002.07,903.59,15.96,27.84,180.10,2002.54,4.65,1669.63,29.49,"  733,669.66 ",51.44,"  22,604.68 ",23.46,25.19,2.13%,1.04,34.94,3.71%,4.01%,-0.30%
2002.08,912.55,15.88,28.94,180.70,2002.62,4.26,1680.59,29.25,"  739,555.40 ",53.30,"  23,453.76 ",23.59,25.34,2.50%,1.04,36.06,3.92%,3.50%,0.42%
2002.09,867.81,15.80,30.04,181.00,2002.71,3.87,1595.54,29.05,"  703,196.49 ",55.23,"  24,341.76 ",22.37,24.03,3.11%,1.00,37.28,4.71%,3.09%,1.62%
2002.1,854.63,15.89,29.22,181.30,2002.79,3.94,1568.71,29.17,"  692,441.88 ",53.64,"  23,677.45 ",21.96,23.61,3.10%,0.99,37.12,4.85%,3.12%,1.73%
2002.11,909.93,15.98,28.41,181.30,2002.87,4.05,1670.22,29.33,"  738,326.22 ",52.14,"  23,049.45 ",23.35,25.11,2.71%,1.01,36.91,3.93%,3.34%,0.59%
2002.12,899.18,16.07,27.59,180.90,2002.96,4.03,1654.13,29.56,"  732,305.85 ",50.75,"  22,469.72 ",23.10,24.86,2.76%,1.00,37.18,4.27%,3.24%,1.03%
2003.01,895.84,16.12,28.50,181.70,2003.04,4.05,1640.73,29.52,"  727,462.66 ",52.20,"  23,143.29 ",22.90,24.65,2.77%,1.02,37.08,4.74%,3.07%,1.67%
2003.02,837.03,16.17,29.41,183.10,2003.12,3.90,1521.30,29.39,"  675,595.04 ",53.45,"  23,737.80 ",21.21,22.85,3.31%,1.01,37.37,5.68%,2.86%,2.82%
2003.03,846.63,16.22,30.32,184.20,2003.21,3.81,1529.56,29.30,"  680,347.21 ",54.78,"  24,364.99 ",21.31,22.97,3.40%,0.99,37.55,5.86%,2.82%,3.04%
2003.04,890.03,16.20,31.73,183.80,2003.29,3.96,1611.47,29.34,"  717,867.18 ",57.45,"  25,592.31 ",22.43,24.19,2.97%,1.04,37.29,5.46%,3.10%,2.35%
2003.05,935.96,16.19,33.14,183.50,2003.37,3.57,1697.40,29.36,"  757,236.65 ",60.10,"  26,811.85 ",23.59,25.45,3.11%,1.02,38.69,5.35%,2.56%,2.79%
2003.06,988.00,16.17,34.55,183.70,2003.46,3.33,1789.82,29.29,"  799,558.25 ",62.59,"  27,960.26 ",24.83,26.80,3.13%,0.95,39.54,4.63%,1.99%,2.64%
2003.07,992.54,16.31,35.89,183.90,2003.54,3.98,1796.09,29.51,"  803,457.52 ",64.95,"  29,055.52 ",24.87,26.84,2.49%,0.97,37.51,4.92%,2.29%,2.62%
2003.08,989.53,16.45,37.24,184.60,2003.62,4.45,1783.86,29.65,"  799,088.95 ",67.13,"  30,070.24 ",24.64,26.61,2.07%,1.02,36.08,4.99%,2.56%,2.43%
2003.09,1019.44,16.59,38.58,185.20,2003.71,4.27,1831.82,29.81,"  821,688.31 ",69.32,"  31,096.22 ",25.24,27.26,2.16%,1.00,36.62,4.81%,2.35%,2.45%
2003.1,1038.73,16.86,41.97,185.00,2003.79,4.29,1868.50,30.32,"  839,275.00 ",75.49,"  33,908.31 ",25.68,27.74,2.02%,1.00,36.73,4.83%,2.54%,2.29%
2003.11,1049.90,17.12,45.35,184.50,2003.87,4.30,1893.71,30.89,"  851,755.14 ",81.80,"  36,793.92 ",25.95,28.03,1.94%,1.01,36.93,5.10%,2.44%,2.66%
2003.12,1080.64,17.39,48.74,184.30,2003.96,4.27,1951.27,31.40,"  878,821.99 ",88.01,"  39,637.42 ",26.64,28.78,1.86%,1.01,37.20,4.93%,2.23%,2.69%
2004.01,1132.52,17.60,49.83,185.20,2004.04,4.15,2035.01,31.63,"  917,724.18 ",89.53,"  40,376.45 ",27.66,29.88,1.86%,1.01,37.51,4.53%,2.17%,2.37%
2004.02,1143.36,17.81,50.91,186.20,2004.12,4.08,2043.46,31.83,"  922,728.59 ",90.99,"  41,088.71 ",27.65,29.87,1.95%,1.02,37.65,4.43%,2.25%,2.18%
2004.03,1123.98,18.02,52.00,187.40,2004.21,3.83,1995.96,32.00,"  902,483.97 ",92.34,"  41,752.67 ",26.89,29.04,2.33%,0.96,38.30,4.87%,2.02%,2.85%
2004.04,1133.36,18.21,53.38,188.00,2004.29,4.35,2006.19,32.24,"  908,325.99 ",94.50,"  42,783.82 ",26.90,29.06,1.83%,0.97,36.71,4.79%,2.45%,2.34%
2004.05,1102.78,18.41,54.77,189.10,2004.37,4.72,1940.71,32.39,"  879,898.78 ",96.38,"  43,697.86 ",25.90,27.98,1.66%,1.00,35.56,5.25%,2.90%,2.35%
2004.06,1132.76,18.60,56.15,189.70,2004.46,4.73,1987.16,32.63,"  902,193.71 ",98.50,"  44,721.01 ",26.40,28.52,1.57%,1.02,35.56,5.30%,2.87%,2.43%
2004.07,1105.85,18.79,56.69,189.40,2004.54,4.50,1943.03,33.01,"  883,405.02 ",99.61,"  45,286.64 ",25.70,27.76,1.86%,1.02,36.41,5.68%,2.71%,2.97%
2004.08,1088.94,18.97,57.23,189.50,2004.62,4.28,1912.31,33.32,"  870,699.87 ",100.50,"  45,760.24 ",25.17,27.19,2.13%,1.02,37.17,5.81%,2.64%,3.17%
2004.09,1117.66,19.16,57.77,189.90,2004.71,4.13,1958.61,33.58,"  893,055.54 ",101.24,"  46,160.57 ",25.67,27.73,2.19%,1.01,37.68,5.72%,2.41%,3.30%
2004.1,1117.21,19.25,58.03,190.90,2004.79,4.10,1947.56,33.56,"  889,295.02 ",101.16,"  46,191.67 ",25.41,27.45,2.31%,1.00,37.70,5.50%,2.66%,2.84%
2004.11,1168.94,19.35,58.29,191.00,2004.87,4.19,2036.67,33.71,"  931,267.40 ",101.56,"  46,438.29 ",26.47,28.58,2.05%,1.00,37.54,5.66%,2.76%,2.90%
2004.12,1199.21,19.44,58.55,190.30,2004.96,4.23,2097.10,34.00,"  960,192.46 ",102.39,"  46,880.25 ",27.14,29.31,1.88%,1.00,37.68,5.46%,2.90%,2.56%
2005.01,1181.41,19.70,59.11,190.70,2005.04,4.22,2061.64,34.38,"  945,268.00 ",103.15,"  47,292.34 ",26.59,28.71,1.95%,1.01,37.77,5.56%,3.25%,2.31%
2005.02,1199.63,19.97,59.66,191.80,2005.12,4.17,2081.43,34.64,"  955,664.98 ",103.52,"  47,529.79 ",26.74,28.87,2.00%,0.98,37.83,5.70%,3.11%,2.59%
2005.03,1194.90,20.23,60.22,193.30,2005.21,4.50,2057.13,34.83,"  945,842.80 ",103.67,"  47,668.13 ",26.34,28.43,1.77%,1.02,36.68,5.75%,3.33%,2.42%
2005.04,1164.43,20.46,61.23,194.60,2005.29,4.34,1991.28,34.99,"  916,907.13 ",104.71,"  48,216.96 ",25.41,27.43,2.10%,1.02,37.04,6.15%,3.32%,2.83%
2005.05,1178.28,20.70,62.25,194.40,2005.37,4.14,2017.04,35.43,"  930,127.08 ",106.56,"  49,137.14 ",25.65,27.69,2.24%,1.01,37.82,6.05%,2.83%,3.22%
2005.06,1202.25,20.93,63.26,194.50,2005.46,4.00,2057.02,35.81,"  949,937.03 ",108.24,"  49,983.79 ",26.07,28.14,2.30%,0.99,38.36,5.74%,2.52%,3.22%
2005.07,1222.24,21.11,64.33,195.40,2005.54,4.18,2081.59,35.95,"  962,667.26 ",109.56,"  50,667.94 ",26.29,28.37,2.13%,1.00,37.75,5.59%,2.74%,2.85%
2005.08,1224.27,21.29,65.40,196.40,2005.62,4.26,2074.43,36.07,"  960,746.70 ",110.82,"  51,322.69 ",26.10,28.17,2.11%,1.01,37.45,5.37%,2.99%,2.38%
2005.09,1225.92,21.47,66.47,198.80,2005.71,4.20,2052.15,35.94,"  951,814.45 ",111.27,"  51,607.86 ",25.73,27.76,2.33%,0.98,37.31,5.00%,3.06%,1.93%
2005.1,1191.96,21.72,67.59,199.20,2005.79,4.46,1991.29,36.29,"  924,991.77 ",112.92,"  52,451.59 ",24.88,26.84,2.19%,1.00,36.59,5.75%,3.38%,2.37%
2005.11,1237.37,21.97,68.71,197.60,2005.87,4.54,2083.89,37.00,"  969,438.54 ",115.72,"  53,832.02 ",25.93,27.98,1.87%,1.01,36.79,5.58%,3.19%,2.39%
2005.12,1262.07,22.22,69.83,196.80,2005.96,4.47,2134.13,37.57,"  994,266.26 ",118.08,"  55,012.49 ",26.44,28.53,1.83%,1.01,37.28,5.23%,3.12%,2.11%
2006.01,1278.73,22.41,70.78,198.30,2006.04,4.42,2145.94,37.60,"  1,001,230.78 ",118.78,"  55,417.31 ",26.47,28.55,1.89%,0.99,37.29,4.45%,3.26%,1.18%
2006.02,1276.65,22.59,71.72,198.70,2006.12,4.57,2138.14,37.84,"  999,061.11 ",120.12,"  56,128.14 ",26.25,28.31,1.76%,0.99,36.91,4.40%,3.67%,0.74%
2006.03,1293.74,22.78,72.67,199.80,2006.21,4.72,2154.83,37.94,"  1,008,338.56 ",121.04,"  56,638.86 ",26.33,28.40,1.60%,0.98,36.41,4.91%,3.67%,1.23%
2006.04,1302.17,23.00,73.28,201.50,2006.29,4.99,2150.58,37.99,"  1,007,827.62 ",121.02,"  56,713.22 ",26.15,28.20,1.41%,0.99,35.48,5.16%,3.98%,1.17%
2006.05,1290.01,23.22,73.88,202.50,2006.37,5.11,2119.97,38.16,"  994,976.04 ",121.42,"  56,985.72 ",25.65,27.66,1.39%,1.00,35.12,5.22%,4.06%,1.15%
2006.06,1253.17,23.44,74.49,202.90,2006.46,5.11,2055.37,38.44,"  966,159.72 ",122.17,"  57,429.75 ",24.75,26.69,1.55%,1.01,35.20,5.60%,4.18%,1.42%
2006.07,1260.24,23.66,75.85,203.50,2006.54,5.09,2060.87,38.69,"  970,261.42 ",124.04,"  58,397.07 ",24.70,26.63,1.59%,1.02,35.30,5.92%,4.32%,1.60%
2006.08,1287.15,23.88,77.21,203.90,2006.62,4.88,2100.75,38.97,"  990,564.53 ",126.01,"  59,419.25 ",25.05,27.02,1.74%,1.02,35.96,5.82%,4.07%,1.75%
2006.09,1317.74,24.10,78.57,202.90,2006.71,4.72,2161.28,39.53,"  1,020,657.22 ",128.87,"  60,856.50 ",25.64,27.66,1.73%,1.00,36.75,5.43%,3.77%,1.66%
2006.1,1363.38,24.36,79.55,201.80,2006.79,4.73,2248.32,40.17,"  1,063,344.89 ",131.18,"  62,043.66 ",26.54,28.62,1.50%,1.01,37.06,4.93%,3.56%,1.38%
2006.11,1388.64,24.62,80.53,201.50,2006.87,4.60,2293.39,40.66,"  1,086,261.02 ",133.00,"  62,994.44 ",26.93,29.03,1.54%,1.01,37.65,4.85%,3.07%,1.78%
2006.12,1416.42,24.88,81.51,201.80,2006.96,4.56,2335.79,41.03,"  1,107,964.15 ",134.42,"  63,759.45 ",27.28,29.41,1.54%,0.99,37.86,5.04%,2.71%,2.34%
2007.01,1424.16,25.08,82.06,202.42,2007.04,4.76,2341.40,41.24,"  1,112,258.48 ",134.91,"  64,085.65 ",27.21,29.33,1.35%,1.01,37.29,5.09%,2.88%,2.22%
2007.02,1444.80,25.29,82.60,203.50,2007.12,4.72,2362.70,41.35,"  1,124,010.03 ",135.08,"  64,262.86 ",27.32,29.44,1.40%,1.02,37.35,5.22%,2.86%,2.36%
2007.03,1406.95,25.49,83.15,205.35,2007.21,4.56,2280.04,41.31,"  1,086,324.68 ",134.75,"  64,201.21 ",26.23,28.26,1.78%,0.99,37.63,5.75%,2.74%,3.01%
2007.04,1463.64,25.72,83.74,206.69,2007.29,4.69,2356.60,41.41,"  1,124,445.88 ",134.83,"  64,333.51 ",26.98,29.07,1.60%,1.00,37.15,5.34%,3.03%,2.31%
2007.05,1511.14,25.94,84.33,207.95,2007.37,4.75,2418.30,41.52,"  1,155,537.65 ",134.95,"  64,485.42 ",27.55,29.68,1.53%,0.98,36.89,5.22%,3.11%,2.11%
2007.06,1514.19,26.17,84.92,208.35,2007.46,5.10,2418.49,41.80,"  1,157,294.75 ",135.64,"  64,904.32 ",27.42,29.53,1.20%,1.01,35.97,5.38%,3.48%,1.90%
2007.07,1520.71,26.44,82.81,208.30,2007.54,5.00,2429.53,42.24,"  1,164,258.15 ",132.30,"  63,402.03 ",27.41,29.52,1.29%,1.03,36.41,5.43%,3.26%,2.17%
2007.08,1454.62,26.71,80.71,207.92,2007.62,4.67,2328.21,42.75,"  1,117,412.87 ",129.18,"  61,997.41 ",26.15,28.16,1.76%,1.02,37.58,5.86%,3.02%,2.83%
2007.09,1497.12,26.98,78.60,208.49,2007.71,4.52,2389.65,43.06,"  1,148,622.23 ",125.46,"  60,303.59 ",26.73,28.78,1.83%,1.00,38.07,5.68%,2.86%,2.82%
2007.1,1539.66,27.23,74.46,208.94,2007.79,4.53,2452.30,43.37,"  1,180,475.51 ",118.60,"  57,089.36 ",27.32,29.42,1.73%,1.03,38.10,5.69%,2.73%,2.95%
2007.11,1463.39,27.48,70.32,210.18,2007.87,4.15,2317.06,43.51,"  1,117,118.91 ",111.34,"  53,680.70 ",25.73,27.71,2.41%,1.01,39.19,6.44%,2.48%,3.96%
2007.12,1479.22,27.73,66.18,210.04,2007.96,4.10,2343.70,43.94,"  1,131,726.45 ",104.86,"  50,633.21 ",25.96,27.96,2.43%,1.03,39.51,6.61%,2.37%,4.24%
2008.01,1378.76,27.92,64.25,211.08,2008.04,3.74,2173.72,44.02,"  1,051,420.12 ",101.30,"  48,996.01 ",24.02,25.89,3.13%,1.00,40.62,7.85%,1.89%,5.96%
2008.02,1354.87,28.11,62.32,211.69,2008.12,3.74,2129.87,44.19,"  1,031,991.32 ",97.97,"  47,468.54 ",23.50,25.33,3.23%,1.02,40.63,7.69%,1.62%,6.07%
2008.03,1316.94,28.30,60.39,213.53,2008.21,3.51,2052.45,44.11,"  996,260.93 ",94.12,"  45,684.84 ",22.61,24.38,3.70%,0.99,41.18,8.05%,1.50%,6.55%
2008.04,1370.47,28.44,57.38,214.82,2008.29,3.68,2123.01,44.05,"  1,032,288.29 ",88.89,"  43,223.23 ",23.36,25.20,3.43%,0.99,40.48,7.44%,1.63%,5.81%
2008.05,1403.22,28.57,54.38,216.63,2008.37,3.88,2155.59,43.89,"  1,049,909.17 ",83.53,"  40,685.40 ",23.70,25.58,3.24%,0.99,39.60,7.42%,1.74%,5.68%
2008.06,1341.25,28.71,51.37,218.82,2008.46,4.10,2039.84,43.66,"  995,302.77 ",78.13,"  38,120.19 ",22.42,24.22,3.35%,1.01,38.63,8.21%,2.06%,6.14%
2008.07,1257.33,28.76,49.56,219.96,2008.54,4.01,1902.22,43.51,"  929,923.42 ",74.98,"  36,657.13 ",20.91,22.60,3.80%,1.01,38.84,9.12%,2.05%,7.07%
2008.08,1281.47,28.80,47.76,219.09,2008.62,3.89,1946.51,43.75,"  953,358.05 ",72.54,"  35,528.89 ",21.40,23.16,3.76%,1.02,39.51,9.10%,1.89%,7.21%
2008.09,1216.95,28.85,45.95,218.78,2008.71,3.69,1851.06,43.88,"  908,402.90 ",69.89,"  34,299.78 ",20.36,22.05,4.17%,0.99,40.35,9.80%,1.60%,8.21%
2008.1,968.80,28.70,35.59,216.57,2008.79,3.81,1488.65,44.10,"  732,351.98 ",54.69,"  26,906.33 ",16.39,17.77,5.11%,1.03,40.49,11.73%,1.44%,10.29%
2008.11,883.04,28.54,25.24,212.43,2008.87,3.53,1383.37,44.72,"  682,390.64 ",39.54,"  19,502.25 ",15.26,16.58,5.64%,1.10,42.37,12.33%,1.07%,11.26%
2008.12,877.56,28.39,14.88,210.23,2008.96,2.42,1389.15,44.94,"  687,090.31 ",23.55,"  11,650.38 ",15.38,16.73,6.60%,0.99,47.13,11.65%,0.30%,11.35%
2009.01,865.58,28.01,12.21,211.14,2009.04,2.52,1364.25,44.15,"  676,593.45 ",19.24,"  9,541.52 ",15.17,16.55,6.61%,0.97,46.61,11.99%,0.52%,11.47%
2009.02,805.23,27.64,9.53,212.19,2009.12,2.87,1262.85,43.34,"  628,096.71 ",14.95,"  7,436.20 ",14.12,15.43,6.79%,1.01,45.08,13.42%,0.86%,12.55%
2009.03,757.13,27.26,6.86,212.71,2009.21,2.82,1184.53,42.65,"  590,912.68 ",10.73,"  5,353.98 ",13.32,14.59,7.26%,0.99,45.27,14.27%,0.88%,13.39%
2009.04,848.15,26.70,7.08,213.24,2009.29,2.93,1323.63,41.67,"  662,034.57 ",11.04,"  5,523.78 ",14.98,16.44,6.27%,0.97,44.83,13.33%,0.98%,12.35%
2009.05,902.41,26.15,7.29,213.86,2009.37,3.29,1404.25,40.69,"  704,054.84 ",11.35,"  5,690.21 ",16.00,17.59,5.51%,0.97,43.45,12.44%,1.42%,11.02%
2009.06,926.12,25.59,7.51,215.69,2009.46,3.72,1428.87,39.48,"  718,049.04 ",11.59,"  5,822.73 ",16.38,18.04,5.02%,1.02,41.67,12.37%,2.17%,10.21%
2009.07,935.82,25.03,9.19,215.35,2009.54,3.56,1446.13,38.67,"  728,341.58 ",14.20,"  7,149.91 ",16.69,18.41,5.02%,1.00,42.42,12.62%,2.38%,10.24%
2009.08,1009.73,24.46,10.86,215.83,2009.62,3.59,1556.85,37.72,"  785,689.63 ",16.75,"  8,452.96 ",18.09,19.98,4.53%,1.02,42.35,11.41%,2.41%,9.00%
2009.09,1044.55,23.90,12.54,215.97,2009.71,3.40,1609.53,36.83,"  813,824.44 ",19.32,"  9,770.10 ",18.83,20.82,4.46%,1.00,43.12,11.35%,2.17%,9.19%
2009.1,1067.66,23.40,25.35,216.18,2009.79,3.39,1643.56,36.03,"  832,547.44 ",39.02,"  19,767.60 ",19.36,21.42,4.32%,1.00,43.24,11.07%,2.12%,8.95%
2009.11,1088.07,22.91,38.16,216.33,2009.87,3.40,1673.80,35.24,"  849,350.29 ",58.70,"  29,787.80 ",19.81,21.94,4.19%,0.99,43.29,11.34%,2.03%,9.31%
2009.12,1110.38,22.41,50.97,215.95,2009.96,3.59,1711.13,34.53,"  869,755.12 ",78.55,"  39,924.55 ",20.32,22.51,3.85%,0.99,42.81,11.36%,2.13%,9.23%
2010.01,1123.58,22.24,54.29,216.69,2010.04,3.73,1725.57,34.16,"  878,543.92 ",83.38,"  42,450.16 ",20.53,22.74,3.67%,1.01,42.29,11.57%,2.32%,9.25%
2010.02,1089.16,22.07,57.61,216.74,2010.12,3.69,1672.30,33.89,"  852,855.95 ",88.45,"  45,110.94 ",19.92,22.07,3.80%,1.00,42.55,11.88%,2.49%,9.40%
2010.03,1152.05,21.90,60.93,217.63,2010.21,3.73,1761.62,33.49,"  899,835.41 ",93.17,"  47,590.79 ",21.00,23.27,3.46%,0.99,42.37,9.00%,3.16%,5.84%
2010.04,1197.32,21.95,62.99,218.01,2010.29,3.85,1827.67,33.50,"  934,999.10 ",96.15,"  49,186.91 ",21.80,24.15,3.18%,1.04,42.01,9.12%,3.53%,5.58%
2010.05,1125.06,21.99,65.04,218.18,2010.37,3.42,1716.04,33.55,"  879,320.14 ",99.21,"  50,836.32 ",20.48,22.68,3.90%,1.02,43.63,10.42%,3.14%,7.28%
2010.06,1083.36,22.04,67.10,217.97,2010.46,3.20,1654.05,33.65,"  848,992.75 ",102.45,"  52,584.01 ",19.74,21.86,4.24%,1.02,44.61,11.45%,2.80%,8.65%
2010.07,1079.80,22.14,68.69,218.01,2010.54,3.01,1648.27,33.80,"  847,470.13 ",104.85,"  53,908.04 ",19.67,21.77,4.43%,1.03,45.45,11.79%,2.67%,9.12%
2010.08,1087.28,22.25,70.27,218.31,2010.62,2.70,1657.40,33.91,"  853,617.18 ",107.12,"  55,171.18 ",19.77,21.88,4.72%,1.01,46.72,12.32%,2.33%,9.99%
2010.09,1122.08,22.35,71.86,218.44,2010.71,2.65,1709.45,34.05,"  881,887.66 ",109.48,"  56,477.66 ",20.38,22.55,4.57%,1.01,47.00,11.86%,2.23%,9.63%
2010.1,1171.58,22.48,73.69,218.71,2010.79,2.54,1782.64,34.20,"  921,116.83 ",112.12,"  57,936.38 ",21.24,23.49,4.48%,0.98,47.50,11.56%,2.02%,9.55%
2010.11,1198.89,22.60,75.52,218.80,2010.87,2.76,1823.43,34.38,"  943,672.41 ",114.86,"  59,443.44 ",21.70,23.99,4.16%,0.96,46.67,11.73%,2.13%,9.60%
2010.12,1241.53,22.73,77.35,219.18,2010.96,3.29,1885.04,34.51,"  977,047.23 ",117.44,"  60,872.15 ",22.40,24.75,3.51%,0.99,44.61,11.80%,2.53%,9.27%
2011.01,1282.62,22.96,78.67,220.22,2011.04,3.39,1938.20,34.70,"  1,006,097.52 ",118.88,"  61,709.39 ",22.98,25.38,3.28%,0.99,44.15,11.74%,2.46%,9.28%
2011.02,1321.12,23.20,79.99,221.31,2011.12,3.58,1986.58,34.88,"  1,032,720.81 ",120.28,"  62,528.26 ",23.49,25.93,3.01%,1.02,43.36,11.66%,2.42%,9.23%
2011.03,1304.49,23.43,81.31,223.47,2011.21,3.41,1942.63,34.89,"  1,011,385.30 ",121.09,"  63,040.53 ",22.90,25.27,3.36%,1.00,43.69,11.90%,1.95%,9.95%
2011.04,1331.51,23.73,82.16,224.91,2011.29,3.46,1970.18,35.12,"  1,027,252.68 ",121.57,"  63,388.56 ",23.14,25.53,3.29%,1.03,43.35,12.29%,1.94%,10.36%
2011.05,1338.31,24.04,83.02,225.96,2011.37,3.17,1970.97,35.40,"  1,029,202.62 ",122.26,"  63,842.44 ",23.06,25.42,3.60%,1.02,44.33,12.27%,1.66%,10.61%
2011.06,1287.29,24.34,83.87,225.72,2011.46,3.00,1897.86,35.88,"  992,589.52 ",123.65,"  64,669.56 ",22.10,24.36,3.93%,1.00,45.14,12.77%,1.49%,11.29%
2011.07,1325.19,24.62,84.91,225.92,2011.54,3.00,1952.01,36.27,"  1,022,489.04 ",125.07,"  65,512.22 ",22.61,24.92,3.86%,1.06,45.22,12.72%,1.62%,11.10%
2011.08,1185.31,24.90,85.94,226.55,2011.62,2.30,1741.16,36.58,"  913,642.12 ",126.25,"  66,245.50 ",20.05,22.09,5.16%,1.03,48.00,14.22%,1.04%,13.18%
2011.09,1173.88,25.18,86.98,226.89,2011.71,1.98,1721.76,36.93,"  905,074.91 ",127.58,"  67,062.57 ",19.70,21.71,5.54%,0.99,49.40,14.29%,0.65%,13.64%
2011.1,1207.22,25.60,86.97,226.42,2011.79,2.15,1774.32,37.62,"  934,352.31 ",127.82,"  67,312.19 ",20.16,22.21,5.26%,1.01,48.83,13.88%,0.50%,13.38%
2011.11,1226.42,26.01,86.96,226.23,2011.87,2.01,1804.06,38.27,"  951,693.15 ",127.92,"  67,480.34 ",20.35,22.42,5.37%,1.00,49.58,14.15%,0.33%,13.82%
2011.12,1243.32,26.43,86.95,225.67,2011.96,1.98,1833.44,38.97,"  968,906.37 ",128.22,"  67,759.23 ",20.52,22.62,5.37%,1.00,49.92,13.94%,0.33%,13.61%
2012.01,1300.58,26.74,87.48,226.67,2012.04,1.97,1909.48,39.25,"  1,010,817.01 ",128.44,"  67,989.88 ",21.21,23.39,5.24%,1.00,49.82,13.13%,0.01%,13.12%
2012.02,1352.49,27.04,88.01,227.66,2012.12,1.97,1976.99,39.53,"  1,048,297.60 ",128.65,"  68,215.42 ",21.80,24.03,5.12%,0.98,49.69,12.28%,-0.19%,12.48%
2012.03,1389.24,27.35,88.54,229.39,2012.21,2.17,2015.40,39.68,"  1,070,419.24 ",128.45,"  68,220.70 ",22.05,24.32,4.89%,1.01,48.52,11.80%,-0.25%,12.05%
2012.04,1386.43,27.67,88.33,230.09,2012.29,2.05,2005.27,40.03,"  1,066,808.13 ",127.76,"  67,969.33 ",21.78,24.02,5.04%,1.02,48.98,11.79%,-0.93%,12.72%
2012.05,1341.27,28.00,88.13,229.82,2012.37,1.80,1942.23,40.54,"  1,035,068.97 ",127.61,"  68,008.07 ",20.94,23.10,5.46%,1.02,50.23,11.09%,-1.40%,12.49%
2012.06,1323.48,28.32,87.92,229.48,2012.46,1.62,1919.28,41.07,"  1,024,664.08 ",127.50,"  68,069.38 ",20.55,22.67,5.71%,1.01,51.21,10.67%,-1.90%,12.57%
2012.07,1359.78,28.74,87.45,229.10,2012.54,1.53,1975.14,41.75,"  1,056,344.33 ",127.02,"  67,932.89 ",21.00,23.17,5.67%,0.99,51.79,10.39%,-1.78%,12.17%
2012.08,1403.45,29.17,86.97,230.38,2012.62,1.68,2027.29,42.13,"  1,086,113.13 ",125.63,"  67,307.62 ",21.41,23.63,5.45%,1.00,50.86,10.77%,-1.58%,12.35%
2012.09,1443.42,29.59,86.50,231.41,2012.71,1.72,2075.77,42.55,"  1,113,982.89 ",124.39,"  66,757.78 ",21.78,24.04,5.36%,1.00,50.52,9.64%,-2.03%,11.67%
2012.1,1437.82,30.14,86.50,231.32,2012.79,1.75,2068.52,43.37,"  1,112,032.13 ",124.45,"  66,903.01 ",21.58,23.82,5.35%,1.01,50.47,9.27%,-2.41%,11.68%
2012.11,1394.51,30.70,86.51,230.22,2012.87,1.65,2015.76,44.37,"  1,085,657.89 ",125.05,"  67,347.42 ",20.90,23.07,5.55%,0.99,51.25,10.11%,-2.44%,12.55%
2012.12,1422.29,31.25,86.51,229.60,2012.96,1.72,2061.47,45.29,"  1,112,308.17 ",125.39,"  67,655.53 ",21.24,23.46,5.40%,0.98,51.13,9.88%,-2.14%,12.02%
2013.01,1480.40,31.54,86.91,230.28,2013.04,1.91,2139.37,45.57,"  1,156,388.84 ",125.59,"  67,885.64 ",21.90,24.19,5.05%,1.00,50.18,9.51%,-1.93%,11.45%
2013.02,1512.31,31.82,87.30,232.17,2013.12,1.98,2167.73,45.62,"  1,173,773.07 ",125.14,"  67,760.12 ",22.05,24.37,4.96%,1.00,49.54,9.63%,-2.01%,11.64%
2013.03,1550.83,32.11,87.70,232.77,2013.21,1.96,2217.14,45.91,"  1,202,602.83 ",125.38,"  68,007.63 ",22.42,24.78,4.87%,1.02,49.58,9.04%,-1.95%,10.99%
2013.04,1570.70,32.50,88.78,232.53,2013.29,1.76,2247.89,46.51,"  1,221,380.95 ",127.06,"  69,038.18 ",22.60,24.98,5.05%,0.99,50.62,9.24%,-2.01%,11.25%
2013.05,1639.84,32.88,89.87,232.95,2013.37,1.93,2342.67,46.98,"  1,275,005.24 ",128.38,"  69,872.96 ",23.41,25.88,4.76%,0.97,49.83,8.83%,-1.94%,10.77%
2013.06,1618.77,33.27,90.95,233.50,2013.46,2.30,2307.03,47.42,"  1,257,760.34 ",129.62,"  70,666.80 ",22.93,25.35,4.49%,0.98,48.16,9.47%,-1.76%,11.22%
2013.07,1668.68,33.65,92.09,233.60,2013.54,2.58,2377.22,47.93,"  1,298,206.76 ",131.19,"  71,644.57 ",23.49,25.98,4.10%,0.99,47.05,9.52%,-1.64%,11.15%
2013.08,1670.09,34.02,93.23,233.88,2013.62,2.74,2376.37,48.41,"  1,299,945.78 ",132.66,"  72,567.31 ",23.36,25.83,3.94%,1.00,46.44,9.35%,-1.74%,11.08%
2013.09,1687.17,34.40,94.37,234.15,2013.71,2.81,2397.89,48.89,"  1,313,943.51 ",134.12,"  73,493.99 ",23.44,25.92,3.83%,1.02,46.22,9.10%,-1.85%,10.94%
2013.1,1720.03,34.60,96.31,233.55,2013.79,2.62,2450.90,49.30,"  1,345,244.07 ",137.24,"  75,327.14 ",23.83,26.36,3.93%,0.99,47.21,8.51%,-2.34%,10.85%
2013.11,1783.54,34.79,98.26,233.07,2013.87,2.72,2546.60,49.68,"  1,400,042.71 ",140.29,"  77,129.49 ",24.64,27.25,3.70%,0.99,47.00,8.59%,-2.01%,10.60%
2013.12,1807.78,34.99,100.20,233.05,2013.96,2.90,2581.43,49.96,"  1,421,481.47 ",143.08,"  78,788.59 ",24.86,27.48,3.50%,1.01,46.38,8.98%,-1.46%,10.44%
2014.01,1822.36,35.40,100.42,233.92,2014.04,2.86,2592.61,50.37,"  1,429,946.01 ",142.86,"  78,793.66 ",24.86,27.47,3.53%,1.02,46.48,9.17%,-1.53%,10.70%
2014.02,1817.04,35.82,100.63,234.78,2014.12,2.71,2575.51,50.77,"  1,422,852.01 ",142.64,"  78,801.98 ",24.59,27.17,3.70%,1.00,47.02,9.61%,-1.79%,11.40%
2014.03,1863.52,36.23,100.85,236.29,2014.21,2.72,2624.49,51.02,"  1,452,260.23 ",142.03,"  78,593.44 ",24.96,27.57,3.63%,1.00,46.79,9.67%,-1.77%,11.44%
2014.04,1864.26,36.61,101.61,237.07,2014.29,2.71,2616.91,51.40,"  1,450,432.96 ",142.63,"  79,052.09 ",24.79,27.37,3.67%,1.02,46.78,9.53%,-2.03%,11.56%
2014.05,1889.77,37.00,102.36,237.90,2014.37,2.56,2643.49,51.75,"  1,467,553.36 ",143.19,"  79,493.09 ",24.94,27.54,3.77%,1.00,47.34,9.65%,-2.08%,11.73%
2014.06,1947.09,37.38,103.12,238.34,2014.46,2.60,2718.60,52.19,"  1,511,670.91 ",143.98,"  80,059.73 ",25.56,28.21,3.62%,1.01,47.18,9.71%,-1.88%,11.59%
2014.07,1973.10,37.75,104.07,238.25,2014.54,2.54,2756.00,52.73,"  1,534,905.67 ",145.36,"  80,955.10 ",25.82,28.49,3.65%,1.01,47.55,9.78%,-1.89%,11.67%
2014.08,1961.53,38.12,105.01,237.85,2014.62,2.42,2744.42,53.33,"  1,530,933.81 ",146.93,"  81,960.75 ",25.62,28.26,3.78%,0.99,48.24,9.70%,-1.70%,11.40%
2014.09,1993.23,38.49,105.96,238.03,2014.71,2.53,2786.68,53.81,"  1,557,006.64 ",148.14,"  82,770.39 ",25.92,28.58,3.61%,1.02,47.83,9.79%,-1.48%,11.27%
2014.1,1937.27,38.81,104.74,237.43,2014.79,2.30,2715.26,54.39,"  1,519,637.52 ",146.81,"  82,162.99 ",25.16,27.74,3.88%,1.00,49.03,10.38%,-2.01%,12.40%
2014.11,2044.57,39.12,103.53,236.15,2014.87,2.33,2881.21,55.13,"  1,615,083.97 ",145.89,"  81,779.67 ",26.61,29.32,3.57%,1.01,49.26,9.99%,-2.23%,12.22%
2014.12,2054.27,39.44,102.31,234.81,2014.96,2.21,2911.39,55.90,"  1,634,611.04 ",145.00,"  81,409.48 ",26.79,29.52,3.65%,1.03,50.17,10.01%,-2.40%,12.41%
2015.01,2028.18,39.90,101.29,233.71,2015.04,1.88,2888.00,56.81,"  1,624,139.42 ",144.23,"  81,111.68 ",26.49,29.17,3.95%,0.99,52.00,9.97%,-2.96%,12.93%
2015.02,2082.20,40.35,100.27,234.72,2015.12,1.98,2952.10,57.21,"  1,662,868.87 ",142.16,"  80,076.78 ",27.00,29.72,3.76%,1.00,51.39,9.78%,-2.71%,12.49%
2015.03,2079.99,40.81,99.25,236.12,2015.21,2.04,2931.52,57.52,"  1,653,975.87 ",139.88,"  78,922.06 ",26.73,29.42,3.72%,1.01,50.90,9.16%,-2.47%,11.64%
2015.04,2094.86,41.12,97.80,236.60,2015.29,1.94,2946.49,57.84,"  1,665,140.08 ",137.56,"  77,740.88 ",26.79,29.48,3.77%,0.98,51.34,8.45%,-2.55%,11.00%
2015.05,2111.94,41.43,96.36,237.81,2015.37,2.20,2955.45,57.98,"  1,672,933.41 ",134.84,"  76,327.11 ",26.81,29.49,3.57%,0.99,49.98,9.25%,-2.39%,11.63%
2015.06,2099.29,41.74,94.91,238.64,2015.46,2.36,2927.49,58.21,"  1,659,853.99 ",132.35,"  75,042.87 ",26.50,29.14,3.48%,1.01,49.19,9.71%,-2.20%,11.91%
2015.07,2094.14,42.00,93.49,238.65,2015.54,2.32,2920.11,58.56,"  1,658,437.97 ",130.37,"  74,041.32 ",26.38,29.01,3.49%,1.02,49.46,10.19%,-2.24%,12.43%
2015.08,2039.87,42.25,92.08,238.32,2015.62,2.17,2848.47,59.00,"  1,620,542.91 ",128.58,"  73,148.87 ",25.69,28.25,3.68%,1.00,50.29,10.62%,-2.29%,12.91%
2015.09,1944.41,42.51,90.66,237.95,2015.71,2.17,2719.40,59.45,"  1,549,933.36 ",126.79,"  72,267.14 ",24.50,26.94,3.73%,1.01,50.46,11.40%,-2.20%,13.60%
2015.1,2024.81,42.80,89.28,237.84,2015.79,2.07,2833.12,59.89,"  1,617,592.72 ",124.93,"  71,327.22 ",25.49,28.03,3.64%,0.98,51.02,11.17%,-2.24%,13.42%
2015.11,2080.62,43.10,87.91,237.34,2015.87,2.26,2917.37,60.43,"  1,668,569.49 ",123.26,"  70,497.44 ",26.23,28.83,3.40%,1.00,50.36,10.89%,-2.07%,12.96%
2015.12,2054.08,43.39,86.53,236.53,2015.96,2.24,2890.03,61.05,"  1,655,843.45 ",121.75,"  69,753.92 ",25.97,28.54,3.47%,1.02,50.71,11.17%,-2.15%,13.31%
2016.01,1918.60,43.55,86.50,236.92,2016.04,2.09,2694.96,61.18,"  1,546,998.19 ",121.50,"  69,746.35 ",24.21,26.61,3.84%,1.03,51.40,12.02%,-2.34%,14.35%
2016.02,1904.42,43.72,86.47,237.11,2016.12,1.78,2672.84,61.36,"  1,537,236.82 ",121.36,"  69,798.08 ",24.00,26.39,4.17%,0.99,52.90,11.99%,-2.56%,14.55%
2016.03,2021.95,43.88,86.44,238.13,2016.21,1.89,2825.63,61.32,"  1,628,047.62 ",120.80,"  69,600.35 ",25.37,27.89,3.82%,1.01,52.23,10.85%,-2.60%,13.45%
2016.04,2075.54,44.07,86.60,239.26,2016.29,1.81,2886.83,61.30,"  1,666,255.03 ",120.45,"  69,522.96 ",25.92,28.50,3.78%,1.00,52.44,11.03%,-2.71%,13.74%
2016.05,2065.55,44.27,86.76,240.23,2016.37,1.81,2861.36,61.32,"  1,654,502.69 ",120.19,"  69,494.64 ",25.69,28.24,3.81%,1.02,52.31,11.55%,-2.78%,14.33%
2016.06,2083.89,44.46,86.92,241.02,2016.46,1.64,2877.32,61.39,"  1,666,686.70 ",120.01,"  69,518.26 ",25.84,28.40,3.97%,1.01,53.02,,,
2016.07,2148.90,44.65,87.64,240.63,2016.54,1.50,2971.89,61.75,"  1,724,447.73 ",121.21,"  70,331.96 ",26.69,29.33,3.94%,1.00,53.87,,,
2016.08,2170.95,44.84,88.37,240.85,2016.62,1.56,2999.63,61.96,"  1,743,539.67 ",122.10,"  70,969.29 ",26.95,29.61,3.83%,0.99,53.59,,,
2016.09,2157.69,45.03,89.09,241.43,2016.71,1.63,2974.16,62.07,"  1,731,740.88 ",122.80,"  71,502.76 ",26.73,29.36,3.87%,0.99,53.19,,,
2016.1,2143.02,45.25,90.91,241.73,2016.79,1.76,2950.26,62.30,"  1,720,848.08 ",125.15,"  73,000.86 ",26.53,29.13,3.83%,0.97,52.56,,,
2016.11,2164.99,45.48,92.73,241.35,2016.87,2.14,2985.15,62.70,"  1,744,246.28 ",127.86,"  74,708.87 ",26.85,29.48,3.41%,0.97,50.94,,,
2016.12,2246.63,45.70,94.55,241.43,2016.96,2.49,3096.70,62.99,"  1,812,495.33 ",130.33,"  76,279.33 ",27.87,30.59,2.91%,1.01,49.45,,,
2017.01,2275.12,45.93,96.46,242.84,2017.04,2.43,3117.80,62.94,"  1,827,915.04 ",132.19,"  77,502.19 ",28.06,30.79,2.97%,1.00,49.52,,,
2017.02,2329.91,46.15,98.38,243.60,2017.12,2.42,3182.87,63.05,"  1,869,144.90 ",134.39,"  78,921.61 ",28.66,31.43,2.88%,1.00,49.51,,,
2017.03,2366.82,46.38,100.29,243.80,2017.21,2.48,3230.67,63.31,"  1,900,311.63 ",136.89,"  80,522.50 ",29.09,31.89,2.69%,1.02,49.31,,,
2017.04,2359.31,46.66,101.53,244.52,2017.29,2.30,3210.89,63.50,"  1,891,793.63 ",138.18,"  81,413.68 ",28.90,31.67,2.86%,1.00,50.05,,,
2017.05,2395.35,46.94,102.78,244.73,2017.37,2.30,3257.16,63.83,"  1,922,185.61 ",139.75,"  82,474.72 ",29.31,32.10,2.75%,1.01,50.10,,,
2017.06,2433.99,47.22,104.02,244.96,2017.46,2.19,3306.70,64.15,"  1,954,577.56 ",141.32,"  83,531.63 ",29.75,32.56,2.80%,0.99,50.64,,,
2017.07,2454.10,47.54,105.04,244.79,2017.54,2.32,3336.32,64.63,"  1,975,270.50 ",142.80,"  84,545.22 ",30.00,32.82,2.64%,1.01,50.19,,,
2017.08,2456.22,47.85,106.06,245.52,2017.62,2.21,3329.24,64.86,"  1,974,274.69 ",143.76,"  85,249.52 ",29.91,32.71,2.81%,1.00,50.62,,,
2017.09,2492.84,48.17,107.08,246.82,2017.71,2.20,3361.08,64.95,"  1,996,365.29 ",144.38,"  85,753.92 ",30.17,32.97,2.82%,0.99,50.49,,,
2017.1,2557.00,48.42,108.01,246.66,2017.79,2.36,3449.76,65.33,"  2,052,275.90 ",145.73,"  86,692.67 ",30.92,33.78,2.55%,1.00,49.91,,,
2017.11,2593.61,48.68,108.95,246.67,2017.87,2.35,3499.07,65.67,"  2,084,864.47 ",146.98,"  87,576.40 ",31.30,34.17,2.46%,1.00,50.05,,,
2017.12,2664.34,48.93,109.88,246.52,2017.96,2.40,3596.61,66.05,"  2,146,259.86 ",148.33,"  88,513.87 ",32.09,35.02,2.33%,0.99,49.95,,,
2018.01,2789.80,49.29,111.73,247.87,2018.04,2.58,3745.56,66.17,"  2,238,438.34 ",150.01,"  89,650.93 ",33.31,36.33,2.04%,0.98,49.00,,,
2018.02,2705.16,49.64,113.59,248.99,2018.12,2.86,3615.53,66.35,"  2,164,032.27 ",151.81,"  90,865.31 ",32.04,34.93,1.90%,1.00,47.71,,,
2018.03,2702.77,50.00,115.44,249.55,2018.21,2.84,3604.18,66.68,"  2,160,568.23 ",153.94,"  92,281.62 ",31.81,34.68,1.88%,1.00,47.79,,,
2018.04,2653.63,50.33,117.79,250.55,2018.29,2.87,3524.64,66.85,"  2,116,226.77 ",156.45,"  93,932.95 ",30.97,33.75,1.91%,0.99,47.59,,,
2018.05,2701.49,50.66,120.13,251.59,2018.37,2.98,3573.35,67.01,"  2,148,824.27 ",158.90,"  95,556.68 ",31.24,34.04,1.73%,1.01,47.08,,,
2018.06,2754.35,50.99,122.48,251.99,2018.46,2.91,3637.47,67.34,"  2,190,758.35 ",161.75,"  97,418.30 ",31.63,34.46,1.67%,1.00,47.39,,,
2018.07,2793.64,51.44,125.12,252.01,2018.54,2.89,3689.11,67.93,"  2,225,268.29 ",165.22,"  99,661.43 ",31.89,34.73,1.62%,1.00,47.58,,,
2018.08,2857.82,51.89,127.75,252.15,2018.62,2.89,3771.77,68.48,"  2,278,569.30 ",168.61,"  101,859.05 ",32.39,35.27,1.61%,0.99,47.67,,,
2018.09,2901.50,52.34,130.39,252.44,2018.71,3.00,3824.97,69.00,"  2,314,184.28 ",171.89,"  103,996.72 ",32.62,35.52,1.51%,0.99,47.28,,,
2018.1,2785.46,52.81,131.06,252.89,2018.79,3.15,3665.53,69.50,"  2,221,218.52 ",172.46,"  104,508.95 ",31.04,33.79,1.63%,1.01,46.71,,,
2018.11,2723.23,53.28,131.72,252.04,2018.87,3.12,3595.68,70.35,"  2,182,444.62 ",173.92,"  105,565.41 ",30.20,32.88,1.92%,1.03,47.11,,,
2018.12,2567.31,53.75,132.39,251.23,2018.96,2.83,3400.67,71.20,"  2,067,681.35 ",175.36,"  106,625.35 ",28.29,30.82,2.50%,1.01,48.57,,,
2019.01,2607.39,54.15,133.06,251.71,2019.04,2.71,3447.18,71.59,"  2,099,592.33 ",175.91,"  107,143.45 ",28.38,30.93,2.59%,1.00,49.10,,,
2019.02,2754.86,54.54,133.72,252.78,2019.12,2.68,3626.82,71.81,"  2,212,649.16 ",176.05,"  107,403.94 ",29.54,32.21,2.47%,1.01,49.13,,,
2019.03,2803.98,54.94,134.39,254.20,2019.21,2.57,3670.78,71.92,"  2,243,124.33 ",175.93,"  107,509.14 ",29.58,32.26,2.61%,1.01,49.43,,,
2019.04,2903.80,55.32,134.68,255.55,2019.29,2.53,3781.44,72.04,"  2,314,411.23 ",175.39,"  107,346.45 ",30.13,32.88,2.61%,1.01,49.45,,,
2019.05,2854.71,55.70,134.98,256.09,2019.37,2.40,3709.61,72.38,"  2,274,143.42 ",175.40,"  107,526.26 ",29.24,31.93,2.84%,1.03,50.01,,,
2019.06,2890.17,56.08,135.27,256.14,2019.46,2.06,3754.94,72.86,"  2,305,655.44 ",175.74,"  107,912.69 ",29.28,31.99,3.09%,1.04,51.63,,,
2019.07,2996.11,56.46,134.48,256.57,2019.54,1.63,3886.09,73.23,"  2,389,932.68 ",174.43,"  107,271.68 ",29.99,32.77,3.47%,1.00,53.66,,,
2019.08,2897.50,56.84,133.69,256.56,2019.62,1.63,3758.37,73.73,"  2,315,164.92 ",173.41,"  106,821.26 ",28.71,31.39,3.60%,0.99,53.73,,,
2019.09,2982.16,57.22,132.90,256.76,2019.71,1.70,3865.16,74.16,"  2,384,750.06 ",172.25,"  106,276.56 ",29.23,31.97,3.47%,1.00,53.42,,,
2019.1,2977.68,57.56,135.09,257.35,2019.79,1.71,3850.55,74.43,"  2,379,566.35 ",174.69,"  107,955.06 ",28.84,31.56,3.52%,0.99,53.33,,,
2019.11,3104.90,57.90,137.28,257.21,2019.87,1.81,4017.23,74.91,"  2,486,424.96 ",177.62,"  109,934.60 ",29.84,32.66,3.29%,1.00,52.95,,,
2019.12,3176.75,58.24,139.47,256.97,2019.96,1.86,4113.92,75.42,"  2,550,165.50 ",180.62,"  111,960.85 ",30.33,33.21,3.19%,1.01,52.84,,,
2020.01,3278.20,58.69,131.76,257.97,2020.04,1.76,4228.90,75.71,"  2,625,348.32 ",169.97,"  105,517.31 ",30.99,33.92,3.23%,1.03,53.19,,,
2020.02,3277.31,59.13,124.04,258.68,2020.12,1.50,4216.20,76.07,"  2,621,398.84 ",159.58,"  99,217.54 ",30.73,33.64,3.54%,1.06,54.39,,,
2020.03,2652.39,59.58,116.33,258.12,2020.21,0.87,3419.69,76.82,"  2,130,156.20 ",149.98,"  93,425.45 ",24.82,27.18,4.88%,1.02,57.84,,,
2020.04,2761.98,59.61,110.63,256.39,2020.29,0.66,3584.95,77.38,"  2,237,111.08 ",143.59,"  89,606.74 ",25.93,28.41,4.83%,1.00,59.45,,,
2020.05,2919.62,59.65,104.93,256.39,2020.37,0.67,3789.48,77.42,"  2,368,774.02 ",136.19,"  85,132.96 ",27.33,29.95,4.62%,0.99,59.42,,,
2020.06,3104.66,59.68,99.23,257.80,2020.46,0.73,4007.73,77.04,"  2,509,211.99 ",128.09,"  80,198.49 ",28.84,31.61,4.43%,1.01,58.79,,,
2020.07,3207.62,59.40,98.89,259.10,2020.54,0.62,4119.80,76.30,"  2,583,357.23 ",127.02,"  79,646.87 ",29.60,32.45,4.50%,1.00,59.15,,,
2020.08,3391.71,59.13,98.56,259.92,2020.62,0.65,4342.55,75.70,"  2,726,990.17 ",126.19,"  79,241.17 ",31.16,34.17,4.32%,1.00,58.83,,,
2020.09,3365.52,58.85,98.22,260.28,2020.71,0.68,4303.02,75.24,"  2,706,104.42 ",125.58,"  78,975.56 ",30.84,33.82,4.33%,0.99,58.61,,,
2020.1,3418.70,58.66,96.86,260.39,2020.79,0.79,4369.21,74.97,"  2,751,657.29 ",123.79,"  77,958.36 ",31.28,34.31,4.17%,0.99,58.00,,,
2020.11,3548.99,58.47,95.49,260.23,2020.87,0.87,4538.49,74.77,"  2,862,195.99 ",122.12,"  77,013.59 ",32.47,35.61,3.96%,1.00,57.63,,,
2020.12,3695.31,58.28,94.13,260.47,2020.96,0.93,4721.16,74.46,"  2,981,308.21 ",120.26,"  75,942.35 ",33.77,37.03,3.77%,0.99,57.29,,,
2021.01,3793.75,58.06,105.49,261.58,2021.04,1.08,4826.40,73.87,"  3,051,649.19 ",134.20,"  84,852.31 ",34.51,37.84,3.55%,0.98,56.29,,,
2021.02,3883.43,57.85,116.84,263.01,2021.12,1.26,4913.59,73.19,"  3,110,638.66 ",147.84,"  93,591.80 ",35.10,38.48,3.33%,0.97,55.10,,,
2021.03,3910.51,57.63,128.20,264.88,2021.21,1.61,4913.05,72.41,"  3,114,115.63 ",161.07,"  102,091.49 ",35.04,38.40,2.96%,1.00,53.01,,,
2021.04,4141.18,57.71,138.39,267.05,2021.29,1.64,5160.44,71.91,"  3,274,722.15 ",172.45,"  109,432.17 ",36.72,40.22,2.82%,1.00,52.51,,,
2021.05,4167.85,57.79,148.57,269.20,2021.37,1.62,5152.38,71.44,"  3,273,379.68 ",183.67,"  116,687.74 ",36.55,40.01,2.88%,1.01,52.26,,,
2021.06,4238.49,57.87,158.76,271.70,2021.46,1.52,5191.47,70.88,"  3,301,969.27 ",194.46,"  123,681.00 ",36.70,40.15,3.08%,1.02,52.32,,,
2021.07,4363.71,58.33,164.32,273.00,2021.54,1.32,5319.26,71.10,"  3,387,017.08 ",200.30,"  127,538.95 ",37.44,40.94,3.26%,1.00,53.10,,,
2021.08,4454.21,58.79,169.87,273.57,2021.62,1.28,5418.38,71.52,"  3,453,923.34 ",206.64,"  131,724.81 ",37.97,41.49,3.26%,0.99,53.25,,,
2021.09,4445.54,59.25,175.43,274.31,2021.71,1.37,5393.19,71.89,"  3,441,687.22 ",212.83,"  135,815.84 ",37.62,41.07,3.20%,0.98,52.72,,,
2021.1,4460.71,59.64,182.91,276.59,2021.79,1.58,5367.00,71.75,"  3,428,787.51 ",220.07,"  140,596.44 ",37.25,40.64,3.13%,1.00,51.34,,,
2021.11,4667.39,60.02,190.39,277.95,2021.87,1.56,5588.21,71.86,"  3,573,938.81 ",227.95,"  145,786.55 ",38.58,42.05,3.11%,1.01,51.25,,,
2021.12,4674.77,60.40,197.87,278.80,2021.96,1.47,5579.91,72.09,"  3,572,471.99 ",236.18,"  151,212.71 ",38.30,41.72,3.28%,0.97,51.58,,,
2022.01,4573.82,60.92,197.88,281.15,2022.04,1.76,5413.85,72.11,"  3,470,001.36 ",234.23,"  150,127.49 ",36.94,40.19,3.12%,0.99,49.86,,,
2022.02,4435.98,61.45,197.90,283.72,2022.12,1.93,5203.17,72.07,"  3,338,818.59 ",232.12,"  148,950.40 ",35.29,38.37,3.13%,0.98,48.73,,,
2022.03,4391.27,61.97,197.91,287.50,2022.21,2.13,5082.86,71.73,"  3,265,451.44 ",229.08,"  147,170.68 ",34.27,37.24,3.07%,0.95,47.30,,,
2022.04,4391.30,62.65,196.03,289.11,2022.29,2.75,5054.68,72.12,"  3,251,206.92 ",225.64,"  145,133.29 ",33.89,36.80,2.51%,0.99,44.60,,,
2022.05,4040.36,63.34,194.14,292.30,2022.37,2.90,4600.02,72.11,"  2,962,631.68 ",221.04,"  142,357.41 ",30.67,33.29,2.79%,0.98,43.64,,,
2022.06,3898.95,64.02,192.26,296.31,2022.46,3.14,4378.87,71.90,"  2,824,059.48 ",215.93,"  139,256.50 ",29.05,31.52,2.89%,1.02,42.27,,,
2022.07,3911.73,64.45,190.58,296.28,2022.54,2.90,4393.74,72.39,"  2,837,543.76 ",214.07,"  138,247.94 ",29.00,31.46,3.15%,1.00,43.26,,,
2022.08,4158.56,64.89,188.91,296.17,2022.62,2.90,4672.65,72.91,"  3,021,588.39 ",212.26,"  137,258.52 ",30.70,33.28,2.90%,0.95,43.38,,,
2022.09,3850.52,65.32,187.23,296.81,2022.71,3.52,4317.24,73.24,"  2,795,708.43 ",209.92,"  135,940.19 ",28.23,30.60,2.54%,0.97,41.15,,,
2022.1,3726.05,65.85,182.40,298.01,2022.79,3.98,4160.81,73.54,"  2,698,374.55 ",203.69,"  132,094.95 ",27.08,29.35,2.28%,1.01,39.56,,,
2022.11,3917.49,66.39,177.58,297.71,2022.87,3.89,4379.00,74.21,"  2,843,890.81 ",198.50,"  128,911.33 ",28.38,30.75,2.24%,1.03,40.03,,,
2022.12,3912.38,66.92,172.75,296.80,2022.96,3.62,4386.76,75.03,"  2,852,990.26 ",193.70,"  125,972.92 ",28.32,30.68,2.51%,1.01,41.18,,,
2023.01,3960.66,67.35,173.56,299.17,2023.04,3.53,4405.67,74.92,"  2,869,345.09 ",193.06,"  125,735.21 ",28.33,30.69,2.65%,0.98,41.29,,,
2023.02,4079.68,67.78,174.36,300.84,2023.12,3.75,4512.88,74.98,"  2,943,239.04 ",192.88,"  125,792.31 ",28.92,31.32,2.33%,1.01,40.43,,,
2023.03,3968.56,68.21,175.17,301.84,2023.21,3.66,4375.47,75.20,"  2,857,708.49 ",193.13,"  126,137.67 ",27.94,30.25,2.55%,1.02,40.72,,,
2023.04,4121.47,68.38,177.12,303.36,2023.29,3.46,4521.18,75.01,"  2,956,959.48 ",194.29,"  127,072.90 ",28.76,31.15,2.71%,0.99,41.32,,,
2023.05,4146.17,68.54,179.06,304.13,2023.37,3.57,4536.85,75.00,"  2,971,299.77 ",195.94,"  128,323.35 ",28.76,31.14,2.61%,0.99,40.96,,,
2023.06,4345.37,68.71,181.01,305.11,2023.46,3.75,4739.52,74.94,"  3,108,121.05 ",197.43,"  129,471.28 ",29.94,32.41,2.30%,0.99,40.34,,,
2023.07,4508.08,68.91,182.09,305.69,2023.54,3.90,4907.62,75.02,"  3,222,458.22 ",198.23,"  130,161.40 ",30.89,33.43,2.06%,0.98,39.89,,,
2023.08,4457.36,69.11,183.17,307.03,2023.62,4.17,4831.31,74.91,"  3,176,449.72 ",198.54,"  130,532.53 ",30.30,32.78,1.89%,0.99,38.98,,,
2023.09,4409.10,69.31,184.25,307.79,2023.71,4.38,4767.15,74.94,"  3,138,372.49 ",199.21,"  131,148.26 ",29.80,32.23,1.75%,0.97,38.36,,,
2023.1,4269.40,69.64,186.98,307.67,2023.79,4.80,4617.88,75.33,"  3,044,236.99 ",202.24,"  133,321.11 ",28.77,31.11,1.47%,1.03,37.25,,,
2023.11,4460.06,69.97,189.70,307.05,2023.87,4.50,4833.85,75.84,"  3,190,773.84 ",205.60,"  135,715.66 ",30.01,32.45,1.63%,1.04,38.37,,,
2023.12,4685.05,70.30,192.43,306.75,2023.96,4.02,5082.74,76.27,"  3,359,260.78 ",208.76,"  137,975.55 ",31.45,33.99,1.95%,1.00,40.05,,,
2024.01,4815.61,70.48,192.08,308.42,2024.04,4.06,5196.08,76.05,"  3,438,356.88 ",207.26,"  137,147.84 ",32.05,34.62,1.86%,0.99,39.84,,,
2024.02,5011.96,70.65,191.74,310.33,2024.12,4.21,5374.67,75.76,"  3,560,713.51 ",205.61,"  136,217.99 ",33.04,35.68,1.65%,1.00,39.25,,,
2024.03,5170.57,70.82,191.39,312.33,2024.21,4.21,5509.15,75.46,"  3,653,970.80 ",203.92,"  135,252.62 ",33.75,36.44,1.58%,0.98,39.13,,,
2024.04,5112.49,71.21,193.18,313.55,2024.29,4.54,5426.14,75.58,"  3,603,092.25 ",205.03,"  136,145.99 ",33.14,35.76,1.31%,1.01,38.09,,,
2024.05,5235.23,71.59,194.97,314.07,2024.37,4.48,5547.19,75.86,"  3,687,666.75 ",206.59,"  137,335.90 ",33.77,36.43,1.30%,1.02,38.36,,,
2024.06,5415.14,71.98,196.76,314.18,2024.46,4.31,5735.89,76.24,"  3,817,334.61 ",208.41,"  138,703.47 ",34.81,37.53,1.36%,1.01,39.01,,,
2024.07,5538.00,72.45,197.93,314.54,2024.54,4.25,5859.22,76.65,"  3,903,666.95 ",209.41,"  139,518.27 ",35.44,38.20,1.39%,1.03,39.30,,,
2024.08,5478.21,72.93,199.10,314.80,2024.62,3.87,5791.25,77.09,"  3,862,661.67 ",210.48,"  140,384.41 ",34.92,37.62,1.84%,1.02,40.63,,,
2024.09,5621.26,73.40,200.27,315.30,2024.71,3.72,5932.95,77.47,"  3,961,480.42 ",211.37,"  141,136.62 ",35.66,38.40,1.94%,0.97,41.20,,,
2024.1,5792.32,73.88,203.57,315.66,2024.79,4.10,6106.47,77.88,"  4,081,670.67 ",214.61,"  143,449.56 ",36.59,39.38,1.52%,0.98,40.01,,,
2024.11,5929.92,74.35,206.87,315.49,2024.87,4.36,6254.91,78.43,"  4,185,264.19 ",218.21,"  146,006.39 ",37.35,40.18,1.26%,1.00,39.33,,,
2024.12,6010.91,74.83,210.17,315.61,2024.96,4.39,6338.09,78.91,"  4,245,322.00 ",221.61,"  148,436.68 ",37.71,40.54,1.26%,0.98,39.36,,,
2025.01,5979.52,75.27,212.34,317.67,2025.04,4.63,6263.99,78.85,"  4,200,085.68 ",222.45,"  149,152.59 ",37.13,39.90,1.18%,1.02,38.50,,,
2025.02,6038.69,75.71,214.52,319.08,2025.12,4.45,6298.00,78.96,"  4,227,305.65 ",223.73,"  150,169.58 ",37.19,39.94,1.36%,1.02,39.03,,,
2025.03,5683.98,76.15,216.69,319.80,2025.21,4.28,5914.77,79.24,"  3,974,508.94 ",225.49,"  151,519.86 ",34.78,37.35,1.67%,1.00,39.63,,,
2025.04,5369.50,76.55,218.64,320.80,2025.29,4.28,5570.17,79.41,"  3,747,393.72 ",226.81,"  152,587.45 ",32.62,35.02,1.88%,0.99,39.64,,,
2025.05,5810.92,76.95,220.58,321.47,2025.37,4.42,6015.53,79.66,"  4,051,478.72 ",228.35,"  153,794.71 ",35.08,37.64,1.49%,1.01,39.26,,,
2025.06,6029.95,77.35,222.53,322.56,2025.46,4.38,6221.06,79.80,"  4,194,385.64 ",229.58,"  154,790.07 ",36.11,38.73,1.45%,1.00,39.39,,,
2025.07,6296.50,77.73,226.77,323.05,2025.54,4.39,6486.26,80.07,"  4,377,689.47 ",233.60,"  157,663.61 ",37.47,40.18,1.35%,1.01,39.45,,,
2025.08,6408.95,78.10,231.01,323.98,2025.62,4.26,6583.19,80.23,"  4,447,620.90 ",237.29,"  160,314.09 ",37.85,40.56,1.50%,1.01,39.89,,,
2025.09,6584.02,78.48,235.25,324.80,2025.71,4.12,6745.86,80.41,"  4,562,048.75 ",241.03,"  163,004.10 ",38.58,41.33,1.63%,1.01,40.38,,,
2025.1,6735.69,78.83,241.20,325.21,2025.79,4.06,6892.52,80.66,"  4,665,776.18 ",246.82,"  167,080.21 ",39.21,41.98,1.67%,1.00,40.67,,,
2025.11,6740.89,79.17,247.16,324.12,2025.87,4.09,6921.03,81.29,"  4,689,662.46 ",253.76,"  171,947.93 ",39.14,41.90,1.63%,1.00,40.84,,,
2025.12,6853.03,79.52,253.11,324.05,2025.96,4.14,7037.65,81.66,"  4,773,290.12 ",259.93,"  176,296.95 ",39.56,42.32,1.59%,1.00,40.83,,,
2026.01,6929.12,79.67,261.11,325.25,2026.04,4.21,7089.58,81.51,"  4,813,123.74 ",267.15,"  181,370.55 ",39.59,42.34,1.54%,1.01,40.59,,,
2026.02,6893.81,79.82,269.10,326.79,2026.12,4.13,7020.36,81.29,"  4,770,727.35 ",274.04,"  186,227.84 ",38.94,41.63,1.70%,0.99,40.80,,,
2026.03,6654.42,79.97,277.10,330.21,2026.21,4.25,6706.23,80.59,"  4,561,821.93 ",279.26,"  189,961.11 ",36.94,39.47,1.78%,1.00,40.12,,,
2026.04,6957.01,,,331.93,2026.29,4.32,6974.97,,"  4,744,628.84 ",,,38.14,40.70,1.63%,0.99,39.83,,,
2026.05,7259.22,,,332.78,2026.37,4.45,7259.22,,"  4,937,986.15 ",,,39.58,42.22,1.39%,,39.46,,,